<?xml version="1.0" encoding="UTF-8"?>
<!DOCTYPE X3D PUBLIC "ISO//Web3D//DTD X3D 3.1//EN" "http://www.web3d.org/specifications/x3d-3.1.dtd">
<X3D profile="Immersive" version="3.1" xsd:noNamespaceSchemaLocation="http://www.web3d.org/specifications/x3d-3.1.xsd" xmlns:xsd="http://www.w3.org/2001/XMLSchema-instance">
 <head>
  <meta name="title" content="puerta_simplificada_con_textura.x3d"/>
  <meta name="description" content="Generated from Meshlab X3D Exported"/>
  <meta name="created" content="6 July 2025"/>
  <meta name="generator" content="Meshlab X3D Exported, http://www.meshlab.net"/>
 </head>
 <Scene>
  <Shape>
   <Appearance>
    <ImageTexture url="&quot;False door of Ptahshepses_tex.png&quot;"/>
   </Appearance>
   <IndexedFaceSet texCoordIndex="0 1 2 -1 3 4 5 -1 6 7 8 -1 0 2 9 -1 10 9 11 -1 12 13 14 -1 11 15 10 -1 6 8 16 -1 17 18 19 -1 6 13 12 -1 20 10 15 -1 4 3 21 -1 9 10 22 -1 11 9 2 -1 23 16 8 -1 24 0 9 -1 10 20 22 -1 25 1 26 -1 13 6 16 -1 27 28 29 -1 19 30 31 -1 18 32 33 -1 34 35 36 -1 37 38 32 -1 39 40 41 -1 40 42 4 -1 41 40 4 -1 7 6 43 -1 4 42 44 -1 45 46 47 -1 48 34 49 -1 50 36 35 -1 51 36 50 -1 21 41 4 -1 37 7 52 -1 49 53 48 -1 51 50 45 -1 7 37 54 -1 54 8 7 -1 47 46 12 -1 11 2 49 -1 2 53 49 -1 11 36 55 -1 44 42 56 -1 12 14 47 -1 8 54 31 -1 51 55 36 -1 44 56 48 -1 8 31 23 -1 37 32 54 -1 34 36 11 -1 15 11 55 -1 46 43 6 -1 49 34 11 -1 6 12 46 -1 55 51 28 -1 55 28 15 -1 31 54 17 -1 54 32 17 -1 29 28 51 -1 32 18 17 -1 3 57 58 -1 58 59 3 -1 47 51 45 -1 19 31 17 -1 58 57 25 -1 47 29 51 -1 32 38 33 -1 20 15 27 -1 57 60 25 -1 60 1 25 -1 28 27 15 -1 4 44 5 -1 30 23 31 -1 57 3 5 -1 1 53 2 -1 47 14 29 -1 5 61 57 -1 61 48 60 -1 45 62 46 -1 61 60 57 -1 43 46 62 -1 7 43 52 -1 60 48 53 -1 1 60 53 -1 50 35 63 -1 62 45 50 -1 61 44 48 -1 44 61 5 -1 38 37 52 -1 35 34 64 -1 65 27 29 -1 18 33 66 -1 67 19 18 -1 13 68 14 -1 14 65 29 -1 67 30 19 -1 26 1 0 -1 69 18 66 -1 58 25 26 -1 0 24 70 -1 22 24 9 -1 59 58 71 -1 63 72 73 -1 74 75 76 -1 74 77 75 -1 63 73 78 -1 74 38 77 -1 79 43 62 -1 63 80 81 -1 82 39 83 -1 38 74 84 -1 85 83 39 -1 33 38 84 -1 39 82 40 -1 66 33 84 -1 39 41 85 -1 52 86 87 -1 87 75 52 -1 88 89 82 -1 41 21 85 -1 3 59 21 -1 21 59 90 -1 71 90 59 -1 89 40 82 -1 40 89 42 -1 91 85 21 -1 92 68 13 -1 13 16 92 -1 23 30 93 -1 14 68 94 -1 69 67 18 -1 65 14 94 -1 95 20 96 -1 67 97 30 -1 98 58 26 -1 26 0 99 -1 100 101 73 -1 84 74 102 -1 58 98 71 -1 84 102 103 -1 104 105 106 -1 66 84 103 -1 106 105 107 -1 74 76 108 -1 102 74 108 -1 56 109 106 -1 70 99 0 -1 27 96 20 -1 106 107 56 -1 105 110 107 -1 64 56 107 -1 107 110 100 -1 80 63 78 -1 100 73 107 -1 72 64 107 -1 107 73 72 -1 88 111 89 -1 83 85 112 -1 86 81 80 -1 109 89 111 -1 113 114 88 -1 88 82 113 -1 83 113 82 -1 115 75 116 -1 87 116 75 -1 75 115 76 -1 86 117 87 -1 106 109 111 -1 79 86 52 -1 77 52 75 -1 101 78 73 -1 104 106 111 -1 38 52 77 -1 63 35 72 -1 89 109 42 -1 42 109 56 -1 63 62 50 -1 78 118 80 -1 79 52 43 -1 86 80 118 -1 117 86 118 -1 63 81 62 -1 64 48 56 -1 34 48 64 -1 79 62 81 -1 35 64 72 -1 86 79 81 -1 70 24 119 -1 93 16 23 -1 27 65 120 -1 120 65 94 -1 92 16 121 -1 94 68 122 -1 22 20 123 -1 88 124 111 -1 125 126 127 -1 128 115 116 -1 129 130 131 -1 130 129 118 -1 114 113 132 -1 108 115 128 -1 132 133 114 -1 76 115 108 -1 134 118 129 -1 101 127 126 -1 113 83 132 -1 132 83 112 -1 101 126 130 -1 126 131 130 -1 135 134 129 -1 111 136 104 -1 137 134 138 -1 136 139 104 -1 140 69 66 -1 124 88 114 -1 125 105 139 -1 139 105 104 -1 116 87 137 -1 91 112 85 -1 91 21 141 -1 21 90 141 -1 142 90 71 -1 24 22 123 -1 98 26 143 -1 99 143 26 -1 120 94 144 -1 96 27 120 -1 144 94 122 -1 93 145 16 -1 93 30 97 -1 68 92 122 -1 119 24 123 -1 92 121 122 -1 143 99 146 -1 147 114 133 -1 146 70 148 -1 99 70 146 -1 108 128 149 -1 136 150 151 -1 149 152 108 -1 102 108 152 -1 103 102 152 -1 139 136 151 -1 20 95 153 -1 129 154 135 -1 150 136 155 -1 103 140 66 -1 155 124 156 -1 157 158 139 -1 114 156 124 -1 111 155 136 -1 124 155 111 -1 158 125 139 -1 138 134 135 -1 126 125 159 -1 159 160 126 -1 141 90 161 -1 117 134 87 -1 125 158 159 -1 137 87 134 -1 110 105 125 -1 110 125 127 -1 110 127 100 -1 127 101 100 -1 101 130 78 -1 78 130 118 -1 118 134 117 -1 121 16 145 -1 142 71 98 -1 20 153 123 -1 97 67 69 -1 97 162 93 -1 90 142 161 -1 162 145 93 -1 163 164 154 -1 165 166 167 -1 168 169 170 -1 169 171 170 -1 168 170 172 -1 173 174 175 -1 176 177 178 -1 179 175 174 -1 166 178 177 -1 180 178 166 -1 170 181 172 -1 181 150 155 -1 151 150 181 -1 182 156 183 -1 156 182 155 -1 183 156 147 -1 156 114 147 -1 157 139 151 -1 91 184 112 -1 166 177 167 -1 185 186 160 -1 148 70 119 -1 160 186 187 -1 186 188 189 -1 190 187 186 -1 186 189 190 -1 131 187 190 -1 160 187 126 -1 131 126 187 -1 189 188 191 -1 189 191 192 -1 192 190 189 -1 131 190 192 -1 129 131 192 -1 191 163 192 -1 154 192 163 -1 192 154 129 -1 69 193 97 -1 120 144 194 -1 98 143 195 -1 196 195 143 -1 97 193 197 -1 198 169 199 -1 169 200 171 -1 168 199 169 -1 182 201 172 -1 172 181 182 -1 155 182 181 -1 182 183 202 -1 183 147 203 -1 204 168 172 -1 204 172 201 -1 205 148 206 -1 148 205 146 -1 148 119 206 -1 95 96 207 -1 96 208 207 -1 200 209 171 -1 209 210 211 -1 69 140 193 -1 209 211 176 -1 188 212 191 -1 163 191 212 -1 176 213 177 -1 177 213 167 -1 200 214 209 -1 214 215 209 -1 209 215 210 -1 180 174 173 -1 210 216 211 -1 211 217 176 -1 171 218 170 -1 219 171 209 -1 171 219 220 -1 220 218 171 -1 176 219 209 -1 221 220 219 -1 217 213 176 -1 176 178 219 -1 219 178 221 -1 222 221 178 -1 223 173 185 -1 178 180 222 -1 173 222 180 -1 175 185 173 -1 223 185 159 -1 160 159 185 -1 179 186 175 -1 186 185 175 -1 186 179 188 -1 133 132 224 -1 132 112 224 -1 181 170 218 -1 181 218 225 -1 218 220 225 -1 103 152 226 -1 151 181 225 -1 157 151 225 -1 227 225 220 -1 220 221 227 -1 228 227 221 -1 225 227 157 -1 227 228 158 -1 158 157 227 -1 200 198 229 -1 198 200 169 -1 228 221 222 -1 215 230 210 -1 228 223 159 -1 159 158 228 -1 229 214 200 -1 228 222 223 -1 222 173 223 -1 217 211 216 -1 224 112 184 -1 122 121 231 -1 142 98 195 -1 153 232 123 -1 233 229 234 -1 235 122 231 -1 206 119 232 -1 232 119 123 -1 236 233 237 -1 96 120 208 -1 234 229 198 -1 194 208 120 -1 234 198 199 -1 235 194 144 -1 144 122 235 -1 238 199 239 -1 97 197 162 -1 168 239 199 -1 204 239 168 -1 233 236 240 -1 240 229 233 -1 240 241 230 -1 229 240 214 -1 214 240 215 -1 240 230 215 -1 201 182 202 -1 91 141 184 -1 146 196 143 -1 242 233 234 -1 205 206 243 -1 153 244 232 -1 245 237 233 -1 153 95 246 -1 207 246 95 -1 233 242 245 -1 238 234 199 -1 247 194 235 -1 239 204 248 -1 249 248 204 -1 204 201 249 -1 250 237 245 -1 236 241 240 -1 201 202 249 -1 141 251 184 -1 196 146 252 -1 253 254 255 -1 146 205 252 -1 140 103 226 -1 203 202 183 -1 203 147 256 -1 256 147 133 -1 224 257 133 -1 254 258 259 -1 253 260 261 -1 261 260 262 -1 262 263 261 -1 261 263 264 -1 263 265 264 -1 266 264 265 -1 267 152 149 -1 268 141 161 -1 161 142 269 -1 207 208 270 -1 235 231 271 -1 145 231 121 -1 269 142 195 -1 272 273 274 -1 272 274 275 -1 206 232 243 -1 275 274 259 -1 244 276 232 -1 275 259 258 -1 277 245 278 -1 277 250 245 -1 274 279 280 -1 259 274 255 -1 274 280 255 -1 280 281 260 -1 281 282 260 -1 260 255 280 -1 255 260 253 -1 260 282 262 -1 283 284 282 -1 282 284 262 -1 284 263 262 -1 265 284 285 -1 263 284 265 -1 286 265 285 -1 285 287 286 -1 242 278 245 -1 242 234 288 -1 234 238 288 -1 238 239 288 -1 288 239 248 -1 248 249 289 -1 286 287 290 -1 290 291 292 -1 287 291 290 -1 141 268 251 -1 286 290 266 -1 293 292 291 -1 293 294 292 -1 295 294 293 -1 293 296 295 -1 297 295 296 -1 161 269 298 -1 299 269 195 -1 268 161 298 -1 246 207 270 -1 299 298 269 -1 300 301 302 -1 303 304 305 -1 306 304 303 -1 306 301 287 -1 287 301 300 -1 277 278 307 -1 308 302 309 -1 308 310 311 -1 312 311 310 -1 312 313 314 -1 314 315 316 -1 315 317 318 -1 318 317 319 -1 317 320 319 -1 320 321 319 -1 321 322 319 -1 153 246 244 -1 194 247 323 -1 324 325 326 -1 247 235 271 -1 326 325 327 -1 278 242 288 -1 328 145 162 -1 328 162 329 -1 162 197 329 -1 288 248 330 -1 289 330 248 -1 331 319 322 -1 325 319 332 -1 333 249 202 -1 334 335 336 -1 195 196 252 -1 252 205 337 -1 337 205 243 -1 336 335 338 -1 336 338 272 -1 339 338 335 -1 279 339 340 -1 341 340 339 -1 341 342 343 -1 342 344 283 -1 283 344 345 -1 340 280 279 -1 280 340 281 -1 282 281 346 -1 284 304 285 -1 305 304 284 -1 285 306 287 -1 304 306 285 -1 226 152 267 -1 203 333 202 -1 203 256 333 -1 347 300 302 -1 300 347 291 -1 133 257 256 -1 347 302 348 -1 302 308 348 -1 349 347 348 -1 348 308 311 -1 349 311 350 -1 348 311 349 -1 350 311 312 -1 351 224 352 -1 224 184 352 -1 265 286 266 -1 251 352 184 -1 291 287 300 -1 293 291 347 -1 347 349 293 -1 350 293 349 -1 296 293 350 -1 350 312 353 -1 353 312 314 -1 353 314 316 -1 316 315 324 -1 315 318 324 -1 296 353 354 -1 350 353 296 -1 316 354 353 -1 324 354 316 -1 354 297 296 -1 297 354 326 -1 324 318 325 -1 325 318 319 -1 354 324 326 -1 272 338 273 -1 339 279 338 -1 279 273 338 -1 281 340 343 -1 343 340 341 -1 343 346 281 -1 346 342 283 -1 343 342 346 -1 346 283 282 -1 345 305 283 -1 283 305 284 -1 279 274 273 -1 254 259 255 -1 299 195 355 -1 194 270 208 -1 271 231 356 -1 231 145 356 -1 313 357 315 -1 315 357 317 -1 357 358 317 -1 313 312 359 -1 315 314 313 -1 317 358 320 -1 360 361 358 -1 362 363 361 -1 321 320 358 -1 358 361 321 -1 321 361 322 -1 334 364 365 -1 366 334 365 -1 331 322 361 -1 367 368 366 -1 367 366 365 -1 288 369 278 -1 366 335 334 -1 352 251 370 -1 370 371 352 -1 370 251 372 -1 373 366 368 -1 355 195 252 -1 366 373 339 -1 366 339 335 -1 243 232 276 -1 373 374 339 -1 339 374 341 -1 375 374 376 -1 374 375 341 -1 344 342 341 -1 341 375 344 -1 344 377 378 -1 344 378 345 -1 378 377 379 -1 345 378 303 -1 345 303 305 -1 303 378 380 -1 303 380 306 -1 306 380 301 -1 379 381 380 -1 382 380 381 -1 381 383 382 -1 380 382 301 -1 301 382 302 -1 382 384 309 -1 382 309 302 -1 385 359 310 -1 310 308 309 -1 359 312 310 -1 313 359 386 -1 244 246 387 -1 388 246 270 -1 323 389 194 -1 270 194 389 -1 251 268 372 -1 372 268 390 -1 391 392 393 -1 392 391 367 -1 362 360 394 -1 391 393 395 -1 396 391 395 -1 397 391 396 -1 391 368 367 -1 368 391 398 -1 391 397 398 -1 399 400 401 -1 402 403 404 -1 405 403 402 -1 388 387 246 -1 406 407 408 -1 247 271 409 -1 356 409 271 -1 408 407 394 -1 356 145 328 -1 408 394 360 -1 288 330 410 -1 380 378 379 -1 289 249 411 -1 333 411 249 -1 412 337 243 -1 276 244 413 -1 392 414 415 -1 416 392 415 -1 333 256 417 -1 256 257 417 -1 417 257 351 -1 418 401 400 -1 257 224 351 -1 400 399 379 -1 379 377 400 -1 351 352 419 -1 419 352 371 -1 399 403 379 -1 403 405 383 -1 379 403 381 -1 383 381 403 -1 420 383 405 -1 421 422 423 -1 405 423 422 -1 422 420 405 -1 424 385 422 -1 421 425 422 -1 422 425 424 -1 386 424 425 -1 386 425 406 -1 408 386 406 -1 394 426 362 -1 427 307 369 -1 278 369 307 -1 382 383 384 -1 383 420 384 -1 310 309 384 -1 385 420 422 -1 310 384 420 -1 385 310 420 -1 385 424 359 -1 411 330 289 -1 386 359 424 -1 414 392 428 -1 357 313 386 -1 386 408 357 -1 408 358 357 -1 367 428 392 -1 428 367 365 -1 408 360 358 -1 398 397 429 -1 373 368 398 -1 398 429 374 -1 374 373 398 -1 429 397 430 -1 429 430 376 -1 431 376 430 -1 360 362 361 -1 376 374 429 -1 431 430 418 -1 400 431 418 -1 375 376 431 -1 431 400 377 -1 377 375 431 -1 377 344 375 -1 268 298 390 -1 389 388 270 -1 298 299 432 -1 433 434 435 -1 369 288 410 -1 410 330 436 -1 437 438 418 -1 411 436 330 -1 418 438 401 -1 439 438 435 -1 438 439 401 -1 401 439 404 -1 440 441 442 -1 403 399 401 -1 404 403 401 -1 252 337 355 -1 443 441 444 -1 412 243 276 -1 244 387 413 -1 443 444 426 -1 445 446 447 -1 423 405 402 -1 423 445 421 -1 425 421 445 -1 448 445 447 -1 445 448 425 -1 448 406 425 -1 406 448 407 -1 448 449 407 -1 394 407 450 -1 407 449 450 -1 451 450 449 -1 416 415 452 -1 450 451 394 -1 451 443 394 -1 394 443 426 -1 393 416 453 -1 393 453 395 -1 392 416 393 -1 396 395 453 -1 397 396 454 -1 454 455 456 -1 457 456 455 -1 397 454 430 -1 454 456 430 -1 387 388 458 -1 459 458 388 -1 457 430 456 -1 430 457 418 -1 432 390 298 -1 355 432 299 -1 460 461 323 -1 323 247 460 -1 247 409 460 -1 409 356 462 -1 463 462 356 -1 356 328 463 -1 464 465 434 -1 434 465 435 -1 466 467 468 -1 467 469 470 -1 435 465 471 -1 472 467 442 -1 468 467 472 -1 471 465 473 -1 442 467 470 -1 474 475 476 -1 411 333 477 -1 478 470 479 -1 412 276 480 -1 276 413 480 -1 465 474 473 -1 413 387 458 -1 474 481 473 -1 474 476 481 -1 482 481 476 -1 482 483 484 -1 485 482 484 -1 486 487 488 -1 487 486 489 -1 489 490 487 -1 489 486 491 -1 492 493 486 -1 494 493 492 -1 492 495 494 -1 494 495 468 -1 494 468 496 -1 494 496 497 -1 496 468 472 -1 496 472 498 -1 499 500 501 -1 502 500 499 -1 502 499 452 -1 459 388 389 -1 389 323 461 -1 503 504 499 -1 499 504 505 -1 506 505 504 -1 507 508 504 -1 504 508 506 -1 508 507 509 -1 509 506 508 -1 499 505 416 -1 505 506 510 -1 511 506 509 -1 512 513 514 -1 433 513 515 -1 511 514 455 -1 513 433 514 -1 437 455 514 -1 514 433 437 -1 516 464 515 -1 515 464 434 -1 464 516 517 -1 518 464 517 -1 464 518 465 -1 475 518 517 -1 465 518 474 -1 518 475 474 -1 433 515 434 -1 498 472 441 -1 442 441 472 -1 427 369 519 -1 441 443 498 -1 473 481 520 -1 482 485 481 -1 442 470 440 -1 410 519 369 -1 478 440 470 -1 485 520 481 -1 485 484 446 -1 438 437 433 -1 438 433 435 -1 471 439 435 -1 471 404 439 -1 473 404 471 -1 520 402 473 -1 521 333 417 -1 473 402 404 -1 402 520 423 -1 522 521 417 -1 520 485 523 -1 446 523 485 -1 523 446 445 -1 417 351 522 -1 423 520 523 -1 522 351 524 -1 523 445 423 -1 419 524 351 -1 483 487 490 -1 483 490 484 -1 484 490 446 -1 446 489 447 -1 490 489 446 -1 491 447 489 -1 486 493 491 -1 491 493 525 -1 525 493 526 -1 526 493 494 -1 526 494 497 -1 491 525 448 -1 448 447 491 -1 525 526 448 -1 526 449 448 -1 497 449 526 -1 451 449 497 -1 497 496 498 -1 497 498 451 -1 451 498 443 -1 452 499 416 -1 453 416 505 -1 505 510 453 -1 453 510 396 -1 396 510 454 -1 514 511 512 -1 511 510 506 -1 455 510 511 -1 455 454 510 -1 455 437 457 -1 437 418 457 -1 372 390 527 -1 528 529 466 -1 530 389 461 -1 461 460 531 -1 466 529 469 -1 532 501 500 -1 460 409 462 -1 462 531 460 -1 501 533 534 -1 529 535 536 -1 536 469 529 -1 503 501 534 -1 503 534 507 -1 534 537 507 -1 538 463 328 -1 328 329 538 -1 468 495 466 -1 539 507 537 -1 466 469 467 -1 501 503 499 -1 371 370 540 -1 503 507 504 -1 469 541 470 -1 542 543 544 -1 507 539 509 -1 541 479 470 -1 545 546 541 -1 546 547 541 -1 432 355 548 -1 512 511 509 -1 512 549 513 -1 355 337 550 -1 550 548 355 -1 337 412 550 -1 551 552 553 -1 554 550 412 -1 515 513 549 -1 412 480 554 -1 516 515 549 -1 475 555 476 -1 555 483 482 -1 476 555 482 -1 483 555 553 -1 483 553 487 -1 553 488 487 -1 488 556 486 -1 557 492 486 -1 528 466 495 -1 436 411 558 -1 530 459 389 -1 458 459 559 -1 560 561 562 -1 563 564 565 -1 566 528 564 -1 564 563 566 -1 567 568 569 -1 570 563 571 -1 572 569 568 -1 567 573 568 -1 570 571 574 -1 530 461 575 -1 573 576 577 -1 575 578 530 -1 461 531 575 -1 575 531 579 -1 577 568 573 -1 531 462 579 -1 579 462 580 -1 462 463 580 -1 568 577 572 -1 572 577 581 -1 569 572 582 -1 547 546 574 -1 458 583 413 -1 559 583 458 -1 459 530 559 -1 559 530 578 -1 584 585 572 -1 586 547 574 -1 547 586 587 -1 588 589 590 -1 591 589 588 -1 592 580 463 -1 463 538 592 -1 593 592 538 -1 538 329 593 -1 594 595 561 -1 596 595 594 -1 594 561 560 -1 540 597 371 -1 589 591 542 -1 591 543 542 -1 543 591 598 -1 599 600 601 -1 599 601 551 -1 551 602 599 -1 390 432 527 -1 527 432 603 -1 432 548 603 -1 603 548 604 -1 548 550 604 -1 605 604 550 -1 601 552 551 -1 552 606 553 -1 550 554 605 -1 554 480 607 -1 413 583 607 -1 480 413 607 -1 608 609 610 -1 608 565 564 -1 564 609 608 -1 564 611 609 -1 612 519 410 -1 410 436 612 -1 516 589 542 -1 544 543 602 -1 517 516 542 -1 542 544 613 -1 542 613 517 -1 613 475 517 -1 614 475 613 -1 614 555 475 -1 599 602 543 -1 556 610 557 -1 544 602 614 -1 614 613 544 -1 563 570 566 -1 602 551 614 -1 556 557 486 -1 551 553 614 -1 546 570 574 -1 553 555 614 -1 610 609 615 -1 615 557 610 -1 611 615 609 -1 492 557 615 -1 616 553 606 -1 553 616 488 -1 495 615 611 -1 610 616 606 -1 492 615 495 -1 556 488 616 -1 616 610 556 -1 608 610 606 -1 528 566 529 -1 528 495 611 -1 529 566 535 -1 535 570 545 -1 566 570 535 -1 535 545 536 -1 546 545 570 -1 611 564 528 -1 469 536 541 -1 536 545 541 -1 617 533 501 -1 617 501 532 -1 618 534 533 -1 539 512 509 -1 618 619 534 -1 534 619 537 -1 590 619 620 -1 619 590 537 -1 537 590 539 -1 589 539 590 -1 539 589 512 -1 512 589 549 -1 558 411 477 -1 521 522 621 -1 622 621 522 -1 524 622 522 -1 524 419 597 -1 371 597 419 -1 549 589 516 -1 623 596 594 -1 624 596 625 -1 598 591 588 -1 561 626 562 -1 627 540 370 -1 370 372 627 -1 560 628 594 -1 628 560 629 -1 630 628 631 -1 631 628 629 -1 623 628 630 -1 625 632 624 -1 561 633 626 -1 567 634 635 -1 562 626 636 -1 527 637 372 -1 638 637 527 -1 595 624 633 -1 562 629 560 -1 567 635 573 -1 639 640 552 -1 633 561 595 -1 641 586 574 -1 623 594 628 -1 642 643 597 -1 597 540 642 -1 592 644 580 -1 580 644 645 -1 598 646 543 -1 644 592 647 -1 592 593 647 -1 600 599 646 -1 638 527 603 -1 600 639 601 -1 639 552 601 -1 552 640 606 -1 608 640 648 -1 608 606 640 -1 605 554 649 -1 554 607 649 -1 649 607 650 -1 607 583 650 -1 650 583 651 -1 565 608 648 -1 648 652 565 -1 569 653 567 -1 577 576 581 -1 583 559 654 -1 654 651 583 -1 582 572 585 -1 581 584 572 -1 652 655 565 -1 656 559 578 -1 559 656 654 -1 657 658 620 -1 620 658 590 -1 655 641 571 -1 658 588 590 -1 571 565 655 -1 597 659 524 -1 565 571 563 -1 660 625 596 -1 660 596 623 -1 596 624 595 -1 578 575 661 -1 656 578 661 -1 662 661 575 -1 575 579 662 -1 574 571 641 -1 645 662 579 -1 579 580 645 -1 562 636 663 -1 637 627 372 -1 540 627 642 -1 664 573 635 -1 576 573 664 -1 624 632 665 -1 663 629 562 -1 666 656 661 -1 667 666 661 -1 624 665 633 -1 668 661 662 -1 667 661 668 -1 669 642 627 -1 668 662 670 -1 641 667 668 -1 671 634 672 -1 634 653 673 -1 633 674 626 -1 567 653 634 -1 635 634 671 -1 645 644 675 -1 644 647 675 -1 670 675 676 -1 677 678 669 -1 677 669 627 -1 598 629 663 -1 588 629 598 -1 646 598 663 -1 637 679 677 -1 600 646 679 -1 680 681 682 -1 683 680 682 -1 637 677 627 -1 638 684 637 -1 637 684 679 -1 679 684 639 -1 679 639 600 -1 682 681 685 -1 686 638 603 -1 684 686 687 -1 638 686 684 -1 684 687 639 -1 640 639 687 -1 603 604 686 -1 688 686 604 -1 686 688 687 -1 604 605 688 -1 687 688 689 -1 649 688 605 -1 688 649 689 -1 664 690 576 -1 649 650 691 -1 691 689 649 -1 689 640 687 -1 640 689 648 -1 652 689 691 -1 689 652 648 -1 692 690 693 -1 650 651 691 -1 694 691 651 -1 612 436 695 -1 696 660 623 -1 690 581 576 -1 691 694 652 -1 690 692 630 -1 694 651 654 -1 666 694 654 -1 694 666 655 -1 655 652 694 -1 630 696 623 -1 630 657 690 -1 657 630 631 -1 654 656 666 -1 667 655 666 -1 657 631 658 -1 588 658 631 -1 641 655 667 -1 631 629 588 -1 632 625 697 -1 697 698 632 -1 699 597 700 -1 659 597 699 -1 670 641 668 -1 641 670 676 -1 633 665 674 -1 641 676 586 -1 662 645 670 -1 670 645 675 -1 519 612 701 -1 436 558 702 -1 703 704 682 -1 685 703 682 -1 705 704 703 -1 704 705 706 -1 705 618 706 -1 681 653 685 -1 685 653 569 -1 685 569 703 -1 582 705 703 -1 569 582 703 -1 585 705 582 -1 618 705 707 -1 705 585 707 -1 584 581 657 -1 585 584 707 -1 619 618 707 -1 584 657 620 -1 620 707 584 -1 707 620 619 -1 581 690 657 -1 708 477 333 -1 521 708 333 -1 621 709 521 -1 521 709 708 -1 621 622 709 -1 709 622 659 -1 524 659 622 -1 643 700 597 -1 677 636 678 -1 677 663 636 -1 663 677 679 -1 679 646 663 -1 543 646 599 -1 665 710 674 -1 625 711 697 -1 712 711 660 -1 660 711 625 -1 698 713 710 -1 710 632 698 -1 714 672 673 -1 673 672 634 -1 665 632 710 -1 715 716 672 -1 717 671 716 -1 671 717 718 -1 709 659 719 -1 681 720 673 -1 659 699 719 -1 699 700 721 -1 681 673 653 -1 664 635 718 -1 710 722 723 -1 723 674 710 -1 693 664 718 -1 674 723 626 -1 660 696 712 -1 636 626 723 -1 664 693 690 -1 724 643 642 -1 696 630 692 -1 669 724 642 -1 558 477 725 -1 708 709 726 -1 711 727 697 -1 713 698 728 -1 729 701 612 -1 713 728 730 -1 722 710 713 -1 731 719 732 -1 733 734 735 -1 720 714 673 -1 734 736 737 -1 736 721 737 -1 719 699 732 -1 672 714 715 -1 732 736 738 -1 736 732 721 -1 721 732 699 -1 722 733 723 -1 735 734 737 -1 718 717 739 -1 717 740 739 -1 741 711 742 -1 743 744 745 -1 712 745 744 -1 711 712 742 -1 718 739 693 -1 745 693 739 -1 741 746 727 -1 746 747 748 -1 746 748 727 -1 730 748 747 -1 748 730 728 -1 477 708 749 -1 749 708 726 -1 741 727 711 -1 612 695 729 -1 702 695 436 -1 695 702 750 -1 725 750 702 -1 558 725 702 -1 681 680 720 -1 672 716 671 -1 671 718 635 -1 739 743 745 -1 693 745 692 -1 712 696 745 -1 745 696 692 -1 731 726 709 -1 748 728 727 -1 728 698 727 -1 727 698 697 -1 719 731 709 -1 678 723 733 -1 636 723 678 -1 678 733 735 -1 737 721 724 -1 735 737 669 -1 669 678 735 -1 737 724 669 -1 724 721 700 -1 700 643 724 -1 747 746 751 -1 751 746 752 -1 701 729 753 -1 754 751 755 -1 756 750 725 -1 757 758 740 -1 758 757 759 -1 740 717 757 -1 760 740 758 -1 740 760 744 -1 761 758 759 -1 744 741 742 -1 760 741 744 -1 740 744 743 -1 747 751 754 -1 747 762 730 -1 741 752 746 -1 756 725 749 -1 725 477 749 -1 749 726 763 -1 726 731 763 -1 764 763 731 -1 747 765 762 -1 761 766 760 -1 766 752 760 -1 760 752 741 -1 760 758 761 -1 754 765 747 -1 753 729 767 -1 762 765 768 -1 769 762 768 -1 769 770 762 -1 770 769 771 -1 770 771 772 -1 752 755 751 -1 773 769 774 -1 769 773 771 -1 775 750 776 -1 776 750 756 -1 777 773 778 -1 779 771 773 -1 777 779 773 -1 756 749 778 -1 778 749 780 -1 772 771 781 -1 779 777 782 -1 779 781 771 -1 781 779 783 -1 779 782 783 -1 783 782 764 -1 782 780 763 -1 777 780 782 -1 763 780 749 -1 764 782 763 -1 784 767 695 -1 695 767 729 -1 785 784 695 -1 775 785 695 -1 750 775 695 -1 739 740 743 -1 744 742 712 -1 730 762 770 -1 722 730 770 -1 713 730 722 -1 772 722 770 -1 722 772 733 -1 781 783 738 -1 738 734 781 -1 783 764 732 -1 732 738 783 -1 772 781 734 -1 772 734 733 -1 764 731 732 -1 734 738 736 -1 753 767 786 -1 785 775 787 -1 787 775 776 -1 776 756 788 -1 789 790 791 -1 768 789 791 -1 792 791 790 -1 774 768 791 -1 791 792 774 -1 793 774 792 -1 793 788 778 -1 778 788 756 -1 769 768 774 -1 778 773 774 -1 774 793 778 -1 777 778 780 -1 767 784 794 -1 794 784 795 -1 796 790 789 -1 797 792 790 -1 797 798 793 -1 795 787 799 -1 799 798 800 -1 798 787 776 -1 799 787 798 -1 788 798 776 -1 798 788 793 -1 793 792 797 -1 784 785 795 -1 787 795 785 -1 789 768 765 -1 790 796 797 -1 800 798 797 -1 801 767 794 -1 786 767 801 -1 801 799 802 -1 794 799 801 -1 799 794 795 -1 802 799 800 -1 801 802 786 -1 797 796 800 -1 803 804 805 -1 806 807 803 -1 808 805 804 -1 809 810 811 -1 811 812 813 -1 811 810 812 -1 814 815 816 -1 817 818 816 -1 816 818 814 -1 818 817 819 -1 814 818 820 -1 821 822 823 -1 824 825 826 -1 827 825 824 -1 828 829 830 -1 831 829 832 -1 829 831 833 -1 831 834 833 -1 835 824 836 -1 831 837 834 -1 834 837 838 -1 834 839 833 -1 834 838 839 -1 837 840 838 -1 835 841 842 -1 835 842 843 -1 839 838 844 -1 844 838 840 -1 845 846 847 -1 840 848 849 -1 849 850 851 -1 840 849 851 -1 841 846 845 -1 845 842 841 -1 852 849 848 -1 844 840 851 -1 845 847 853 -1 854 853 847 -1 854 847 855 -1 856 854 855 -1 857 858 859 -1 807 806 860 -1 861 862 863 -1 864 865 866 -1 862 825 863 -1 827 863 825 -1 867 868 822 -1 869 867 822 -1 823 870 871 -1 821 869 822 -1 872 871 873 -1 871 872 874 -1 874 872 811 -1 874 811 813 -1 872 809 811 -1 875 876 817 -1 819 817 876 -1 875 817 816 -1 820 818 819 -1 877 878 819 -1 819 878 820 -1 820 878 879 -1 877 828 878 -1 879 878 880 -1 880 878 828 -1 828 832 829 -1 827 824 881 -1 882 881 824 -1 882 824 835 -1 835 843 882 -1 883 884 808 -1 805 808 884 -1 885 856 886 -1 867 857 887 -1 857 867 888 -1 867 869 888 -1 872 875 809 -1 816 809 875 -1 889 810 809 -1 809 816 815 -1 815 889 809 -1 889 812 810 -1 866 861 863 -1 866 863 890 -1 890 863 827 -1 866 890 864 -1 890 827 881 -1 871 891 823 -1 871 874 891 -1 892 807 860 -1 806 803 893 -1 894 895 870 -1 873 870 896 -1 896 897 873 -1 898 840 837 -1 899 900 826 -1 901 873 902 -1 826 836 824 -1 868 870 822 -1 900 836 826 -1 840 903 848 -1 822 870 823 -1 848 904 852 -1 870 873 871 -1 836 900 835 -1 841 835 900 -1 900 905 841 -1 905 906 841 -1 841 906 846 -1 850 849 852 -1 907 908 862 -1 909 910 911 -1 826 908 912 -1 862 908 825 -1 908 826 825 -1 842 913 843 -1 873 901 872 -1 901 875 872 -1 914 901 915 -1 876 875 901 -1 847 846 906 -1 842 845 913 -1 853 913 845 -1 847 906 910 -1 847 910 855 -1 855 910 909 -1 832 877 916 -1 855 909 917 -1 855 917 856 -1 832 918 898 -1 876 901 914 -1 919 909 911 -1 909 919 920 -1 917 909 920 -1 921 922 923 -1 924 922 925 -1 877 819 876 -1 877 876 926 -1 927 921 928 -1 922 921 929 -1 929 925 922 -1 921 927 929 -1 887 929 927 -1 930 887 927 -1 930 931 868 -1 877 832 828 -1 828 830 880 -1 917 924 886 -1 830 833 932 -1 829 833 830 -1 924 925 886 -1 831 832 837 -1 832 898 837 -1 859 886 925 -1 917 886 856 -1 858 885 886 -1 886 859 858 -1 925 929 859 -1 887 930 868 -1 929 887 859 -1 839 932 833 -1 867 887 868 -1 933 918 934 -1 933 898 918 -1 840 898 933 -1 935 933 934 -1 903 840 933 -1 803 805 936 -1 893 803 936 -1 912 899 826 -1 937 938 939 -1 938 937 877 -1 940 941 942 -1 937 943 916 -1 916 943 944 -1 945 946 943 -1 947 919 911 -1 948 946 945 -1 943 946 944 -1 949 950 951 -1 894 950 949 -1 952 894 949 -1 946 953 944 -1 946 954 953 -1 944 953 918 -1 832 916 944 -1 918 832 944 -1 953 934 918 -1 955 948 956 -1 946 948 954 -1 955 954 948 -1 934 953 954 -1 940 942 957 -1 957 942 899 -1 958 899 942 -1 959 958 942 -1 899 958 900 -1 960 884 883 -1 942 941 961 -1 942 961 959 -1 805 884 962 -1 900 958 905 -1 959 905 958 -1 961 905 959 -1 906 905 961 -1 961 963 911 -1 911 906 961 -1 911 910 906 -1 963 964 947 -1 964 965 947 -1 963 947 911 -1 966 947 965 -1 919 947 966 -1 954 955 935 -1 967 966 968 -1 967 919 966 -1 969 970 968 -1 968 970 967 -1 967 970 923 -1 935 934 954 -1 970 971 923 -1 972 933 935 -1 919 967 920 -1 967 923 920 -1 920 923 924 -1 903 933 972 -1 924 923 922 -1 971 921 923 -1 920 924 917 -1 928 921 971 -1 928 951 973 -1 951 950 973 -1 973 927 928 -1 927 973 930 -1 973 950 931 -1 930 973 931 -1 887 857 859 -1 894 952 895 -1 896 895 952 -1 931 894 870 -1 950 894 931 -1 870 868 931 -1 912 957 899 -1 896 870 895 -1 974 975 976 -1 977 978 974 -1 976 977 974 -1 897 979 902 -1 980 979 897 -1 980 974 979 -1 974 978 979 -1 902 979 978 -1 897 902 873 -1 915 978 977 -1 901 902 978 -1 915 901 978 -1 981 976 982 -1 939 981 982 -1 981 983 976 -1 981 939 984 -1 984 983 981 -1 938 984 939 -1 977 976 914 -1 914 915 977 -1 976 983 914 -1 926 914 983 -1 983 984 926 -1 876 914 926 -1 938 926 984 -1 877 926 938 -1 916 877 937 -1 985 986 987 -1 956 948 988 -1 989 985 990 -1 989 975 985 -1 860 806 991 -1 806 893 991 -1 992 993 994 -1 995 992 982 -1 994 982 992 -1 996 997 993 -1 998 999 1000 -1 1001 1000 999 -1 999 1002 1003 -1 1003 1001 999 -1 997 994 993 -1 997 996 1004 -1 996 1005 1004 -1 998 1000 940 -1 1005 1006 943 -1 1006 988 945 -1 943 1006 945 -1 948 945 988 -1 1001 1003 941 -1 941 940 1000 -1 1000 1001 941 -1 952 1007 896 -1 1008 1009 1010 -1 1007 986 896 -1 897 896 986 -1 941 1003 1010 -1 986 985 980 -1 986 980 897 -1 941 1010 963 -1 961 941 963 -1 975 980 985 -1 1010 1011 963 -1 989 995 975 -1 1012 964 1011 -1 1012 1011 1013 -1 965 964 1012 -1 1014 965 1012 -1 965 1014 968 -1 939 982 994 -1 1015 968 1014 -1 968 1015 969 -1 939 994 997 -1 1004 939 997 -1 1004 1005 943 -1 937 939 1004 -1 1004 943 937 -1 1016 1017 951 -1 965 968 966 -1 969 1016 928 -1 928 971 969 -1 951 928 1016 -1 1017 949 951 -1 1018 1019 1020 -1 892 860 1021 -1 1019 1022 1020 -1 1023 1022 1019 -1 1019 1024 1023 -1 990 1023 1024 -1 1002 1025 1026 -1 1027 1025 1002 -1 1025 1028 1026 -1 1024 1029 1030 -1 1024 1030 990 -1 1029 1031 1030 -1 1030 1031 1032 -1 1032 1031 1033 -1 1034 1032 1033 -1 1032 1034 1035 -1 1002 1026 1008 -1 1026 1028 1009 -1 1009 1008 1026 -1 992 1032 1035 -1 1009 1028 1036 -1 1009 1036 1037 -1 1035 1034 1038 -1 1039 1037 1036 -1 1040 1039 1036 -1 1035 1041 1042 -1 1039 1040 1043 -1 1040 1044 1043 -1 1042 992 1035 -1 1045 1043 1044 -1 1046 1045 1044 -1 1047 1048 1046 -1 1041 1049 1042 -1 1048 1047 1050 -1 1016 1050 1047 -1 996 1042 1049 -1 1051 996 1049 -1 1016 1047 1052 -1 1053 1052 1020 -1 1054 1055 1051 -1 1049 1054 1051 -1 1056 996 1051 -1 996 1056 1005 -1 1057 1058 1051 -1 1058 1056 1051 -1 1059 1058 1057 -1 1056 1058 1060 -1 1056 1060 1006 -1 1061 1062 960 -1 976 975 995 -1 976 995 982 -1 884 960 1062 -1 1062 962 884 -1 962 936 805 -1 1003 1002 1008 -1 1003 1008 1010 -1 1013 1011 1010 -1 1013 1010 1037 -1 1037 1010 1009 -1 1014 1013 1037 -1 1013 1014 1012 -1 1043 1045 1039 -1 1045 1046 1048 -1 1045 1048 1063 -1 1039 1014 1037 -1 1039 1045 1015 -1 1015 1014 1039 -1 1015 1045 1063 -1 1015 1063 969 -1 1063 1048 1050 -1 1063 1050 969 -1 1016 969 1050 -1 1016 1052 1017 -1 1052 1053 1017 -1 1017 1053 949 -1 963 1011 964 -1 971 970 969 -1 1020 1022 1053 -1 1022 1064 1053 -1 1064 949 1053 -1 1064 1022 952 -1 1064 952 949 -1 1022 1023 987 -1 987 1023 990 -1 952 1022 1007 -1 1022 987 1007 -1 1007 987 986 -1 1030 989 990 -1 985 987 990 -1 1030 1032 989 -1 992 989 1032 -1 992 995 989 -1 993 992 1042 -1 996 993 1042 -1 1006 1005 1056 -1 1060 988 1006 -1 980 975 974 -1 991 1021 860 -1 1065 1054 1049 -1 936 962 1066 -1 1057 1051 1055 -1 1067 1068 1069 -1 1069 1070 1067 -1 1071 1069 1068 -1 1069 1027 1070 -1 1027 1069 1025 -1 1028 1025 1069 -1 1069 1071 1028 -1 1071 1036 1028 -1 1040 1072 1044 -1 1047 1073 1074 -1 1047 1074 1052 -1 1074 1020 1052 -1 1018 1075 1019 -1 1019 1076 1024 -1 1076 1029 1024 -1 1029 1076 1077 -1 1077 1031 1029 -1 1077 1078 1031 -1 1031 1078 1033 -1 1079 1034 1033 -1 1074 1018 1020 -1 1038 1079 1080 -1 1038 1034 1079 -1 1041 1035 1038 -1 1065 1049 1041 -1 1038 1065 1041 -1 1081 1082 1038 -1 1038 1082 1054 -1 1038 1054 1065 -1 991 893 1083 -1 1084 1085 1086 -1 1087 1088 1089 -1 1066 893 936 -1 1090 1091 1092 -1 1085 1093 1086 -1 1094 1086 1093 -1 1095 1096 1097 -1 1090 1096 1095 -1 1098 1080 1097 -1 1089 1099 1100 -1 1101 1102 1098 -1 1089 1088 1099 -1 1089 1103 1087 -1 1103 1104 1105 -1 1105 1106 1107 -1 1108 1107 1106 -1 1109 1110 1111 -1 1111 1110 1112 -1 1113 1114 1115 -1 1106 1115 1108 -1 1092 1115 1114 -1 1116 1115 1092 -1 1117 1092 1114 -1 1090 1092 1117 -1 1101 1118 1102 -1 1118 1119 1120 -1 1121 1062 1061 -1 962 1062 1121 -1 1066 962 1121 -1 1068 1067 1084 -1 1086 1122 1084 -1 1071 1068 1084 -1 1071 1122 1123 -1 1084 1122 1071 -1 1036 1071 1123 -1 1122 1086 1124 -1 1086 1094 1124 -1 1125 1124 1094 -1 1124 1123 1122 -1 1124 1125 1072 -1 1072 1123 1124 -1 1094 1099 1126 -1 1126 1125 1094 -1 1099 1088 1126 -1 1125 1126 1127 -1 1072 1125 1128 -1 1128 1127 1129 -1 1125 1127 1128 -1 1126 1088 1127 -1 1123 1040 1036 -1 1123 1072 1040 -1 1044 1072 1128 -1 1046 1044 1128 -1 1128 1129 1130 -1 1130 1046 1128 -1 1131 1088 1087 -1 1107 1103 1105 -1 1103 1131 1087 -1 1107 1131 1103 -1 1088 1131 1129 -1 1129 1127 1088 -1 1132 1129 1131 -1 1129 1132 1073 -1 1131 1107 1132 -1 1133 1073 1132 -1 1133 1132 1107 -1 1107 1108 1133 -1 1129 1073 1130 -1 1130 1073 1047 -1 1046 1130 1047 -1 1074 1073 1133 -1 1108 1115 1134 -1 1134 1115 1116 -1 1133 1108 1134 -1 1134 1116 1075 -1 1116 1092 1135 -1 1135 1092 1091 -1 1135 1075 1116 -1 1075 1135 1076 -1 1135 1091 1076 -1 1133 1134 1018 -1 1018 1074 1133 -1 1134 1075 1018 -1 1076 1019 1075 -1 1090 1095 1091 -1 1091 1095 1077 -1 1077 1076 1091 -1 1095 1097 1136 -1 1095 1136 1077 -1 1080 1136 1097 -1 1136 1080 1079 -1 1077 1136 1078 -1 1033 1078 1136 -1 1136 1079 1033 -1 1081 1098 1137 -1 1081 1080 1098 -1 1081 1038 1080 -1 1098 1102 1137 -1 1102 1118 1120 -1 1102 1120 1138 -1 1138 1137 1102 -1 1138 1081 1137 -1 1081 1138 1082 -1 1139 1138 1120 -1 1138 1139 1082 -1 1082 1140 1055 -1 1139 1140 1082 -1 1055 1054 1082 -1 893 1066 1083 -1 1141 1142 991 -1 991 1083 1141 -1 1143 1144 1145 -1 1146 1147 1109 -1 1148 1109 1147 -1 1146 1149 1150 -1 1149 1146 1111 -1 1109 1111 1146 -1 1145 1144 1151 -1 1104 1113 1106 -1 1106 1113 1115 -1 1121 1152 1066 -1 1153 1152 1121 -1 1152 1083 1066 -1 1154 1021 1142 -1 1021 991 1142 -1 1155 1156 1096 -1 1099 1094 1093 -1 1096 1157 1158 -1 1103 1089 1100 -1 1103 1100 1104 -1 1159 1147 1146 -1 1160 1144 1161 -1 1143 1161 1144 -1 1143 1162 1163 -1 1163 1161 1143 -1 1161 1163 1164 -1 1149 1111 1112 -1 1109 1148 1165 -1 1165 1110 1109 -1 1096 1101 1097 -1 1097 1101 1098 -1 1083 1166 1141 -1 1145 1162 1143 -1 1150 1159 1146 -1 1160 1167 1144 -1 1151 1144 1167 -1 1142 1141 1168 -1 1114 1169 1170 -1 1152 1153 1171 -1 1171 1172 1152 -1 1166 1083 1172 -1 1172 1083 1152 -1 1168 1173 1154 -1 1155 1114 1170 -1 1170 1174 1155 -1 1174 1156 1155 -1 1093 1085 1175 -1 1176 1093 1175 -1 1176 1175 1173 -1 1176 1173 1168 -1 1177 1156 1178 -1 1154 1142 1168 -1 1156 1177 1179 -1 1156 1179 1180 -1 1156 1180 1157 -1 1168 1141 1176 -1 1100 1093 1176 -1 1181 1141 1166 -1 1156 1157 1096 -1 1176 1141 1181 -1 1182 1183 1145 -1 1176 1181 1100 -1 1151 1182 1145 -1 1184 1185 1183 -1 1145 1183 1185 -1 1162 1145 1185 -1 1181 1186 1100 -1 1181 1187 1186 -1 1186 1187 1169 -1 1186 1169 1113 -1 1162 1188 1163 -1 1159 1189 1147 -1 1164 1163 1190 -1 1191 1163 1188 -1 1163 1191 1192 -1 1192 1190 1163 -1 1148 1147 1189 -1 1193 1149 1194 -1 1195 1194 1149 -1 1179 1177 1196 -1 1164 1179 1196 -1 1164 1190 1179 -1 1179 1190 1180 -1 1197 1165 1198 -1 1180 1199 1157 -1 1190 1192 1180 -1 1157 1199 1200 -1 1201 1157 1200 -1 1202 1160 1177 -1 1177 1178 1202 -1 1112 1195 1149 -1 1203 1187 1195 -1 1203 1195 1112 -1 1110 1203 1112 -1 1187 1203 1169 -1 1199 1204 1200 -1 1169 1203 1170 -1 1113 1169 1114 -1 1165 1205 1110 -1 1165 1197 1205 -1 1203 1110 1205 -1 1203 1205 1170 -1 1205 1197 1170 -1 1061 1206 1207 -1 1061 1207 1121 -1 1153 1121 1207 -1 1099 1093 1100 -1 1181 1166 1208 -1 1208 1194 1187 -1 1208 1187 1181 -1 1195 1187 1194 -1 1100 1186 1104 -1 1186 1113 1104 -1 1104 1106 1105 -1 1197 1198 1209 -1 1117 1114 1155 -1 1174 1197 1209 -1 1197 1174 1170 -1 1174 1209 1178 -1 1117 1155 1090 -1 1090 1155 1096 -1 1161 1196 1160 -1 1160 1196 1177 -1 1164 1196 1161 -1 1210 1192 1191 -1 1211 1192 1210 -1 1180 1192 1199 -1 1192 1211 1204 -1 1204 1199 1192 -1 1096 1158 1101 -1 1158 1157 1201 -1 1158 1201 1101 -1 1201 1118 1101 -1 1201 1119 1118 -1 1212 1213 1151 -1 1151 1213 1182 -1 1153 1207 1214 -1 1214 1215 1153 -1 1171 1153 1215 -1 1216 1171 1215 -1 1171 1216 1217 -1 1218 1217 1216 -1 1217 1172 1171 -1 1217 1218 1193 -1 1172 1217 1166 -1 1217 1208 1166 -1 1219 1150 1220 -1 1218 1220 1193 -1 1220 1150 1149 -1 1148 1221 1222 -1 1217 1193 1208 -1 1223 1224 1225 -1 1193 1220 1149 -1 1148 1222 1198 -1 1148 1198 1165 -1 1223 1225 1189 -1 1212 1151 1167 -1 1223 1189 1159 -1 1226 1223 1150 -1 1227 1167 1202 -1 1150 1223 1159 -1 1198 1228 1209 -1 1202 1167 1160 -1 1221 1189 1225 -1 1189 1221 1148 -1 1229 1185 1184 -1 1230 1231 1232 -1 1185 1229 1188 -1 1185 1188 1162 -1 1212 1231 1213 -1 1183 1230 1184 -1 1191 1188 1229 -1 1207 1206 1233 -1 1233 1214 1207 -1 1214 1234 1215 -1 1235 1236 1184 -1 1234 1237 1218 -1 1215 1234 1216 -1 1218 1216 1234 -1 1184 1236 1229 -1 1236 1238 1229 -1 1237 1219 1218 -1 1218 1219 1220 -1 1223 1226 1239 -1 1221 1240 1222 -1 1222 1241 1242 -1 1243 1225 1224 -1 1244 1242 1241 -1 1225 1243 1221 -1 1222 1242 1228 -1 1219 1226 1150 -1 1244 1228 1242 -1 1167 1227 1212 -1 1244 1227 1202 -1 1214 1233 1234 -1 1245 1237 1234 -1 1246 1231 1247 -1 1247 1231 1212 -1 1241 1222 1240 -1 1237 1248 1219 -1 1241 1227 1244 -1 1249 1212 1227 -1 1249 1247 1212 -1 1250 1251 1252 -1 1251 1246 1252 -1 1246 1251 1232 -1 1232 1231 1246 -1 1235 1230 1232 -1 1235 1184 1230 -1 1194 1208 1193 -1 1231 1230 1213 -1 1183 1213 1230 -1 1182 1213 1183 -1 1228 1198 1222 -1 1228 1244 1253 -1 1253 1209 1228 -1 1209 1253 1178 -1 1244 1202 1253 -1 1178 1253 1202 -1 1156 1174 1178 -1 1250 1254 1251 -1 1255 1247 1256 -1 1252 1247 1255 -1 1252 1246 1247 -1 1243 1257 1221 -1 1221 1257 1240 -1 1258 1240 1257 -1 1257 1256 1258 -1 1245 1259 1248 -1 1260 1248 1259 -1 1245 1234 1233 -1 1245 1248 1237 -1 1249 1258 1256 -1 1249 1256 1247 -1 1241 1240 1258 -1 1249 1241 1258 -1 1251 1254 1261 -1 1262 1263 1257 -1 1263 1255 1256 -1 1257 1243 1262 -1 1257 1263 1256 -1 1263 1262 1264 -1 1255 1263 1264 -1 1227 1241 1249 -1 1260 1265 1248 -1 1265 1239 1226 -1 1265 1219 1248 -1 1265 1226 1219 -1 1266 1267 1268 -1 1269 1268 1267 -1 1270 1271 1272 -1 1273 1266 1272 -1 1271 1270 1274 -1 1268 1269 1275 -1 1270 1268 1275 -1 1275 1274 1270 -1 1266 1268 1272 -1 1270 1272 1268 -1 1276 1277 1278 -1 1278 1279 1276 -1 1280 1274 1281 -1 1282 1277 1266 -1 1281 1274 1283 -1 1284 1285 1286 -1 1274 1275 1283 -1 1284 1286 1287 -1 1287 1286 1288 -1 1288 1289 1287 -1 1289 1288 1290 -1 1291 1275 1269 -1 1276 1279 1292 -1 1292 1267 1276 -1 1291 1269 1293 -1 1271 1286 1285 -1 1285 1273 1271 -1 1277 1276 1266 -1 1272 1271 1273 -1 1269 1267 1292 -1 1293 1292 1294 -1 1269 1292 1293 -1 1276 1267 1266 -1 1280 1288 1286 -1 1286 1271 1280 -1 1273 1282 1266 -1 1274 1280 1271 -1 1277 1295 1278 -1 1296 1297 1298 -1 1299 1297 1296 -1 1280 1281 1300 -1 1294 1279 1278 -1 1301 1302 1303 -1 1292 1279 1294 -1 1302 1301 1304 -1 1281 1283 1305 -1 1302 1306 1303 -1 1295 1277 1307 -1 1302 1289 1306 -1 1300 1290 1288 -1 1308 1307 1277 -1 1280 1300 1288 -1 1293 1294 1309 -1 1275 1291 1283 -1 1310 1308 1282 -1 1308 1277 1282 -1 1298 1297 1311 -1 1297 1299 1312 -1 1313 1311 1297 -1 1314 1315 1311 -1 1311 1313 1314 -1 1312 1313 1297 -1 1315 1314 1316 -1 1312 1299 1273 -1 1316 1314 1317 -1 1314 1313 1284 -1 1285 1313 1312 -1 1285 1284 1313 -1 1299 1310 1273 -1 1314 1304 1317 -1 1314 1284 1304 -1 1317 1304 1301 -1 1284 1287 1304 -1 1304 1287 1302 -1 1287 1289 1302 -1 1310 1282 1273 -1 1312 1273 1285 -1 1309 1294 1318 -1 1307 1319 1320 -1 1278 1295 1321 -1 1322 1323 1311 -1 1315 1322 1311 -1 1278 1321 1324 -1 1293 1309 1325 -1 1298 1311 1323 -1 1291 1293 1325 -1 1316 1322 1315 -1 1326 1303 1327 -1 1301 1303 1326 -1 1318 1278 1324 -1 1283 1291 1305 -1 1299 1328 1310 -1 1320 1295 1307 -1 1294 1278 1318 -1 1303 1306 1327 -1 1306 1289 1329 -1 1289 1330 1329 -1 1322 1316 1331 -1 1332 1333 1319 -1 1334 1324 1321 -1 1320 1319 1335 -1 1336 1337 1338 -1 1320 1335 1339 -1 1340 1337 1341 -1 1300 1281 1342 -1 1333 1343 1335 -1 1335 1319 1333 -1 1281 1305 1342 -1 1344 1332 1340 -1 1320 1339 1295 -1 1339 1321 1295 -1 1345 1338 1346 -1 1345 1346 1347 -1 1323 1322 1331 -1 1348 1323 1331 -1 1333 1349 1350 -1 1333 1332 1349 -1 1308 1328 1351 -1 1346 1338 1296 -1 1337 1296 1338 -1 1296 1337 1352 -1 1310 1328 1308 -1 1347 1346 1298 -1 1346 1296 1298 -1 1298 1353 1347 -1 1353 1323 1348 -1 1353 1298 1323 -1 1354 1319 1307 -1 1308 1354 1307 -1 1296 1352 1299 -1 1337 1340 1351 -1 1352 1337 1351 -1 1352 1351 1328 -1 1331 1316 1355 -1 1340 1332 1354 -1 1354 1351 1340 -1 1319 1354 1332 -1 1316 1317 1356 -1 1356 1355 1316 -1 1326 1356 1301 -1 1301 1356 1317 -1 1351 1354 1308 -1 1352 1328 1299 -1 1290 1330 1289 -1 1357 1350 1358 -1 1359 1350 1357 -1 1350 1343 1333 -1 1324 1334 1360 -1 1359 1343 1350 -1 1358 1361 1362 -1 1318 1324 1360 -1 1363 1343 1359 -1 1364 1365 1344 -1 1335 1343 1363 -1 1345 1336 1338 -1 1366 1342 1305 -1 1363 1339 1335 -1 1367 1345 1368 -1 1305 1291 1366 -1 1366 1291 1325 -1 1344 1349 1332 -1 1321 1339 1369 -1 1334 1321 1369 -1 1370 1368 1347 -1 1326 1327 1371 -1 1327 1306 1372 -1 1347 1353 1370 -1 1306 1329 1372 -1 1347 1368 1345 -1 1361 1344 1365 -1 1344 1361 1349 -1 1361 1358 1349 -1 1349 1358 1350 -1 1357 1358 1373 -1 1361 1374 1362 -1 1357 1375 1359 -1 1363 1359 1375 -1 1376 1377 1378 -1 1375 1379 1363 -1 1325 1309 1380 -1 1362 1373 1358 -1 1339 1363 1379 -1 1369 1339 1379 -1 1381 1377 1382 -1 1365 1383 1384 -1 1385 1382 1386 -1 1386 1382 1377 -1 1365 1387 1361 -1 1374 1361 1387 -1 1368 1370 1388 -1 1389 1370 1353 -1 1348 1390 1389 -1 1331 1390 1348 -1 1391 1356 1326 -1 1392 1329 1330 -1 1392 1330 1393 -1 1380 1309 1318 -1 1330 1290 1393 -1 1383 1365 1364 -1 1290 1300 1393 -1 1393 1300 1342 -1 1341 1383 1364 -1 1376 1383 1341 -1 1378 1377 1381 -1 1341 1364 1340 -1 1344 1340 1364 -1 1336 1386 1377 -1 1376 1336 1377 -1 1390 1331 1394 -1 1336 1376 1341 -1 1331 1355 1395 -1 1395 1394 1331 -1 1355 1356 1391 -1 1391 1395 1355 -1 1345 1367 1386 -1 1386 1367 1385 -1 1386 1336 1345 -1 1336 1341 1337 -1 1388 1367 1368 -1 1385 1367 1388 -1 1348 1389 1353 -1 1396 1397 1387 -1 1374 1387 1397 -1 1398 1399 1400 -1 1401 1397 1396 -1 1402 1403 1374 -1 1362 1374 1403 -1 1404 1405 1406 -1 1373 1362 1403 -1 1406 1382 1407 -1 1408 1402 1397 -1 1374 1397 1402 -1 1357 1373 1409 -1 1387 1384 1396 -1 1375 1357 1409 -1 1365 1384 1387 -1 1327 1372 1371 -1 1382 1406 1381 -1 1382 1385 1410 -1 1407 1382 1410 -1 1389 1411 1370 -1 1412 1403 1402 -1 1413 1414 1415 -1 1416 1342 1366 -1 1414 1413 1401 -1 1399 1414 1401 -1 1417 1418 1419 -1 1373 1403 1420 -1 1373 1421 1409 -1 1399 1401 1400 -1 1421 1422 1409 -1 1375 1409 1422 -1 1418 1414 1423 -1 1424 1375 1422 -1 1414 1399 1423 -1 1419 1425 1426 -1 1418 1425 1419 -1 1372 1329 1427 -1 1392 1427 1329 -1 1401 1413 1428 -1 1423 1425 1418 -1 1405 1426 1425 -1 1404 1426 1405 -1 1429 1410 1385 -1 1430 1401 1428 -1 1401 1430 1397 -1 1430 1431 1408 -1 1408 1397 1430 -1 1402 1408 1412 -1 1432 1389 1390 -1 1371 1391 1326 -1 1396 1400 1401 -1 1433 1380 1318 -1 1399 1398 1423 -1 1398 1384 1383 -1 1423 1398 1383 -1 1423 1383 1376 -1 1398 1400 1384 -1 1400 1396 1384 -1 1378 1405 1425 -1 1375 1424 1379 -1 1434 1379 1424 -1 1425 1423 1378 -1 1379 1434 1369 -1 1406 1405 1381 -1 1405 1378 1381 -1 1435 1369 1434 -1 1435 1334 1369 -1 1390 1394 1432 -1 1378 1423 1376 -1 1429 1388 1436 -1 1385 1388 1429 -1 1388 1411 1436 -1 1370 1411 1388 -1 1366 1325 1380 -1 1380 1416 1366 -1 1380 1437 1416 -1 1438 1412 1408 -1 1439 1440 1441 -1 1415 1440 1439 -1 1403 1412 1442 -1 1420 1403 1442 -1 1420 1421 1373 -1 1441 1440 1417 -1 1392 1393 1443 -1 1444 1417 1445 -1 1441 1417 1444 -1 1393 1342 1443 -1 1417 1440 1414 -1 1443 1342 1416 -1 1415 1414 1440 -1 1395 1391 1446 -1 1445 1419 1447 -1 1371 1372 1448 -1 1445 1417 1419 -1 1417 1414 1418 -1 1449 1430 1450 -1 1451 1447 1419 -1 1430 1449 1431 -1 1431 1449 1452 -1 1452 1453 1431 -1 1419 1426 1451 -1 1454 1451 1426 -1 1426 1404 1454 -1 1404 1406 1454 -1 1428 1450 1430 -1 1438 1431 1453 -1 1408 1431 1438 -1 1455 1442 1438 -1 1412 1438 1442 -1 1456 1457 1439 -1 1439 1458 1415 -1 1456 1439 1444 -1 1459 1420 1442 -1 1458 1439 1457 -1 1444 1439 1441 -1 1415 1458 1460 -1 1461 1460 1458 -1 1443 1462 1392 -1 1371 1446 1391 -1 1372 1427 1463 -1 1448 1372 1463 -1 1444 1445 1464 -1 1461 1465 1450 -1 1461 1450 1460 -1 1462 1427 1392 -1 1465 1466 1467 -1 1447 1451 1468 -1 1447 1464 1445 -1 1467 1469 1449 -1 1465 1467 1450 -1 1451 1454 1468 -1 1469 1452 1449 -1 1449 1450 1467 -1 1468 1454 1470 -1 1453 1452 1471 -1 1455 1438 1453 -1 1458 1457 1472 -1 1461 1458 1473 -1 1334 1435 1360 -1 1473 1474 1461 -1 1465 1461 1474 -1 1474 1475 1465 -1 1406 1470 1454 -1 1470 1407 1476 -1 1406 1407 1470 -1 1477 1466 1475 -1 1466 1465 1475 -1 1360 1478 1318 -1 1410 1476 1407 -1 1479 1466 1477 -1 1433 1318 1478 -1 1467 1466 1479 -1 1479 1469 1467 -1 1415 1460 1413 -1 1450 1428 1460 -1 1428 1413 1460 -1 1462 1463 1427 -1 1480 1416 1437 -1 1448 1463 1481 -1 1472 1482 1474 -1 1474 1473 1472 -1 1475 1474 1482 -1 1483 1484 1485 -1 1462 1443 1486 -1 1487 1456 1488 -1 1485 1484 1489 -1 1489 1477 1485 -1 1490 1491 1492 -1 1490 1492 1493 -1 1456 1487 1457 -1 1493 1492 1494 -1 1452 1469 1495 -1 1471 1452 1495 -1 1496 1453 1471 -1 1455 1453 1496 -1 1442 1455 1459 -1 1444 1488 1456 -1 1497 1420 1459 -1 1488 1444 1498 -1 1394 1395 1432 -1 1446 1432 1395 -1 1444 1464 1498 -1 1464 1447 1499 -1 1447 1468 1499 -1 1436 1411 1500 -1 1389 1500 1411 -1 1501 1481 1463 -1 1416 1480 1486 -1 1502 1371 1448 -1 1503 1504 1505 -1 1504 1503 1506 -1 1482 1507 1485 -1 1485 1475 1482 -1 1491 1508 1509 -1 1483 1485 1507 -1 1486 1443 1416 -1 1510 1488 1498 -1 1483 1511 1484 -1 1484 1511 1512 -1 1498 1464 1513 -1 1513 1464 1499 -1 1499 1468 1514 -1 1476 1410 1515 -1 1516 1517 1518 -1 1489 1484 1512 -1 1429 1515 1410 -1 1519 1489 1512 -1 1520 1489 1519 -1 1389 1432 1500 -1 1496 1495 1521 -1 1471 1495 1496 -1 1455 1496 1522 -1 1522 1459 1455 -1 1494 1492 1523 -1 1422 1421 1497 -1 1468 1470 1514 -1 1514 1470 1524 -1 1470 1476 1524 -1 1525 1507 1482 -1 1525 1526 1483 -1 1483 1507 1525 -1 1526 1511 1483 -1 1473 1458 1472 -1 1485 1477 1475 -1 1520 1477 1489 -1 1477 1520 1479 -1 1469 1479 1520 -1 1527 1520 1519 -1 1469 1520 1527 -1 1495 1469 1527 -1 1421 1420 1497 -1 1463 1462 1528 -1 1528 1501 1463 -1 1446 1371 1502 -1 1502 1448 1481 -1 1529 1530 1531 -1 1486 1528 1462 -1 1435 1478 1360 -1 1532 1533 1534 -1 1533 1532 1535 -1 1534 1536 1505 -1 1537 1538 1539 -1 1536 1540 1505 -1 1541 1542 1543 -1 1544 1505 1540 -1 1505 1544 1503 -1 1433 1545 1380 -1 1529 1531 1546 -1 1504 1534 1505 -1 1545 1437 1380 -1 1532 1534 1504 -1 1532 1504 1547 -1 1509 1548 1549 -1 1504 1506 1547 -1 1542 1550 1543 -1 1517 1503 1544 -1 1544 1551 1518 -1 1540 1551 1544 -1 1544 1518 1517 -1 1503 1517 1506 -1 1516 1506 1517 -1 1552 1547 1506 -1 1538 1550 1539 -1 1509 1508 1548 -1 1506 1516 1552 -1 1509 1553 1491 -1 1554 1519 1512 -1 1555 1539 1556 -1 1522 1496 1557 -1 1539 1555 1558 -1 1559 1491 1553 -1 1535 1532 1560 -1 1498 1513 1561 -1 1422 1497 1562 -1 1560 1532 1547 -1 1491 1559 1492 -1 1492 1559 1523 -1 1518 1563 1564 -1 1564 1516 1518 -1 1530 1565 1560 -1 1435 1434 1566 -1 1523 1567 1494 -1 1568 1494 1567 -1 1569 1564 1563 -1 1516 1564 1552 -1 1432 1446 1570 -1 1552 1564 1571 -1 1564 1572 1571 -1 1563 1573 1569 -1 1564 1569 1572 -1 1569 1573 1574 -1 1572 1569 1574 -1 1530 1571 1575 -1 1575 1531 1530 -1 1502 1576 1446 -1 1571 1572 1577 -1 1528 1578 1501 -1 1579 1538 1537 -1 1575 1577 1542 -1 1548 1537 1549 -1 1541 1531 1542 -1 1486 1480 1580 -1 1581 1537 1539 -1 1581 1539 1558 -1 1581 1558 1582 -1 1581 1549 1537 -1 1540 1536 1583 -1 1549 1581 1509 -1 1553 1509 1581 -1 1581 1582 1553 -1 1518 1551 1563 -1 1555 1584 1558 -1 1551 1585 1563 -1 1586 1536 1534 -1 1577 1572 1542 -1 1587 1542 1572 -1 1558 1584 1582 -1 1563 1585 1573 -1 1533 1586 1534 -1 1553 1582 1559 -1 1535 1588 1533 -1 1567 1523 1589 -1 1585 1590 1573 -1 1567 1591 1568 -1 1550 1542 1587 -1 1574 1573 1590 -1 1547 1552 1592 -1 1552 1571 1592 -1 1592 1571 1530 -1 1550 1593 1539 -1 1593 1556 1539 -1 1519 1554 1594 -1 1561 1510 1498 -1 1595 1424 1422 -1 1434 1424 1596 -1 1556 1597 1555 -1 1575 1571 1577 -1 1598 1432 1570 -1 1555 1599 1584 -1 1565 1535 1560 -1 1588 1535 1565 -1 1500 1432 1598 -1 1592 1560 1547 -1 1560 1592 1530 -1 1600 1601 1526 -1 1526 1601 1511 -1 1511 1601 1602 -1 1602 1601 1603 -1 1511 1602 1512 -1 1512 1602 1554 -1 1531 1575 1542 -1 1513 1499 1604 -1 1605 1499 1514 -1 1606 1519 1594 -1 1572 1574 1587 -1 1527 1519 1606 -1 1524 1476 1515 -1 1495 1527 1606 -1 1606 1521 1495 -1 1587 1607 1593 -1 1593 1550 1587 -1 1429 1436 1515 -1 1541 1543 1608 -1 1496 1521 1557 -1 1608 1543 1538 -1 1550 1538 1543 -1 1609 1593 1607 -1 1593 1609 1556 -1 1610 1556 1609 -1 1611 1459 1522 -1 1611 1497 1459 -1 1597 1556 1610 -1 1612 1597 1610 -1 1597 1612 1599 -1 1555 1597 1599 -1 1481 1576 1502 -1 1437 1613 1480 -1 1480 1614 1580 -1 1615 1574 1590 -1 1480 1613 1614 -1 1616 1615 1590 -1 1617 1618 1481 -1 1481 1501 1617 -1 1612 1619 1620 -1 1617 1501 1621 -1 1585 1622 1590 -1 1623 1624 1609 -1 1580 1614 1625 -1 1613 1437 1545 -1 1626 1609 1624 -1 1612 1610 1626 -1 1540 1627 1551 -1 1627 1628 1551 -1 1620 1629 1599 -1 1629 1630 1584 -1 1621 1501 1578 -1 1622 1551 1628 -1 1582 1584 1630 -1 1551 1622 1585 -1 1630 1631 1582 -1 1559 1582 1631 -1 1589 1559 1631 -1 1523 1559 1589 -1 1607 1615 1616 -1 1615 1587 1574 -1 1607 1623 1609 -1 1528 1580 1578 -1 1632 1633 1612 -1 1634 1635 1636 -1 1626 1632 1612 -1 1634 1637 1635 -1 1586 1634 1638 -1 1545 1433 1639 -1 1637 1634 1640 -1 1634 1586 1641 -1 1617 1583 1638 -1 1617 1621 1583 -1 1621 1642 1583 -1 1627 1583 1642 -1 1583 1627 1540 -1 1536 1586 1583 -1 1643 1626 1624 -1 1612 1633 1619 -1 1478 1435 1644 -1 1645 1614 1613 -1 1624 1623 1646 -1 1576 1481 1647 -1 1586 1638 1583 -1 1647 1481 1618 -1 1643 1624 1646 -1 1614 1645 1625 -1 1620 1619 1648 -1 1618 1617 1638 -1 1648 1629 1620 -1 1628 1627 1642 -1 1589 1631 1649 -1 1649 1650 1589 -1 1478 1639 1433 -1 1621 1578 1642 -1 1628 1625 1622 -1 1651 1642 1578 -1 1652 1622 1625 -1 1625 1645 1652 -1 1578 1580 1651 -1 1590 1622 1652 -1 1653 1652 1645 -1 1652 1653 1616 -1 1625 1651 1580 -1 1653 1654 1623 -1 1616 1590 1652 -1 1651 1625 1628 -1 1638 1636 1618 -1 1570 1446 1655 -1 1655 1446 1656 -1 1639 1657 1545 -1 1616 1623 1607 -1 1638 1634 1636 -1 1623 1616 1653 -1 1436 1500 1658 -1 1656 1446 1576 -1 1654 1646 1623 -1 1643 1632 1626 -1 1586 1533 1641 -1 1659 1603 1660 -1 1602 1603 1659 -1 1659 1661 1602 -1 1554 1602 1661 -1 1662 1554 1661 -1 1594 1554 1662 -1 1594 1662 1663 -1 1606 1594 1663 -1 1663 1664 1606 -1 1521 1606 1664 -1 1664 1665 1521 -1 1665 1666 1521 -1 1557 1521 1666 -1 1580 1528 1486 -1 1499 1605 1604 -1 1524 1667 1514 -1 1668 1524 1515 -1 1669 1670 1671 -1 1436 1658 1515 -1 1635 1669 1672 -1 1642 1651 1628 -1 1673 1635 1672 -1 1673 1636 1635 -1 1607 1587 1615 -1 1634 1641 1640 -1 1633 1632 1674 -1 1626 1610 1609 -1 1612 1620 1599 -1 1599 1629 1584 -1 1567 1589 1650 -1 1591 1567 1675 -1 1639 1478 1644 -1 1613 1545 1657 -1 1500 1676 1658 -1 1677 1613 1657 -1 1639 1644 1678 -1 1644 1435 1679 -1 1680 1681 1682 -1 1683 1680 1682 -1 1684 1671 1682 -1 1685 1645 1613 -1 1686 1683 1682 -1 1682 1671 1670 -1 1645 1685 1653 -1 1685 1654 1653 -1 1598 1570 1655 -1 1687 1688 1654 -1 1689 1690 1688 -1 1690 1691 1692 -1 1692 1688 1690 -1 1654 1685 1687 -1 1682 1681 1684 -1 1667 1524 1693 -1 1681 1694 1684 -1 1668 1693 1524 -1 1688 1692 1646 -1 1695 1672 1694 -1 1669 1671 1684 -1 1654 1688 1646 -1 1684 1672 1669 -1 1684 1694 1672 -1 1646 1692 1643 -1 1695 1696 1636 -1 1692 1697 1698 -1 1636 1673 1695 -1 1698 1643 1692 -1 1674 1632 1698 -1 1632 1643 1698 -1 1500 1598 1676 -1 1699 1636 1696 -1 1674 1698 1700 -1 1656 1576 1701 -1 1647 1701 1576 -1 1700 1702 1674 -1 1703 1647 1699 -1 1704 1633 1702 -1 1633 1704 1619 -1 1699 1647 1618 -1 1648 1619 1704 -1 1705 1562 1497 -1 1562 1595 1422 -1 1595 1706 1424 -1 1596 1424 1706 -1 1434 1596 1566 -1 1678 1657 1639 -1 1677 1685 1613 -1 1707 1678 1644 -1 1598 1655 1708 -1 1708 1709 1598 -1 1658 1676 1710 -1 1711 1712 1713 -1 1713 1712 1714 -1 1715 1716 1717 -1 1718 1711 1689 -1 1715 1717 1719 -1 1605 1514 1667 -1 1681 1717 1716 -1 1720 1683 1686 -1 1721 1720 1686 -1 1713 1689 1711 -1 1668 1515 1722 -1 1515 1658 1722 -1 1722 1658 1710 -1 1598 1709 1676 -1 1723 1724 1716 -1 1716 1724 1681 -1 1725 1726 1724 -1 1724 1726 1694 -1 1727 1694 1726 -1 1697 1728 1729 -1 1730 1729 1728 -1 1694 1681 1724 -1 1694 1727 1695 -1 1731 1700 1698 -1 1700 1731 1732 -1 1700 1732 1702 -1 1703 1733 1734 -1 1648 1704 1735 -1 1735 1736 1648 -1 1650 1649 1737 -1 1655 1656 1708 -1 1708 1656 1701 -1 1647 1703 1701 -1 1644 1679 1707 -1 1738 1657 1678 -1 1739 1657 1738 -1 1657 1739 1677 -1 1739 1740 1687 -1 1677 1739 1687 -1 1677 1687 1685 -1 1741 1522 1557 -1 1674 1702 1633 -1 1629 1648 1742 -1 1742 1648 1736 -1 1742 1743 1629 -1 1630 1629 1743 -1 1743 1649 1630 -1 1630 1649 1631 -1 1737 1675 1650 -1 1650 1675 1567 -1 1513 1744 1561 -1 1513 1604 1745 -1 1719 1717 1683 -1 1719 1683 1746 -1 1683 1717 1680 -1 1681 1680 1717 -1 1746 1683 1720 -1 1727 1696 1695 -1 1733 1696 1727 -1 1699 1696 1733 -1 1747 1660 1748 -1 1659 1660 1747 -1 1747 1661 1659 -1 1733 1703 1699 -1 1661 1749 1662 -1 1673 1672 1695 -1 1663 1662 1750 -1 1751 1752 1663 -1 1664 1663 1752 -1 1618 1636 1699 -1 1687 1740 1689 -1 1687 1689 1688 -1 1689 1713 1690 -1 1713 1753 1690 -1 1753 1691 1690 -1 1753 1728 1697 -1 1697 1691 1753 -1 1692 1691 1697 -1 1698 1697 1729 -1 1729 1731 1698 -1 1435 1566 1679 -1 1709 1710 1676 -1 1679 1566 1754 -1 1730 1755 1756 -1 1730 1728 1755 -1 1703 1708 1701 -1 1678 1707 1738 -1 1757 1718 1740 -1 1756 1758 1730 -1 1759 1738 1707 -1 1760 1761 1710 -1 1710 1709 1760 -1 1757 1762 1718 -1 1708 1703 1763 -1 1764 1765 1712 -1 1605 1667 1766 -1 1765 1767 1712 -1 1768 1715 1769 -1 1770 1723 1768 -1 1715 1723 1716 -1 1768 1723 1715 -1 1719 1769 1715 -1 1771 1769 1719 -1 1772 1773 1720 -1 1720 1721 1772 -1 1723 1725 1724 -1 1725 1774 1775 -1 1725 1776 1726 -1 1727 1726 1777 -1 1725 1723 1774 -1 1777 1733 1727 -1 1734 1733 1777 -1 1726 1776 1777 -1 1734 1763 1703 -1 1760 1709 1778 -1 1778 1708 1763 -1 1709 1708 1778 -1 1497 1611 1779 -1 1705 1497 1779 -1 1754 1707 1679 -1 1754 1780 1707 -1 1759 1707 1780 -1 1757 1759 1780 -1 1738 1759 1739 -1 1739 1759 1740 -1 1759 1757 1740 -1 1762 1764 1712 -1 1762 1712 1718 -1 1712 1711 1718 -1 1714 1753 1713 -1 1755 1781 1756 -1 1714 1782 1755 -1 1740 1718 1689 -1 1714 1755 1753 -1 1755 1728 1753 -1 1729 1730 1783 -1 1729 1783 1731 -1 1735 1702 1784 -1 1704 1702 1735 -1 1596 1754 1566 -1 1758 1783 1730 -1 1596 1785 1754 -1 1786 1562 1787 -1 1595 1562 1786 -1 1596 1706 1785 -1 1780 1788 1757 -1 1766 1604 1605 -1 1789 1693 1668 -1 1790 1758 1756 -1 1722 1791 1668 -1 1765 1792 1793 -1 1794 1765 1793 -1 1764 1762 1795 -1 1796 1797 1798 -1 1797 1796 1774 -1 1732 1731 1799 -1 1799 1784 1732 -1 1767 1800 1801 -1 1802 1770 1768 -1 1769 1802 1768 -1 1737 1649 1803 -1 1712 1767 1714 -1 1801 1714 1767 -1 1714 1801 1782 -1 1800 1804 1805 -1 1761 1791 1722 -1 1722 1710 1761 -1 1806 1807 1808 -1 1809 1806 1808 -1 1760 1809 1808 -1 1809 1778 1763 -1 1779 1810 1705 -1 1810 1787 1705 -1 1705 1787 1562 -1 1786 1706 1595 -1 1706 1786 1785 -1 1811 1522 1741 -1 1811 1611 1522 -1 1732 1784 1702 -1 1742 1812 1743 -1 1649 1743 1812 -1 1812 1803 1649 -1 1813 1675 1737 -1 1591 1675 1813 -1 1813 1814 1591 -1 1788 1762 1757 -1 1764 1792 1765 -1 1794 1767 1765 -1 1745 1744 1513 -1 1805 1801 1800 -1 1774 1796 1775 -1 1802 1798 1770 -1 1770 1798 1797 -1 1782 1801 1805 -1 1805 1804 1815 -1 1770 1797 1774 -1 1774 1723 1770 -1 1816 1775 1817 -1 1775 1816 1776 -1 1818 1771 1719 -1 1719 1746 1818 -1 1818 1746 1773 -1 1816 1819 1820 -1 1820 1776 1816 -1 1746 1720 1773 -1 1806 1777 1820 -1 1725 1775 1776 -1 1820 1777 1776 -1 1806 1809 1777 -1 1809 1734 1777 -1 1778 1809 1760 -1 1809 1763 1734 -1 1821 1822 1748 -1 1747 1748 1822 -1 1822 1749 1747 -1 1661 1747 1749 -1 1749 1823 1662 -1 1750 1662 1823 -1 1665 1664 1752 -1 1666 1741 1557 -1 1781 1782 1805 -1 1755 1782 1781 -1 1824 1805 1815 -1 1781 1805 1824 -1 1824 1790 1781 -1 1781 1790 1756 -1 1799 1783 1825 -1 1783 1799 1731 -1 1754 1788 1780 -1 1786 1787 1826 -1 1826 1827 1786 -1 1668 1791 1828 -1 1788 1754 1785 -1 1829 1826 1787 -1 1769 1771 1830 -1 1810 1779 1831 -1 1766 1667 1832 -1 1810 1829 1787 -1 1832 1667 1789 -1 1789 1667 1693 -1 1827 1785 1786 -1 1789 1668 1828 -1 1785 1827 1833 -1 1785 1833 1788 -1 1834 1798 1835 -1 1836 1788 1833 -1 1834 1837 1796 -1 1834 1796 1798 -1 1838 1839 1798 -1 1798 1802 1838 -1 1802 1769 1840 -1 1840 1769 1830 -1 1788 1795 1762 -1 1817 1796 1837 -1 1796 1817 1775 -1 1841 1842 1792 -1 1842 1793 1792 -1 1819 1843 1820 -1 1792 1795 1841 -1 1807 1820 1843 -1 1820 1807 1806 -1 1764 1795 1792 -1 1844 1791 1845 -1 1800 1767 1794 -1 1761 1845 1791 -1 1846 1845 1761 -1 1847 1846 1808 -1 1848 1849 1800 -1 1808 1846 1760 -1 1800 1849 1804 -1 1849 1850 1804 -1 1760 1846 1761 -1 1850 1815 1804 -1 1783 1758 1851 -1 1825 1783 1851 -1 1825 1852 1799 -1 1784 1799 1852 -1 1852 1853 1784 -1 1854 1735 1784 -1 1855 1742 1736 -1 1828 1791 1856 -1 1844 1856 1791 -1 1832 1789 1857 -1 1858 1859 1831 -1 1810 1831 1859 -1 1859 1829 1810 -1 1860 1861 1862 -1 1863 1864 1865 -1 1866 1863 1867 -1 1745 1604 1868 -1 1604 1766 1868 -1 1836 1833 1869 -1 1833 1827 1826 -1 1864 1870 1865 -1 1865 1870 1871 -1 1871 1870 1872 -1 1873 1872 1874 -1 1862 1875 1860 -1 1828 1857 1789 -1 1857 1828 1856 -1 1841 1875 1842 -1 1875 1862 1842 -1 1867 1863 1876 -1 1876 1863 1837 -1 1837 1863 1817 -1 1877 1867 1876 -1 1878 1879 1848 -1 1835 1798 1839 -1 1878 1793 1862 -1 1863 1865 1817 -1 1848 1794 1878 -1 1865 1871 1817 -1 1879 1880 1881 -1 1881 1848 1879 -1 1848 1881 1849 -1 1849 1881 1882 -1 1849 1882 1883 -1 1883 1850 1849 -1 1871 1872 1819 -1 1884 1850 1883 -1 1815 1850 1884 -1 1872 1873 1843 -1 1790 1824 1885 -1 1843 1873 1847 -1 1873 1844 1845 -1 1851 1886 1825 -1 1847 1845 1846 -1 1873 1845 1847 -1 1853 1854 1784 -1 1854 1736 1735 -1 1803 1812 1887 -1 1888 1889 1741 -1 1741 1889 1811 -1 1811 1889 1890 -1 1811 1891 1611 -1 1890 1891 1811 -1 1611 1891 1779 -1 1892 1830 1771 -1 1891 1831 1779 -1 1831 1891 1858 -1 1771 1818 1892 -1 1818 1773 1892 -1 1892 1773 1893 -1 1795 1836 1841 -1 1795 1788 1836 -1 1893 1773 1894 -1 1773 1772 1894 -1 1793 1842 1862 -1 1794 1793 1878 -1 1800 1794 1848 -1 1876 1834 1877 -1 1876 1837 1834 -1 1877 1834 1835 -1 1838 1802 1840 -1 1817 1871 1816 -1 1871 1819 1816 -1 1819 1872 1843 -1 1807 1843 1847 -1 1808 1807 1847 -1 1749 1822 1895 -1 1750 1751 1663 -1 1751 1896 1752 -1 1665 1752 1896 -1 1665 1888 1666 -1 1741 1666 1888 -1 1885 1824 1884 -1 1884 1824 1815 -1 1887 1742 1855 -1 1812 1742 1887 -1 1766 1832 1897 -1 1844 1898 1856 -1 1829 1869 1826 -1 1897 1832 1899 -1 1832 1857 1900 -1 1890 1889 1901 -1 1891 1890 1901 -1 1901 1902 1891 -1 1891 1902 1858 -1 1859 1903 1829 -1 1904 1829 1903 -1 1829 1904 1869 -1 1905 1744 1906 -1 1744 1745 1906 -1 1745 1868 1906 -1 1907 1908 1909 -1 1866 1908 1863 -1 1910 1860 1875 -1 1908 1864 1863 -1 1867 1911 1866 -1 1878 1862 1861 -1 1906 1868 1897 -1 1912 1913 1914 -1 1914 1861 1912 -1 1914 1878 1861 -1 1868 1766 1897 -1 1914 1915 1916 -1 1869 1910 1836 -1 1826 1869 1833 -1 1910 1875 1836 -1 1841 1836 1875 -1 1870 1917 1874 -1 1878 1914 1879 -1 1916 1879 1914 -1 1916 1918 1880 -1 1880 1879 1916 -1 1919 1920 1918 -1 1880 1918 1920 -1 1880 1920 1921 -1 1881 1880 1921 -1 1872 1870 1874 -1 1882 1881 1921 -1 1922 1882 1921 -1 1883 1882 1922 -1 1922 1923 1883 -1 1884 1883 1923 -1 1924 1900 1898 -1 1898 1900 1856 -1 1856 1900 1857 -1 1898 1873 1874 -1 1873 1898 1844 -1 1867 1877 1925 -1 1926 1927 1839 -1 1839 1838 1926 -1 1790 1885 1928 -1 1758 1790 1928 -1 1886 1851 1929 -1 1852 1825 1886 -1 1854 1855 1736 -1 1737 1803 1930 -1 1832 1900 1899 -1 1931 1900 1924 -1 1889 1888 1932 -1 1932 1933 1889 -1 1901 1889 1933 -1 1928 1885 1934 -1 1933 1935 1901 -1 1935 1902 1901 -1 1936 1905 1906 -1 1852 1886 1937 -1 1936 1906 1938 -1 1853 1852 1937 -1 1939 1940 1941 -1 1942 1902 1935 -1 1935 1941 1940 -1 1940 1942 1935 -1 1943 1909 1944 -1 1943 1907 1909 -1 1911 1945 1866 -1 1939 1946 1947 -1 1948 1949 1950 -1 1951 1950 1952 -1 1950 1949 1952 -1 1953 1912 1947 -1 1953 1954 1955 -1 1956 1957 1958 -1 1953 1955 1913 -1 1906 1897 1938 -1 1938 1897 1959 -1 1955 1919 1960 -1 1957 1931 1958 -1 1958 1931 1924 -1 1899 1931 1959 -1 1959 1897 1899 -1 1960 1919 1918 -1 1931 1899 1900 -1 1920 1919 1961 -1 1961 1962 1920 -1 1921 1920 1962 -1 1962 1922 1921 -1 1911 1867 1925 -1 1923 1922 1963 -1 1884 1934 1885 -1 1803 1887 1964 -1 1964 1930 1803 -1 1813 1737 1930 -1 1814 1813 1965 -1 1965 1966 1814 -1 1830 1892 1967 -1 1942 1858 1902 -1 1903 1859 1942 -1 1942 1859 1858 -1 1942 1940 1904 -1 1904 1940 1968 -1 1968 1940 1939 -1 1904 1903 1942 -1 1904 1968 1910 -1 1910 1869 1904 -1 1968 1939 1969 -1 1969 1939 1947 -1 1969 1947 1912 -1 1968 1969 1860 -1 1912 1860 1969 -1 1953 1913 1912 -1 1908 1907 1951 -1 1866 1945 1909 -1 1909 1945 1944 -1 1960 1913 1955 -1 1909 1908 1866 -1 1913 1960 1915 -1 1951 1907 1950 -1 1860 1910 1968 -1 1912 1861 1860 -1 1951 1952 1864 -1 1915 1914 1913 -1 1949 1956 1952 -1 1952 1956 1917 -1 1917 1956 1958 -1 1864 1908 1951 -1 1915 1960 1918 -1 1864 1952 1870 -1 1915 1918 1916 -1 1952 1917 1870 -1 1924 1917 1958 -1 1874 1924 1898 -1 1917 1924 1874 -1 1925 1877 1970 -1 1970 1877 1927 -1 1835 1927 1877 -1 1835 1839 1927 -1 1838 1840 1926 -1 1926 1840 1971 -1 1971 1840 1830 -1 1822 1821 1972 -1 1972 1895 1822 -1 1749 1895 1973 -1 1823 1749 1973 -1 1823 1974 1750 -1 1751 1750 1974 -1 1974 1975 1751 -1 1976 1751 1975 -1 1896 1751 1976 -1 1896 1976 1665 -1 1976 1977 1665 -1 1665 1977 1888 -1 1977 1932 1888 -1 1978 1977 1976 -1 1979 1980 1932 -1 1933 1932 1980 -1 1981 1941 1980 -1 1941 1933 1980 -1 1941 1935 1933 -1 1982 1936 1983 -1 1936 1982 1905 -1 1984 1985 1946 -1 1983 1936 1938 -1 1938 1986 1983 -1 1985 1987 1946 -1 1984 1946 1939 -1 1988 1946 1987 -1 1989 1943 1944 -1 1990 1911 1925 -1 1988 1991 1954 -1 1948 1992 1949 -1 1992 1993 1956 -1 1949 1992 1956 -1 1993 1986 1994 -1 1994 1957 1993 -1 1928 1851 1758 -1 1988 1953 1947 -1 1994 1986 1959 -1 1986 1938 1959 -1 1886 1929 1995 -1 1995 1996 1886 -1 1931 1994 1959 -1 1927 1926 1997 -1 1937 1886 1996 -1 1954 1991 1998 -1 1999 1954 1998 -1 1999 1955 1954 -1 1854 2000 1855 -1 1999 1919 1955 -1 1919 1999 2001 -1 2001 1961 1919 -1 1923 1963 1934 -1 1884 1923 1934 -1 2002 1998 1991 -1 1973 1895 2003 -1 1975 1974 2004 -1 1978 1979 1977 -1 1932 1977 1979 -1 2005 2006 2007 -1 2007 1980 1979 -1 2007 2006 1981 -1 2008 2006 2005 -1 2006 2008 1984 -1 2008 2009 1985 -1 2010 1985 2009 -1 2008 1985 1984 -1 1987 1985 2010 -1 2011 2012 2013 -1 2011 2013 2002 -1 1980 2007 1981 -1 2006 1984 1981 -1 1987 2011 1988 -1 1991 1988 2011 -1 2011 2002 1991 -1 2002 2014 1998 -1 2015 1998 2014 -1 1999 1998 2015 -1 2015 2001 1999 -1 1961 2001 2016 -1 2016 1962 1961 -1 2017 1989 2018 -1 1989 1944 2018 -1 1928 1929 1851 -1 1926 1971 1997 -1 1853 2019 1854 -1 1972 1821 2020 -1 1972 2020 2021 -1 1972 2021 1895 -1 1895 2021 2022 -1 1895 2022 2003 -1 1973 2003 2023 -1 1973 2023 1823 -1 1823 2023 1974 -1 2024 1975 2004 -1 1976 1975 2024 -1 2024 1978 1976 -1 1981 1939 1941 -1 1981 1984 1939 -1 1854 2019 2000 -1 1887 1855 2000 -1 1964 1887 2000 -1 2025 1930 1964 -1 2025 2026 1965 -1 1930 1965 1813 -1 2025 1965 1930 -1 2026 2027 1965 -1 1965 2027 1966 -1 1946 1988 1947 -1 1988 1954 1953 -1 1944 1945 2018 -1 1911 1990 1945 -1 1945 1990 2018 -1 1956 1993 1957 -1 1931 1957 1994 -1 1925 1970 2028 -1 1927 2028 1970 -1 1971 1830 1967 -1 2029 1893 1894 -1 2002 2030 2014 -1 2021 2031 2022 -1 2031 2032 2022 -1 2003 2022 2032 -1 2023 2003 2032 -1 2032 2033 2023 -1 2023 2004 1974 -1 2033 2004 2023 -1 2033 2034 2035 -1 1979 1978 2036 -1 2005 1979 2036 -1 1979 2005 2007 -1 2012 2037 2038 -1 2013 2012 2038 -1 2002 2013 2030 -1 2015 2039 2001 -1 2016 2001 2039 -1 1962 2016 2039 -1 2039 2040 1962 -1 1922 1962 2040 -1 1963 1922 2041 -1 1928 1934 2042 -1 2042 2043 1928 -1 2043 1929 1928 -1 1996 2044 1937 -1 1853 1937 2045 -1 2021 2020 2046 -1 2046 2031 2021 -1 2032 2031 2047 -1 2047 2048 2032 -1 2048 2033 2032 -1 2049 2050 2051 -1 2052 2033 2048 -1 2050 2049 2053 -1 2050 2054 2055 -1 2054 2050 2053 -1 2033 2052 2034 -1 2052 2056 2034 -1 2034 2056 2057 -1 2058 2059 2056 -1 2058 2060 2061 -1 2059 2058 2061 -1 2061 2060 2062 -1 2045 1937 2044 -1 2056 2059 2057 -1 2063 2026 2064 -1 2027 2026 2063 -1 2062 2065 2037 -1 2037 2012 2062 -1 2038 2037 2066 -1 2067 2038 2066 -1 2013 2038 2067 -1 2013 2067 2030 -1 2015 2014 2068 -1 2069 2015 2068 -1 2039 2015 2069 -1 2040 2039 2070 -1 2040 2041 1922 -1 2071 2042 1934 -1 1964 2072 2025 -1 2072 2073 2025 -1 2073 2026 2025 -1 2045 2019 1853 -1 2033 2035 2004 -1 2064 2026 2073 -1 2004 2035 2024 -1 1978 2024 2035 -1 2019 2074 2000 -1 2035 2034 2036 -1 2036 1978 2035 -1 2000 2074 2075 -1 2075 1964 2000 -1 2034 2057 2036 -1 2072 1964 2075 -1 2057 2005 2036 -1 2008 2005 2057 -1 2076 2058 2056 -1 2009 2057 2059 -1 2059 2061 2010 -1 2010 2009 2059 -1 2077 2010 2061 -1 2061 2062 2077 -1 2062 2012 2077 -1 2008 2057 2009 -1 2077 2012 2011 -1 2010 2077 1987 -1 2011 1987 2077 -1 2017 2018 2078 -1 1990 2078 2018 -1 1990 1925 2079 -1 1925 2028 2079 -1 2028 1927 1997 -1 1963 2041 1934 -1 2041 2071 1934 -1 2080 2049 2051 -1 2080 2081 2082 -1 2067 2066 2083 -1 2084 2072 2075 -1 2030 2067 2083 -1 2083 2085 2030 -1 2030 2085 2014 -1 2085 2068 2014 -1 2073 2072 2086 -1 2086 2087 2073 -1 2064 2073 2087 -1 2087 2088 2064 -1 2088 2063 2064 -1 2089 2063 2088 -1 2090 2091 2046 -1 2031 2046 2091 -1 2091 2047 2031 -1 2091 2092 2047 -1 2092 2048 2047 -1 2048 2092 2093 -1 2092 2094 2093 -1 2048 2093 2052 -1 2052 2093 2056 -1 2076 2056 2093 -1 2080 2051 2095 -1 2055 2096 2050 -1 2050 2096 2051 -1 2097 2055 2054 -1 2098 2099 2100 -1 2049 2080 2082 -1 2053 2049 2082 -1 2101 2066 2037 -1 2037 2065 2101 -1 1929 2043 2102 -1 2102 1995 1929 -1 2103 2098 2104 -1 2080 2105 2081 -1 2096 2095 2051 -1 2083 2066 2106 -1 2106 2107 2083 -1 2108 2098 2103 -1 2072 2084 2109 -1 2107 2085 2083 -1 2110 2111 2105 -1 2103 2104 2112 -1 2095 2110 2105 -1 2113 2110 2095 -1 2112 2104 2114 -1 2115 2095 2096 -1 2115 2113 2095 -1 2095 2105 2080 -1 2105 2111 2081 -1 2108 2099 2098 -1 2100 2099 2116 -1 2116 2117 2100 -1 2086 2072 2109 -1 2118 2086 2119 -1 2087 2086 2118 -1 2120 2055 2121 -1 2087 2118 2122 -1 2123 2091 2090 -1 2088 2087 2122 -1 2122 2124 2125 -1 2126 2088 2122 -1 2123 2127 2094 -1 2122 2125 2126 -1 2121 2055 2097 -1 2121 2125 2124 -1 2123 2092 2091 -1 2094 2092 2123 -1 2125 2121 2128 -1 2088 2126 2089 -1 2126 2125 2128 -1 2128 2121 2129 -1 2129 2121 2097 -1 1996 1995 2130 -1 2044 1996 2130 -1 2120 2096 2055 -1 2082 2081 2131 -1 2131 2132 2082 -1 2066 2101 2133 -1 2133 2106 2066 -1 2078 2134 2017 -1 2078 1990 2135 -1 2069 2068 2136 -1 2079 2135 1990 -1 2039 2069 2070 -1 2070 2137 2040 -1 2040 2137 2041 -1 2041 2137 2138 -1 2071 2041 2138 -1 2045 2139 2019 -1 2019 2139 2074 -1 2140 2074 2139 -1 2140 2084 2074 -1 2074 2084 2075 -1 2110 2113 2111 -1 2121 2124 2141 -1 2142 2117 2116 -1 2140 2139 2143 -1 2143 2144 2140 -1 2084 2140 2144 -1 2144 2109 2084 -1 2106 2133 2145 -1 2146 2147 2148 -1 2115 2120 2147 -1 2068 2085 2149 -1 2136 2068 2149 -1 2115 2150 2113 -1 2150 2151 2111 -1 2081 2111 2151 -1 2120 2115 2096 -1 2086 2109 2152 -1 2119 2086 2152 -1 2152 2146 2119 -1 2119 2146 2148 -1 2122 2118 2124 -1 2081 2153 2131 -1 2154 2155 2156 -1 2154 2157 2116 -1 2142 2116 2157 -1 2116 2155 2154 -1 2158 2131 2153 -1 2108 2155 2099 -1 2159 2112 2160 -1 2112 2108 2103 -1 2160 2112 2114 -1 2043 2042 2161 -1 2102 2043 2161 -1 1995 2102 2162 -1 2045 2044 2163 -1 2139 2045 2163 -1 2164 2165 2143 -1 2165 2144 2143 -1 2144 2165 2166 -1 2167 2144 2166 -1 2167 2168 2146 -1 2169 2149 2085 -1 2147 2146 2168 -1 2137 2170 2138 -1 2109 2144 2167 -1 2167 2146 2152 -1 2152 2109 2167 -1 2042 2071 2171 -1 2171 2161 2042 -1 2120 2148 2147 -1 2172 2173 2174 -1 2172 2115 2175 -1 2172 2174 2150 -1 2115 2172 2150 -1 2174 2151 2150 -1 2176 2164 2163 -1 2139 2163 2164 -1 2143 2139 2164 -1 2174 2177 2151 -1 2153 2081 2151 -1 2156 2155 2108 -1 2178 2156 2108 -1 2153 2179 2158 -1 2160 2158 2179 -1 2159 2160 2179 -1 2178 2108 2112 -1 2159 2178 2112 -1 2180 2181 2182 -1 2180 2182 2154 -1 2154 2182 2157 -1 2156 2180 2154 -1 2157 2182 2183 -1 2157 2183 2142 -1 1995 2162 2130 -1 2078 2135 2134 -1 2134 2135 2184 -1 2130 2162 2176 -1 2131 2158 2132 -1 2130 2176 2044 -1 2136 2185 2069 -1 2160 2114 2158 -1 2163 2044 2176 -1 2185 2070 2069 -1 2153 2151 2186 -1 2111 2113 2150 -1 2099 2155 2116 -1 2124 2118 2148 -1 2148 2118 2119 -1 2124 2148 2141 -1 2148 2120 2141 -1 2120 2121 2141 -1 2169 2106 2145 -1 2107 2106 2169 -1 2107 2169 2085 -1 2187 2182 2181 -1 2188 2171 2071 -1 2189 2178 2190 -1 2156 2178 2191 -1 2192 2175 2115 -1 2147 2192 2115 -1 2193 2194 2192 -1 2151 2177 2186 -1 2195 2193 2168 -1 2193 2192 2168 -1 2186 2190 2179 -1 2159 2179 2190 -1 2166 2195 2167 -1 2167 2195 2168 -1 2196 2197 2181 -1 2147 2168 2192 -1 2198 2196 2180 -1 2180 2196 2181 -1 2198 2180 2156 -1 2199 2200 2201 -1 2201 2202 2199 -1 2182 2187 2183 -1 2202 2201 2173 -1 2202 2175 2203 -1 2173 2172 2202 -1 2175 2202 2172 -1 2173 2201 2177 -1 2173 2177 2174 -1 2175 2192 2194 -1 2162 2102 2204 -1 2205 2162 2204 -1 2205 2206 2162 -1 2162 2206 2176 -1 2206 2207 2176 -1 2164 2176 2207 -1 2207 2165 2164 -1 2177 2208 2186 -1 2190 2186 2208 -1 2071 2138 2188 -1 2166 2209 2195 -1 2195 2209 2193 -1 2193 2210 2194 -1 2202 2203 2199 -1 2196 2198 2211 -1 2196 2212 2197 -1 2211 2212 2196 -1 2136 2213 2185 -1 2102 2161 2214 -1 2204 2102 2214 -1 2170 2137 2070 -1 2138 2170 2215 -1 2206 2205 2216 -1 2215 2188 2138 -1 2216 2217 2206 -1 2206 2217 2207 -1 2218 2219 2217 -1 2207 2217 2219 -1 2220 2219 2218 -1 2219 2166 2207 -1 2219 2220 2209 -1 2209 2166 2219 -1 2220 2210 2209 -1 2209 2210 2193 -1 2221 2210 2220 -1 2175 2194 2203 -1 2222 2201 2200 -1 2194 2210 2221 -1 2201 2222 2177 -1 2221 2203 2194 -1 2165 2207 2166 -1 2223 2177 2222 -1 2208 2177 2223 -1 2224 2225 2226 -1 2226 2189 2227 -1 2226 2225 2189 -1 2225 2191 2189 -1 2198 2156 2191 -1 2227 2190 2208 -1 2227 2189 2190 -1 2189 2191 2178 -1 2228 2229 2203 -1 2203 2229 2199 -1 2200 2229 2230 -1 2199 2229 2200 -1 2222 2200 2230 -1 2231 2208 2223 -1 2231 2224 2226 -1 2208 2231 2227 -1 2231 2226 2227 -1 2169 2145 2232 -1 2232 2233 2169 -1 2169 2233 2149 -1 2179 2153 2186 -1 2190 2178 2159 -1 2234 2223 2222 -1 2235 2223 2234 -1 2235 2234 2236 -1 2224 2235 2236 -1 2236 2237 2224 -1 2224 2237 2225 -1 2212 2211 2238 -1 2145 2239 2232 -1 2214 2161 2240 -1 2237 2211 2191 -1 2149 2213 2136 -1 2225 2237 2191 -1 2204 2214 2241 -1 2241 2242 2204 -1 2243 2070 2185 -1 2204 2242 2205 -1 2242 2216 2205 -1 2244 2245 2246 -1 2171 2240 2161 -1 2244 2247 2248 -1 2247 2228 2248 -1 2216 2245 2249 -1 2249 2217 2216 -1 2249 2218 2217 -1 2218 2249 2250 -1 2250 2220 2218 -1 2245 2244 2249 -1 2249 2244 2250 -1 2244 2248 2250 -1 2220 2250 2221 -1 2221 2250 2248 -1 2251 2252 2253 -1 2254 2252 2228 -1 2228 2252 2229 -1 2230 2229 2252 -1 2255 2256 2230 -1 2255 2230 2252 -1 2230 2256 2222 -1 2257 2211 2237 -1 2214 2240 2241 -1 2242 2241 2258 -1 2216 2242 2258 -1 2216 2259 2245 -1 2213 2149 2260 -1 2246 2261 2244 -1 2261 2247 2244 -1 2262 2253 2263 -1 2215 2264 2188 -1 2171 2188 2264 -1 2265 2171 2264 -1 2240 2171 2265 -1 2251 2266 2267 -1 2268 2266 2262 -1 2254 2263 2252 -1 2252 2263 2253 -1 2267 2269 2255 -1 2252 2251 2255 -1 2228 2247 2254 -1 2270 2254 2247 -1 2262 2266 2253 -1 2234 2222 2256 -1 2228 2203 2248 -1 2271 2234 2256 -1 2272 2236 2271 -1 2271 2236 2234 -1 2257 2237 2272 -1 2236 2272 2237 -1 2257 2238 2211 -1 2191 2211 2198 -1 2258 2273 2259 -1 2246 2259 2273 -1 2273 2261 2246 -1 2258 2259 2216 -1 2246 2245 2259 -1 2261 2270 2247 -1 2274 2233 2232 -1 2221 2248 2203 -1 2266 2251 2253 -1 2231 2223 2235 -1 2224 2231 2235 -1 2254 2270 2275 -1 2255 2251 2267 -1 2269 2256 2255 -1 2276 2277 2268 -1 2277 2278 2268 -1 2268 2278 2279 -1 2185 2213 2243 -1 2170 2070 2243 -1 2280 2281 2282 -1 2283 2284 2170 -1 2215 2170 2284 -1 2285 2286 2281 -1 2264 2215 2284 -1 2284 2287 2264 -1 2287 2288 2264 -1 2264 2288 2265 -1 2280 2289 2269 -1 2288 2290 2265 -1 2265 2290 2240 -1 2280 2282 2289 -1 2289 2282 2257 -1 2291 2276 2268 -1 2282 2281 2286 -1 2291 2268 2262 -1 2291 2263 2292 -1 2291 2262 2263 -1 2279 2266 2268 -1 2290 2241 2240 -1 2290 2293 2241 -1 2266 2279 2267 -1 2294 2293 2295 -1 2275 2295 2296 -1 2296 2297 2275 -1 2275 2297 2254 -1 2258 2241 2293 -1 2294 2258 2293 -1 2273 2258 2294 -1 2295 2273 2294 -1 2260 2149 2233 -1 2297 2263 2254 -1 2280 2269 2267 -1 2288 2298 2290 -1 2298 2293 2290 -1 2299 2281 2300 -1 2170 2243 2301 -1 2283 2170 2301 -1 2283 2302 2284 -1 2302 2303 2284 -1 2299 2304 2281 -1 2303 2287 2284 -1 2287 2303 2305 -1 2281 2304 2285 -1 2288 2287 2305 -1 2306 2288 2305 -1 2306 2307 2298 -1 2288 2306 2298 -1 2296 2295 2293 -1 2298 2307 2296 -1 2298 2296 2293 -1 2297 2296 2307 -1 2307 2292 2297 -1 2277 2308 2309 -1 2277 2276 2308 -1 2309 2278 2277 -1 2291 2310 2276 -1 2311 2279 2278 -1 2312 2279 2311 -1 2292 2310 2291 -1 2297 2292 2263 -1 2239 2313 2232 -1 2233 2274 2260 -1 2292 2314 2310 -1 2267 2279 2312 -1 2315 2312 2316 -1 2315 2267 2312 -1 2316 2300 2315 -1 2300 2317 2299 -1 2273 2295 2261 -1 2295 2275 2261 -1 2270 2261 2275 -1 2280 2267 2315 -1 2315 2300 2280 -1 2280 2300 2281 -1 2269 2289 2271 -1 2271 2256 2269 -1 2318 2307 2306 -1 2292 2307 2318 -1 2257 2282 2238 -1 2286 2238 2282 -1 2271 2289 2272 -1 2289 2257 2272 -1 2232 2313 2274 -1 2319 2320 2308 -1 2243 2213 2321 -1 2320 2322 2308 -1 2309 2308 2322 -1 2319 2308 2310 -1 2301 2243 2321 -1 2321 2323 2301 -1 2283 2301 2324 -1 2322 2325 2309 -1 2283 2324 2302 -1 2302 2324 2326 -1 2303 2302 2326 -1 2305 2303 2326 -1 2327 2305 2326 -1 2319 2310 2328 -1 2327 2329 2318 -1 2327 2318 2306 -1 2327 2306 2305 -1 2276 2310 2308 -1 2309 2330 2278 -1 2331 2278 2330 -1 2318 2329 2314 -1 2328 2314 2329 -1 2278 2331 2311 -1 2328 2310 2314 -1 2312 2311 2316 -1 2316 2311 2317 -1 2317 2332 2299 -1 2333 2334 2332 -1 2332 2334 2304 -1 2332 2304 2299 -1 2316 2317 2300 -1 2260 2335 2213 -1 2321 2213 2335 -1 2301 2323 2324 -1 2324 2323 2336 -1 2336 2326 2324 -1 2336 2337 2326 -1 2329 2337 2338 -1 2337 2327 2326 -1 2339 2340 2341 -1 2342 2319 2343 -1 2342 2320 2319 -1 2342 2339 2320 -1 2344 2330 2325 -1 2339 2341 2325 -1 2341 2344 2325 -1 2309 2325 2330 -1 2330 2344 2345 -1 2345 2346 2333 -1 2330 2345 2331 -1 2345 2347 2331 -1 2347 2311 2331 -1 2333 2347 2345 -1 2347 2333 2348 -1 2348 2311 2347 -1 2348 2333 2332 -1 2348 2332 2311 -1 2311 2332 2317 -1 2328 2329 2343 -1 2328 2343 2319 -1 2329 2327 2337 -1 2314 2292 2318 -1 2320 2339 2325 -1 2322 2320 2325 -1 2349 2350 2340 -1 2350 2351 2340 -1 2349 2340 2339 -1 2342 2349 2339 -1 2274 2313 2352 -1 2341 2340 2351 -1 2274 2353 2260 -1 2353 2335 2260 -1 2344 2341 2354 -1 2355 2335 2353 -1 2356 2335 2355 -1 2321 2335 2356 -1 2342 2357 2349 -1 2356 2358 2321 -1 2323 2321 2358 -1 2343 2357 2342 -1 2358 2336 2323 -1 2336 2358 2359 -1 2358 2360 2338 -1 2338 2359 2358 -1 2360 2361 2338 -1 2354 2362 2344 -1 2344 2362 2345 -1 2343 2361 2357 -1 2338 2361 2343 -1 2346 2362 2354 -1 2359 2337 2336 -1 2338 2337 2359 -1 2338 2343 2329 -1 2363 2364 2365 -1 2365 2346 2363 -1 2346 2345 2362 -1 2366 2367 2368 -1 2351 2350 2367 -1 2366 2351 2367 -1 2365 2333 2346 -1 2366 2369 2351 -1 2370 2369 2371 -1 2353 2274 2352 -1 2352 2372 2353 -1 2372 2355 2353 -1 2356 2355 2373 -1 2374 2375 2376 -1 2356 2373 2374 -1 2377 2350 2349 -1 2358 2356 2374 -1 2377 2349 2357 -1 2374 2360 2358 -1 2351 2369 2354 -1 2354 2341 2351 -1 2369 2370 2354 -1 2367 2378 2379 -1 2368 2367 2379 -1 2363 2346 2354 -1 2378 2367 2350 -1 2366 2371 2369 -1 2363 2354 2380 -1 2380 2354 2370 -1 2374 2376 2360 -1 2375 2377 2376 -1 2357 2376 2377 -1 2360 2376 2361 -1 2357 2361 2376 -1 2381 2372 2352 -1 2372 2381 2382 -1 2355 2372 2382 -1 2373 2355 2382 -1 2373 2375 2374 -1 2375 2383 2377 -1 2384 2381 2352 -1 2383 2378 2350 -1 2377 2383 2350 -1 2381 2385 2382 -1 2383 2386 2378 -1 2387 2386 2383 -1 2382 2385 2388 -1 2389 2388 2385 -1 2388 2390 2382 -1 2382 2390 2373 -1 2390 2388 2391 -1 2387 2391 2388 -1 2390 2391 2375 -1 2391 2387 2383 -1 2391 2383 2375 -1 2375 2373 2390 -1 2392 2393 2394 -1 2395 2396 2397 -1 2398 2396 2395 -1 2399 2400 2401 -1 2400 2402 2401 -1 2400 2403 2402 -1 2404 2402 2403 -1 2405 2395 2397 -1 2406 2395 2405 -1 2407 2408 2399 -1 2399 2408 2400 -1 2403 2400 2408 -1 2407 2399 2401 -1 2401 2409 2407 -1 2403 2410 2404 -1 2410 2411 2404 -1 2411 2412 2413 -1 2414 2415 2416 -1 2417 2418 2419 -1 2394 2393 2420 -1 2394 2420 2421 -1 2398 2422 2423 -1 2422 2392 2394 -1 2423 2424 2396 -1 2396 2424 2397 -1 2424 2425 2397 -1 2423 2396 2398 -1 2405 2426 2406 -1 2418 2417 2427 -1 2415 2414 2428 -1 2428 2414 2429 -1 2423 2394 2421 -1 2430 2421 2416 -1 2430 2415 2431 -1 2416 2415 2430 -1 2415 2428 2431 -1 2425 2431 2428 -1 2430 2431 2424 -1 2430 2423 2421 -1 2424 2423 2430 -1 2425 2424 2431 -1 2397 2425 2432 -1 2394 2423 2422 -1 2432 2405 2397 -1 2426 2405 2433 -1 2426 2433 2434 -1 2409 2406 2426 -1 2426 2434 2409 -1 2434 2407 2409 -1 2412 2411 2410 -1 2412 2435 2413 -1 2435 2436 2413 -1 2437 2436 2438 -1 2413 2436 2437 -1 2439 2437 2438 -1 2416 2440 2414 -1 2441 2434 2442 -1 2433 2442 2434 -1 2434 2443 2407 -1 2444 2443 2445 -1 2443 2434 2441 -1 2446 2444 2447 -1 2443 2444 2448 -1 2449 2448 2444 -1 2447 2450 2446 -1 2446 2449 2444 -1 2450 2451 2452 -1 2408 2407 2443 -1 2448 2408 2443 -1 2450 2412 2446 -1 2453 2429 2454 -1 2450 2435 2412 -1 2455 2454 2429 -1 2429 2414 2455 -1 2456 2452 2451 -1 2435 2450 2452 -1 2429 2457 2428 -1 2438 2435 2452 -1 2456 2458 2438 -1 2459 2428 2457 -1 2458 2460 2461 -1 2440 2462 2463 -1 2460 2464 2461 -1 2465 2461 2464 -1 2466 2461 2465 -1 2456 2438 2452 -1 2467 2455 2463 -1 2438 2458 2468 -1 2440 2463 2414 -1 2463 2455 2414 -1 2458 2461 2468 -1 2468 2461 2469 -1 2440 2420 2462 -1 2461 2466 2469 -1 2469 2419 2418 -1 2419 2469 2466 -1 2470 2471 2466 -1 2466 2471 2419 -1 2421 2420 2440 -1 2472 2419 2471 -1 2440 2416 2421 -1 2472 2417 2419 -1 2473 2428 2459 -1 2474 2473 2459 -1 2428 2473 2475 -1 2475 2473 2476 -1 2475 2432 2425 -1 2428 2475 2425 -1 2433 2432 2475 -1 2476 2477 2433 -1 2475 2476 2433 -1 2477 2442 2433 -1 2478 2479 2480 -1 2479 2478 2445 -1 2478 2481 2445 -1 2481 2478 2482 -1 2483 2447 2481 -1 2483 2484 2485 -1 2483 2485 2447 -1 2485 2486 2451 -1 2447 2445 2481 -1 2487 2488 2467 -1 2444 2445 2447 -1 2453 2454 2488 -1 2489 2467 2463 -1 2447 2485 2450 -1 2451 2450 2485 -1 2467 2488 2455 -1 2455 2488 2454 -1 2490 2491 2492 -1 2493 2451 2486 -1 2490 2492 2494 -1 2493 2495 2496 -1 2495 2497 2496 -1 2490 2494 2457 -1 2498 2496 2497 -1 2499 2457 2494 -1 2459 2457 2499 -1 2500 2474 2459 -1 2493 2496 2456 -1 2451 2493 2456 -1 2496 2498 2458 -1 2489 2463 2462 -1 2501 2502 2503 -1 2503 2502 2504 -1 2476 2473 2474 -1 2429 2453 2457 -1 2490 2457 2453 -1 2476 2474 2477 -1 2505 2474 2506 -1 2506 2507 2505 -1 2474 2505 2477 -1 2477 2505 2442 -1 2405 2432 2433 -1 2507 2508 2509 -1 2505 2507 2510 -1 2510 2442 2505 -1 2507 2509 2510 -1 2441 2442 2510 -1 2509 2441 2510 -1 2509 2479 2443 -1 2479 2445 2443 -1 2443 2441 2509 -1 2408 2448 2403 -1 2449 2446 2412 -1 2403 2449 2410 -1 2448 2449 2403 -1 2412 2410 2449 -1 2458 2456 2496 -1 2460 2458 2498 -1 2498 2464 2460 -1 2498 2511 2464 -1 2512 2511 2501 -1 2511 2465 2464 -1 2465 2512 2513 -1 2511 2512 2465 -1 2466 2465 2513 -1 2513 2470 2466 -1 2501 2503 2512 -1 2512 2503 2513 -1 2513 2503 2470 -1 2503 2504 2471 -1 2471 2470 2503 -1 2438 2436 2435 -1 2468 2439 2438 -1 2469 2439 2468 -1 2504 2472 2471 -1 2499 2514 2500 -1 2491 2515 2516 -1 2495 2486 2517 -1 2518 2519 2520 -1 2520 2521 2518 -1 2486 2495 2493 -1 2522 2488 2487 -1 2495 2523 2497 -1 2524 2522 2525 -1 2523 2526 2497 -1 2524 2488 2522 -1 2525 2515 2524 -1 2497 2527 2498 -1 2524 2515 2490 -1 2515 2491 2490 -1 2501 2498 2527 -1 2527 2528 2501 -1 2453 2524 2490 -1 2498 2501 2511 -1 2488 2524 2453 -1 2492 2491 2518 -1 2501 2528 2502 -1 2494 2492 2529 -1 2494 2529 2499 -1 2521 2492 2518 -1 2529 2492 2521 -1 2529 2521 2530 -1 2529 2530 2508 -1 2499 2529 2514 -1 2459 2499 2500 -1 2500 2514 2506 -1 2514 2531 2506 -1 2474 2500 2506 -1 2506 2531 2507 -1 2508 2507 2531 -1 2532 2509 2508 -1 2533 2509 2532 -1 2534 2535 2533 -1 2533 2535 2480 -1 2482 2480 2535 -1 2484 2482 2536 -1 2536 2517 2484 -1 2517 2486 2484 -1 2533 2479 2509 -1 2533 2480 2479 -1 2480 2482 2478 -1 2482 2484 2483 -1 2481 2482 2483 -1 2485 2484 2486 -1 2517 2537 2523 -1 2517 2523 2495 -1 2523 2537 2526 -1 2527 2497 2526 -1 2516 2538 2491 -1 2538 2518 2491 -1 2516 2539 2540 -1 2516 2515 2539 -1 2538 2516 2540 -1 2541 2542 2543 -1 2544 2518 2538 -1 2518 2544 2542 -1 2542 2519 2518 -1 2545 2520 2519 -1 2521 2520 2545 -1 2545 2530 2521 -1 2508 2514 2529 -1 2514 2508 2531 -1 2545 2519 2541 -1 2545 2546 2547 -1 2547 2530 2545 -1 2547 2508 2530 -1 2548 2549 2550 -1 2549 2551 2550 -1 2552 2553 2551 -1 2554 2553 2552 -1 2555 2554 2556 -1 2557 2555 2558 -1 2559 2560 2561 -1 2525 2522 2562 -1 2547 2548 2532 -1 2532 2548 2534 -1 2534 2550 2535 -1 2548 2550 2534 -1 2508 2547 2532 -1 2533 2532 2534 -1 2550 2551 2553 -1 2550 2553 2563 -1 2564 2563 2553 -1 2564 2553 2554 -1 2555 2565 2554 -1 2554 2565 2566 -1 2566 2564 2554 -1 2563 2535 2550 -1 2563 2564 2536 -1 2482 2535 2563 -1 2482 2563 2536 -1 2566 2536 2564 -1 2517 2536 2566 -1 2537 2517 2566 -1 2557 2565 2555 -1 2565 2557 2567 -1 2565 2567 2566 -1 2557 2560 2568 -1 2567 2557 2568 -1 2569 2570 2562 -1 2566 2567 2537 -1 2570 2539 2525 -1 2562 2570 2525 -1 2567 2568 2537 -1 2537 2568 2526 -1 2539 2515 2525 -1 2559 2571 2560 -1 2560 2571 2568 -1 2568 2571 2572 -1 2571 2559 2573 -1 2574 2572 2571 -1 2571 2573 2574 -1 2541 2519 2542 -1 2568 2572 2526 -1 2575 2526 2572 -1 2576 2572 2574 -1 2576 2575 2572 -1 2526 2575 2527 -1 2576 2528 2575 -1 2575 2528 2527 -1 2574 2577 2576 -1 2576 2577 2578 -1 2578 2528 2576 -1 2541 2579 2545 -1 2546 2545 2579 -1 2546 2549 2547 -1 2549 2580 2551 -1 2552 2551 2581 -1 2552 2582 2556 -1 2582 2583 2584 -1 2582 2584 2556 -1 2552 2556 2554 -1 2556 2584 2555 -1 2547 2549 2548 -1 2584 2558 2555 -1 2569 2585 2570 -1 2585 2586 2570 -1 2558 2587 2560 -1 2570 2586 2539 -1 2586 2588 2589 -1 2560 2557 2558 -1 2561 2560 2587 -1 2540 2586 2589 -1 2540 2539 2586 -1 2561 2590 2559 -1 2573 2559 2590 -1 2590 2591 2573 -1 2543 2544 2592 -1 2543 2593 2541 -1 2544 2543 2542 -1 2538 2592 2544 -1 2540 2594 2538 -1 2579 2541 2593 -1 2595 2596 2597 -1 2598 2549 2546 -1 2595 2597 2598 -1 2599 2597 2596 -1 2596 2600 2599 -1 2549 2597 2599 -1 2601 2602 2603 -1 2604 2601 2603 -1 2549 2599 2580 -1 2600 2605 2580 -1 2599 2600 2580 -1 2602 2605 2603 -1 2602 2606 2605 -1 2606 2602 2607 -1 2589 2592 2594 -1 2601 2608 2609 -1 2579 2593 2598 -1 2593 2595 2598 -1 2610 2611 2608 -1 2609 2608 2611 -1 2598 2597 2549 -1 2612 2611 2610 -1 2613 2610 2614 -1 2613 2615 2610 -1 2615 2612 2610 -1 2613 2616 2615 -1 2613 2617 2616 -1 2618 2619 2620 -1 2618 2585 2619 -1 2619 2585 2569 -1 2585 2618 2588 -1 2588 2586 2585 -1 2588 2618 2621 -1 2622 2588 2621 -1 2588 2622 2589 -1 2615 2616 2623 -1 2589 2622 2624 -1 2623 2616 2591 -1 2592 2624 2543 -1 2624 2625 2543 -1 2625 2626 2593 -1 2593 2626 2595 -1 2625 2593 2543 -1 2540 2589 2594 -1 2592 2538 2594 -1 2546 2579 2598 -1 2580 2605 2581 -1 2580 2581 2551 -1 2605 2606 2581 -1 2581 2606 2582 -1 2607 2582 2606 -1 2582 2552 2581 -1 2582 2607 2583 -1 2602 2601 2607 -1 2627 2607 2601 -1 2601 2609 2627 -1 2607 2627 2583 -1 2627 2609 2583 -1 2584 2583 2558 -1 2609 2611 2587 -1 2587 2583 2609 -1 2583 2587 2558 -1 2611 2612 2587 -1 2612 2561 2587 -1 2623 2612 2615 -1 2612 2623 2590 -1 2590 2561 2612 -1 2590 2623 2591 -1 2628 2629 2630 -1 2631 2628 2630 -1 2632 2613 2614 -1 2633 2629 2634 -1 2634 2629 2635 -1 2636 2637 2638 -1 2613 2639 2617 -1 2632 2639 2613 -1 2618 2638 2637 -1 2637 2621 2618 -1 2640 2621 2637 -1 2620 2638 2618 -1 2592 2589 2624 -1 2625 2624 2641 -1 2633 2642 2629 -1 2629 2628 2635 -1 2643 2631 2644 -1 2634 2635 2645 -1 2646 2635 2628 -1 2647 2646 2628 -1 2645 2648 2634 -1 2646 2645 2635 -1 2645 2646 2649 -1 2647 2649 2646 -1 2628 2631 2650 -1 2647 2628 2650 -1 2647 2651 2649 -1 2626 2652 2596 -1 2626 2596 2595 -1 2596 2603 2600 -1 2600 2603 2605 -1 2608 2601 2604 -1 2608 2653 2614 -1 2608 2614 2610 -1 2653 2654 2614 -1 2632 2614 2654 -1 2655 2656 2657 -1 2658 2655 2659 -1 2659 2660 2661 -1 2660 2662 2661 -1 2656 2663 2657 -1 2636 2663 2637 -1 2656 2637 2663 -1 2656 2655 2658 -1 2658 2659 2664 -1 2664 2659 2665 -1 2661 2665 2659 -1 2642 2630 2629 -1 2666 2630 2642 -1 2644 2630 2666 -1 2666 2667 2644 -1 2644 2631 2630 -1 2644 2668 2669 -1 2644 2669 2643 -1 2670 2645 2649 -1 2671 2643 2672 -1 2673 2671 2672 -1 2649 2651 2674 -1 2675 2674 2676 -1 2674 2651 2677 -1 2677 2676 2674 -1 2675 2676 2652 -1 2676 2677 2678 -1 2676 2678 2652 -1 2651 2679 2677 -1 2679 2671 2673 -1 2677 2679 2673 -1 2680 2678 2677 -1 2681 2678 2680 -1 2681 2680 2682 -1 2681 2682 2683 -1 2684 2685 2686 -1 2683 2682 2687 -1 2688 2686 2689 -1 2686 2690 2689 -1 2653 2683 2687 -1 2653 2604 2683 -1 2687 2691 2653 -1 2692 2653 2691 -1 2693 2692 2691 -1 2681 2596 2678 -1 2596 2681 2603 -1 2681 2683 2603 -1 2603 2683 2604 -1 2604 2653 2608 -1 2654 2653 2692 -1 2654 2692 2694 -1 2654 2694 2639 -1 2639 2632 2654 -1 2692 2693 2694 -1 2695 2661 2662 -1 2662 2648 2695 -1 2695 2648 2670 -1 2656 2640 2637 -1 2640 2656 2696 -1 2656 2658 2696 -1 2696 2621 2640 -1 2664 2696 2658 -1 2696 2622 2621 -1 2664 2622 2696 -1 2622 2664 2624 -1 2664 2665 2641 -1 2641 2624 2664 -1 2697 2661 2695 -1 2665 2661 2698 -1 2661 2697 2698 -1 2699 2697 2695 -1 2695 2670 2699 -1 2697 2699 2698 -1 2665 2698 2700 -1 2700 2641 2665 -1 2626 2641 2700 -1 2626 2625 2641 -1 2648 2645 2670 -1 2701 2631 2643 -1 2650 2631 2701 -1 2651 2647 2650 -1 2650 2701 2651 -1 2671 2701 2643 -1 2679 2651 2701 -1 2671 2679 2701 -1 2670 2649 2699 -1 2675 2698 2699 -1 2699 2649 2674 -1 2699 2674 2675 -1 2698 2675 2652 -1 2652 2700 2698 -1 2700 2652 2626 -1 2596 2652 2678 -1 2702 2703 2684 -1 2704 2685 2703 -1 2705 2706 2633 -1 2707 2708 2709 -1 2710 2709 2708 -1 2702 2684 2711 -1 2709 2710 2706 -1 2712 2706 2710 -1 2712 2710 2708 -1 2703 2685 2684 -1 2706 2712 2642 -1 2666 2642 2712 -1 2712 2667 2666 -1 2667 2713 2668 -1 2668 2644 2667 -1 2668 2713 2669 -1 2714 2686 2685 -1 2714 2715 2686 -1 2716 2657 2663 -1 2682 2689 2687 -1 2715 2690 2686 -1 2672 2643 2669 -1 2672 2717 2673 -1 2673 2717 2718 -1 2677 2673 2680 -1 2673 2718 2680 -1 2705 2709 2706 -1 2719 2720 2721 -1 2720 2722 2721 -1 2723 2707 2724 -1 2724 2707 2709 -1 2725 2702 2711 -1 2723 2726 2708 -1 2708 2707 2723 -1 2727 2685 2704 -1 2728 2727 2729 -1 2704 2729 2727 -1 2708 2726 2730 -1 2726 2731 2730 -1 2730 2712 2708 -1 2667 2712 2730 -1 2667 2730 2713 -1 2726 2732 2731 -1 2730 2731 2733 -1 2733 2713 2730 -1 2713 2733 2669 -1 2734 2735 2725 -1 2734 2725 2717 -1 2725 2736 2717 -1 2725 2737 2736 -1 2711 2737 2725 -1 2737 2711 2686 -1 2711 2684 2686 -1 2736 2737 2688 -1 2686 2688 2737 -1 2727 2714 2685 -1 2738 2714 2727 -1 2714 2738 2715 -1 2727 2728 2738 -1 2682 2688 2689 -1 2690 2687 2689 -1 2690 2715 2739 -1 2715 2738 2739 -1 2687 2690 2691 -1 2691 2690 2739 -1 2740 2691 2739 -1 2740 2693 2691 -1 2642 2633 2706 -1 2731 2732 2741 -1 2734 2669 2733 -1 2669 2734 2672 -1 2672 2734 2717 -1 2718 2736 2688 -1 2717 2736 2718 -1 2688 2682 2718 -1 2718 2682 2680 -1 2719 2721 2723 -1 2742 2733 2731 -1 2743 2702 2735 -1 2725 2735 2702 -1 2719 2723 2724 -1 2742 2735 2734 -1 2734 2733 2742 -1 2744 2745 2746 -1 2745 2747 2746 -1 2746 2748 2749 -1 2746 2747 2748 -1 2750 2747 2751 -1 2748 2747 2752 -1 2747 2750 2752 -1 2753 2750 2751 -1 2754 2755 2756 -1 2755 2754 2757 -1 2757 2758 2759 -1 2757 2754 2760 -1 2760 2754 2761 -1 2762 2761 2754 -1 2757 2760 2758 -1 2763 2762 2764 -1 2764 2765 2763 -1 2762 2763 2761 -1 2764 2766 2765 -1 2765 2766 2767 -1 2761 2763 2768 -1 2769 2752 2750 -1 2761 2758 2760 -1 2751 2770 2771 -1 2751 2772 2770 -1 2771 2773 2751 -1 2773 2774 2751 -1 2745 2744 2775 -1 2744 2746 2776 -1 2745 2772 2747 -1 2772 2751 2747 -1 2751 2774 2753 -1 2746 2749 2776 -1 2773 2777 2774 -1 2777 2778 2774 -1 2777 2779 2778 -1 2778 2780 2756 -1 2756 2755 2778 -1 2755 2774 2778 -1 2774 2755 2753 -1 2750 2753 2769 -1 2753 2781 2769 -1 2781 2753 2782 -1 2753 2755 2782 -1 2757 2782 2755 -1 2782 2757 2759 -1 2756 2783 2754 -1 2783 2784 2762 -1 2762 2754 2783 -1 2784 2764 2762 -1 2784 2785 2764 -1 2745 2775 2786 -1 2772 2745 2786 -1 2768 2763 2765 -1 2767 2768 2765 -1 2766 2764 2787 -1 2768 2767 2788 -1 2789 2790 2791 -1 2783 2756 2792 -1 2783 2789 2784 -1 2785 2793 2794 -1 2787 2785 2794 -1 2787 2764 2785 -1 2795 2796 2797 -1 2798 2795 2797 -1 2799 2800 2801 -1 2801 2802 2799 -1 2800 2799 2803 -1 2803 2804 2800 -1 2799 2802 2805 -1 2805 2803 2799 -1 2803 2786 2804 -1 2803 2805 2786 -1 2795 2806 2796 -1 2806 2795 2802 -1 2807 2802 2795 -1 2795 2798 2807 -1 2802 2807 2805 -1 2805 2807 2808 -1 2798 2797 2809 -1 2798 2808 2807 -1 2798 2809 2810 -1 2805 2808 2770 -1 2786 2805 2770 -1 2786 2770 2772 -1 2798 2810 2771 -1 2771 2808 2798 -1 2771 2770 2808 -1 2773 2771 2810 -1 2809 2811 2810 -1 2773 2810 2811 -1 2773 2811 2777 -1 2777 2811 2779 -1 2811 2812 2780 -1 2780 2812 2813 -1 2780 2779 2811 -1 2779 2780 2778 -1 2792 2780 2813 -1 2790 2813 2812 -1 2813 2790 2814 -1 2792 2814 2815 -1 2813 2814 2792 -1 2790 2789 2814 -1 2789 2815 2814 -1 2780 2792 2756 -1 2783 2792 2815 -1 2815 2789 2783 -1 2789 2785 2784 -1 2789 2791 2785 -1 2791 2793 2785 -1 2816 2817 2818 -1 2819 2818 2817 -1 2818 2820 2801 -1 2801 2820 2806 -1 2806 2820 2796 -1 2820 2821 2796 -1 2797 2796 2821 -1 2821 2822 2797 -1 2822 2809 2797 -1 2823 2809 2822 -1 2824 2825 2791 -1 2801 2800 2818 -1 2802 2801 2806 -1 2809 2823 2811 -1 2826 2811 2823 -1 2811 2826 2812 -1 2791 2790 2824 -1 2827 2791 2825 -1 2828 2793 2827 -1 2793 2791 2827 -1 2829 2793 2828 -1 2794 2793 2829 -1 2830 2831 2832 -1 2833 2834 2835 -1 2836 2837 2838 -1 2838 2839 2836 -1 2817 2837 2836 -1 2817 2840 2837 -1 2839 2832 2836 -1 2836 2832 2841 -1 2817 2836 2819 -1 2819 2836 2841 -1 2831 2841 2832 -1 2842 2841 2831 -1 2835 2842 2831 -1 2835 2834 2843 -1 2843 2842 2835 -1 2844 2834 2845 -1 2844 2843 2834 -1 2843 2844 2846 -1 2844 2847 2846 -1 2844 2848 2847 -1 2848 2849 2850 -1 2848 2850 2847 -1 2812 2826 2847 -1 2847 2850 2812 -1 2851 2812 2850 -1 2852 2849 2853 -1 2849 2852 2854 -1 2850 2849 2854 -1 2854 2855 2851 -1 2856 2852 2857 -1 2855 2854 2852 -1 2856 2855 2852 -1 2850 2854 2851 -1 2851 2855 2858 -1 2859 2825 2860 -1 2861 2838 2837 -1 2861 2837 2840 -1 2859 2862 2828 -1 2828 2862 2829 -1 2863 2839 2838 -1 2830 2832 2864 -1 2817 2816 2840 -1 2818 2819 2820 -1 2819 2841 2865 -1 2865 2820 2819 -1 2821 2820 2865 -1 2841 2842 2865 -1 2842 2821 2865 -1 2843 2822 2842 -1 2842 2822 2821 -1 2843 2846 2822 -1 2846 2823 2822 -1 2823 2846 2826 -1 2846 2847 2826 -1 2812 2851 2790 -1 2851 2858 2790 -1 2855 2856 2824 -1 2856 2825 2824 -1 2858 2855 2824 -1 2824 2790 2858 -1 2825 2859 2827 -1 2827 2859 2828 -1 2866 2867 2863 -1 2866 2863 2838 -1 2868 2869 2870 -1 2867 2870 2863 -1 2839 2863 2870 -1 2870 2871 2864 -1 2864 2839 2870 -1 2871 2830 2864 -1 2871 2872 2830 -1 2839 2864 2832 -1 2873 2872 2874 -1 2831 2830 2872 -1 2833 2875 2834 -1 2845 2834 2875 -1 2833 2835 2872 -1 2872 2835 2831 -1 2875 2876 2845 -1 2845 2877 2848 -1 2848 2877 2878 -1 2848 2878 2879 -1 2853 2879 2878 -1 2853 2857 2852 -1 2845 2848 2844 -1 2879 2849 2848 -1 2849 2879 2853 -1 2857 2880 2881 -1 2825 2857 2881 -1 2825 2856 2857 -1 2825 2881 2860 -1 2859 2882 2862 -1 2860 2882 2859 -1 2883 2884 2885 -1 2883 2885 2868 -1 2883 2868 2886 -1 2885 2887 2868 -1 2887 2885 2884 -1 2887 2869 2868 -1 2888 2889 2890 -1 2889 2888 2891 -1 2887 2892 2869 -1 2893 2894 2874 -1 2873 2874 2894 -1 2895 2873 2894 -1 2833 2873 2895 -1 2896 2897 2898 -1 2899 2900 2901 -1 2897 2900 2899 -1 2902 2903 2888 -1 2888 2896 2902 -1 2902 2896 2898 -1 2904 2897 2899 -1 2905 2904 2899 -1 2904 2905 2906 -1 2906 2905 2907 -1 2904 2906 2880 -1 2906 2907 2908 -1 2909 2910 2911 -1 2911 2912 2909 -1 2909 2912 2883 -1 2913 2892 2884 -1 2884 2912 2913 -1 2912 2884 2883 -1 2892 2887 2884 -1 2892 2914 2869 -1 2874 2869 2914 -1 2874 2914 2893 -1 2893 2915 2894 -1 2895 2894 2915 -1 2895 2916 2917 -1 2895 2915 2916 -1 2870 2886 2868 -1 2870 2869 2871 -1 2869 2874 2871 -1 2872 2871 2874 -1 2870 2867 2886 -1 2833 2872 2873 -1 2833 2895 2917 -1 2833 2917 2875 -1 2889 2876 2917 -1 2889 2891 2876 -1 2876 2891 2877 -1 2876 2875 2917 -1 2903 2891 2888 -1 2878 2877 2891 -1 2891 2903 2878 -1 2902 2878 2903 -1 2845 2876 2877 -1 2918 2902 2898 -1 2853 2878 2902 -1 2918 2853 2902 -1 2918 2857 2853 -1 2918 2919 2857 -1 2898 2897 2919 -1 2919 2918 2898 -1 2919 2897 2904 -1 2880 2857 2919 -1 2919 2904 2880 -1 2910 2909 2920 -1 2920 2909 2921 -1 2881 2880 2906 -1 2860 2881 2906 -1 2921 2883 2886 -1 2909 2883 2921 -1 2860 2906 2908 -1 2921 2886 2867 -1 2867 2922 2921 -1 2867 2866 2922 -1 2923 2860 2908 -1 2860 2923 2882 -1 2924 2925 2926 -1 2927 2928 2929 -1 2929 2928 2926 -1 2925 2924 2930 -1 2913 2914 2892 -1 2931 2932 2933 -1 2893 2934 2915 -1 2914 2934 2893 -1 2916 2915 2934 -1 2935 2936 2937 -1 2935 2933 2936 -1 2935 2938 2939 -1 2939 2933 2935 -1 2940 2939 2938 -1 2933 2939 2941 -1 2942 2890 2941 -1 2943 2941 2939 -1 2926 2925 2929 -1 2944 2939 2940 -1 2939 2944 2943 -1 2943 2944 2945 -1 2940 2946 2944 -1 2947 2929 2925 -1 2948 2949 2942 -1 2889 2917 2890 -1 2924 2926 2950 -1 2951 2944 2946 -1 2946 2952 2951 -1 2949 2951 2953 -1 2911 2954 2955 -1 2930 2924 2956 -1 2896 2942 2949 -1 2949 2953 2896 -1 2911 2913 2912 -1 2953 2957 2896 -1 2957 2958 2959 -1 2959 2960 2901 -1 2957 2900 2897 -1 2961 2932 2962 -1 2936 2932 2961 -1 2905 2899 2963 -1 2933 2932 2936 -1 2929 2964 2927 -1 2965 2926 2928 -1 2966 2967 2931 -1 2931 2967 2932 -1 2968 2931 2933 -1 2931 2968 2969 -1 2916 2969 2968 -1 2890 2916 2968 -1 2970 2971 2972 -1 2972 2937 2970 -1 2971 2973 2972 -1 2974 2927 2964 -1 2975 2927 2974 -1 2928 2927 2975 -1 2929 2947 2964 -1 2941 2968 2933 -1 2976 2977 2978 -1 2968 2941 2890 -1 2941 2948 2942 -1 2976 2947 2977 -1 2947 2925 2977 -1 2930 2977 2925 -1 2941 2943 2948 -1 2943 2945 2948 -1 2948 2945 2949 -1 2944 2951 2945 -1 2945 2951 2949 -1 2952 2979 2951 -1 2952 2980 2979 -1 2951 2979 2953 -1 2953 2979 2957 -1 2930 2978 2977 -1 2958 2979 2980 -1 2956 2981 2978 -1 2979 2958 2957 -1 2911 2982 2954 -1 2958 2983 2959 -1 2983 2960 2959 -1 2984 2960 2985 -1 2960 2984 2986 -1 2978 2930 2956 -1 2963 2986 2984 -1 2986 2901 2960 -1 2981 2956 2954 -1 2955 2954 2956 -1 2965 2987 2926 -1 2950 2926 2987 -1 2988 2950 2987 -1 2989 2990 2991 -1 2991 2990 2988 -1 2962 2990 2989 -1 2990 2962 2967 -1 2966 2990 2967 -1 2992 2993 2961 -1 2993 2970 2937 -1 2994 2962 2995 -1 2962 2989 2995 -1 2994 2961 2962 -1 2996 2961 2994 -1 2967 2962 2932 -1 2950 2956 2924 -1 2956 2950 2997 -1 2956 2997 2955 -1 2950 2988 2997 -1 2955 2997 2913 -1 2997 2988 2998 -1 2997 2998 2913 -1 2966 2988 2990 -1 2988 2966 2998 -1 2934 2998 2966 -1 2961 2993 2937 -1 2937 2936 2961 -1 2913 2998 2914 -1 2931 2934 2966 -1 2934 2931 2969 -1 2934 2914 2998 -1 2916 2934 2969 -1 2890 2917 2916 -1 2937 2972 2935 -1 2935 2972 2938 -1 2890 2942 2888 -1 2896 2888 2942 -1 2897 2896 2957 -1 2985 2960 2983 -1 2957 2959 2900 -1 2900 2959 2901 -1 2901 2986 2899 -1 2963 2899 2986 -1 2976 2978 2999 -1 2999 2978 3000 -1 2978 2981 3000 -1 2955 2913 2911 -1 3001 2992 3002 -1 2992 3001 3003 -1 3004 3005 3006 -1 3004 2974 3007 -1 3002 2992 2996 -1 2974 3004 2975 -1 3006 3008 2975 -1 2965 3009 3010 -1 3010 2987 2965 -1 2961 2996 2992 -1 2976 3011 2947 -1 3011 2964 2947 -1 2928 2975 3008 -1 2928 3008 2965 -1 3012 3009 3013 -1 2974 3014 3007 -1 3013 3015 3012 -1 3016 3013 3017 -1 3018 3014 2974 -1 3016 3015 3013 -1 3019 3020 3001 -1 3019 3001 3002 -1 3021 2964 3011 -1 2964 3018 2974 -1 3021 3018 2964 -1 3022 3001 3020 -1 3020 3023 3022 -1 3017 3024 3016 -1 3024 3002 2996 -1 3016 3024 2996 -1 3025 3026 3027 -1 3028 3026 3025 -1 3029 3030 3031 -1 3032 3033 3031 -1 3031 3021 3011 -1 3022 3023 3028 -1 3028 3025 3022 -1 3022 3025 3034 -1 3035 3036 3005 -1 3005 3037 3008 -1 3008 3006 3005 -1 3009 3008 3037 -1 3009 2965 3008 -1 3038 3039 3007 -1 3039 3035 3005 -1 3007 3039 3004 -1 3005 3004 3039 -1 3020 3040 3023 -1 3022 2971 3001 -1 2993 2992 3003 -1 3003 3001 2970 -1 3001 2971 2970 -1 2993 3003 2970 -1 3026 3028 3023 -1 2971 3022 2973 -1 3022 3034 2973 -1 3004 3006 2975 -1 3031 3030 3021 -1 2991 3010 3012 -1 3012 3010 3009 -1 2991 3012 3041 -1 3012 3015 3041 -1 3015 3016 2995 -1 2995 3041 3015 -1 3010 2991 2987 -1 2988 2987 2991 -1 2991 3041 2989 -1 3031 3033 3029 -1 2995 2989 3041 -1 3033 3042 3029 -1 2995 3016 2994 -1 3016 2996 2994 -1 3042 3033 2999 -1 3031 3011 3032 -1 2976 3033 3032 -1 3011 2976 3032 -1 2976 2999 3033 -1 2980 2985 2983 -1 2983 2958 2980 -1 3043 2984 2985 -1 3044 3039 3045 -1 3039 3044 3035 -1 3035 3044 3036 -1 3045 3038 3046 -1 3046 3038 3047 -1 3038 3045 3039 -1 3044 3045 3048 -1 3037 3036 3049 -1 3036 3037 3005 -1 3050 3051 3052 -1 3050 3019 3053 -1 3053 3019 3054 -1 3002 3054 3019 -1 3024 3054 3002 -1 3052 3055 3026 -1 3055 3027 3026 -1 3056 3057 3058 -1 3056 3058 3059 -1 3060 3059 3058 -1 3007 3047 3038 -1 3014 3047 3007 -1 3060 3058 3061 -1 3062 3061 3063 -1 3060 3061 3064 -1 3062 3064 3061 -1 3030 3064 3062 -1 3014 3065 3066 -1 3066 3047 3014 -1 3065 3030 3062 -1 3044 3067 3036 -1 3046 3068 3045 -1 3049 3036 3067 -1 3044 3048 3067 -1 3069 3055 3052 -1 3070 3068 3046 -1 3068 3048 3045 -1 3049 3071 3072 -1 3049 3072 3037 -1 3073 3074 3071 -1 3053 3074 3073 -1 3071 3074 3072 -1 3075 3058 3057 -1 3058 3075 3061 -1 3076 3077 3075 -1 3063 3075 3077 -1 3078 3051 3053 -1 3053 3051 3050 -1 3079 3069 3051 -1 3080 3046 3047 -1 3074 3053 3054 -1 3077 3081 3063 -1 3066 3063 3081 -1 3081 3080 3066 -1 3069 3052 3051 -1 3080 3047 3066 -1 3063 3061 3075 -1 3066 3065 3063 -1 3078 3073 3082 -1 3053 3073 3078 -1 3083 3071 3049 -1 3040 3050 3052 -1 3019 3050 3020 -1 3023 3040 3052 -1 3050 3040 3020 -1 3063 3065 3062 -1 3009 3037 3072 -1 3009 3072 3013 -1 3030 3065 3021 -1 3072 3074 3017 -1 3018 3065 3014 -1 3021 3065 3018 -1 3074 3054 3017 -1 3013 3072 3017 -1 3054 3024 3017 -1 3079 3084 3069 -1 3023 3052 3026 -1 3085 3086 3087 -1 3088 3067 3048 -1 3089 3082 3090 -1 3089 3091 3051 -1 3067 3083 3049 -1 3083 3090 3082 -1 3078 3082 3089 -1 3092 3057 3093 -1 3087 3086 3094 -1 3075 3057 3092 -1 3076 3075 3092 -1 3094 3086 3080 -1 3095 3070 3080 -1 3070 3046 3080 -1 3092 3085 3087 -1 3086 3095 3080 -1 3092 3087 3076 -1 3076 3087 3077 -1 3087 3094 3077 -1 3080 3081 3094 -1 3077 3094 3081 -1 3082 3071 3083 -1 3073 3071 3082 -1 3051 3078 3089 -1 3091 3079 3051 -1 3096 3097 3098 -1 3098 3099 3100 -1 3101 3102 3103 -1 3101 3103 3104 -1 3105 3101 3106 -1 3101 3105 3102 -1 3107 3103 3102 -1 3103 3107 3108 -1 3108 3107 3109 -1 3110 3109 3111 -1 3098 3100 3096 -1 3112 3113 3114 -1 3115 3105 3116 -1 3107 3102 3105 -1 3117 3118 3119 -1 3120 3121 3122 -1 3122 3121 3123 -1 3117 3124 3118 -1 3122 3123 3125 -1 3117 3126 3124 -1 3124 3126 3127 -1 3125 3123 3128 -1 3113 3127 3126 -1 3114 3113 3126 -1 3123 3121 3129 -1 3130 3129 3121 -1 3112 3114 3131 -1 3132 3133 3112 -1 3134 3112 3133 -1 3133 3135 3134 -1 3134 3135 3136 -1 3137 3136 3135 -1 3136 3137 3138 -1 3139 3115 3140 -1 3140 3116 3141 -1 3140 3115 3116 -1 3142 3143 3139 -1 3141 3116 3144 -1 3143 3115 3139 -1 3115 3143 3145 -1 3144 3116 3106 -1 3145 3105 3115 -1 3144 3137 3135 -1 3137 3144 3146 -1 3105 3145 3107 -1 3111 3107 3145 -1 3111 3109 3107 -1 3147 3111 3148 -1 3149 3150 3151 -1 3119 3152 3153 -1 3119 3118 3152 -1 3154 3131 3114 -1 3144 3135 3141 -1 3138 3137 3146 -1 3105 3106 3116 -1 3146 3144 3106 -1 3155 3117 3119 -1 3155 3126 3117 -1 3146 3106 3104 -1 3104 3106 3101 -1 3154 3114 3126 -1 3156 3124 3127 -1 3127 3157 3156 -1 3127 3113 3158 -1 3113 3112 3159 -1 3159 3158 3113 -1 3134 3159 3112 -1 3158 3157 3127 -1 3110 3111 3147 -1 3136 3160 3134 -1 3134 3160 3159 -1 3097 3151 3150 -1 3151 3097 3161 -1 3097 3096 3161 -1 3162 3161 3096 -1 3096 3100 3162 -1 3163 3164 3099 -1 3163 3165 3164 -1 3121 3120 3166 -1 3149 3151 3167 -1 3122 3168 3120 -1 3169 3168 3170 -1 3169 3171 3120 -1 3169 3120 3168 -1 3172 3100 3099 -1 3099 3164 3172 -1 3173 3174 3125 -1 3173 3125 3128 -1 3166 3130 3121 -1 3166 3175 3130 -1 3176 3177 3178 -1 3179 3131 3180 -1 3177 3140 3141 -1 3132 3112 3131 -1 3181 3132 3131 -1 3181 3182 3183 -1 3183 3132 3181 -1 3182 3176 3183 -1 3184 3183 3176 -1 3143 3142 3185 -1 3186 3187 3185 -1 3132 3183 3133 -1 3186 3188 3187 -1 3187 3188 3174 -1 3189 3190 3139 -1 3177 3189 3140 -1 3140 3189 3139 -1 3185 3187 3148 -1 3187 3174 3173 -1 3173 3148 3187 -1 3188 3125 3174 -1 3125 3168 3122 -1 3170 3168 3125 -1 3142 3191 3192 -1 3166 3193 3175 -1 3194 3175 3193 -1 3169 3195 3171 -1 3171 3195 3196 -1 3175 3194 3197 -1 3198 3171 3196 -1 3199 3197 3194 -1 3170 3200 3169 -1 3200 3170 3201 -1 3198 3120 3171 -1 3202 3193 3198 -1 3203 3204 3153 -1 3198 3166 3120 -1 3198 3193 3166 -1 3205 3153 3204 -1 3206 3100 3172 -1 3207 3208 3209 -1 3207 3210 3211 -1 3212 3205 3213 -1 3209 3210 3207 -1 3213 3214 3215 -1 3213 3215 3212 -1 3212 3215 3180 -1 3210 3209 3216 -1 3211 3210 3217 -1 3215 3218 3179 -1 3179 3180 3215 -1 3219 3179 3220 -1 3219 3131 3179 -1 3219 3181 3131 -1 3219 3221 3222 -1 3221 3223 3222 -1 3221 3224 3223 -1 3223 3224 3225 -1 3222 3181 3219 -1 3222 3223 3182 -1 3192 3185 3142 -1 3176 3182 3223 -1 3192 3226 3185 -1 3222 3182 3181 -1 3226 3227 3186 -1 3186 3185 3226 -1 3228 3190 3229 -1 3188 3186 3227 -1 3223 3225 3176 -1 3230 3177 3176 -1 3177 3229 3189 -1 3229 3190 3189 -1 3188 3201 3125 -1 3201 3170 3125 -1 3191 3142 3139 -1 3190 3191 3139 -1 3135 3183 3184 -1 3133 3183 3135 -1 3231 3232 3233 -1 3233 3149 3167 -1 3232 3149 3233 -1 3184 3176 3178 -1 3230 3176 3225 -1 3141 3178 3177 -1 3226 3234 3227 -1 3234 3235 3227 -1 3184 3178 3135 -1 3235 3188 3227 -1 3135 3178 3141 -1 3201 3188 3235 -1 3148 3143 3185 -1 3145 3143 3148 -1 3236 3193 3202 -1 3193 3236 3194 -1 3236 3237 3194 -1 3145 3148 3111 -1 3147 3148 3173 -1 3100 3206 3162 -1 3199 3194 3237 -1 3173 3128 3147 -1 3215 3214 3218 -1 3213 3205 3204 -1 3205 3212 3154 -1 3155 3153 3205 -1 3153 3155 3119 -1 3155 3205 3126 -1 3205 3154 3126 -1 3180 3154 3212 -1 3154 3180 3131 -1 3238 3239 3240 -1 3241 3242 3243 -1 3244 3229 3245 -1 3243 3208 3241 -1 3244 3228 3229 -1 3244 3239 3228 -1 3246 3241 3208 -1 3246 3208 3211 -1 3211 3208 3207 -1 3238 3228 3239 -1 3208 3243 3209 -1 3228 3238 3190 -1 3209 3243 3247 -1 3245 3248 3249 -1 3248 3245 3225 -1 3230 3225 3245 -1 3250 3209 3247 -1 3229 3230 3245 -1 3191 3190 3238 -1 3216 3209 3250 -1 3191 3251 3192 -1 3252 3253 3254 -1 3255 3256 3257 -1 3255 3257 3258 -1 3258 3257 3195 -1 3214 3259 3260 -1 3261 3257 3256 -1 3220 3218 3260 -1 3257 3261 3196 -1 3258 3262 3263 -1 3218 3220 3179 -1 3220 3264 3265 -1 3265 3219 3220 -1 3265 3264 3248 -1 3264 3249 3248 -1 3265 3248 3224 -1 3262 3258 3200 -1 3200 3258 3169 -1 3169 3258 3195 -1 3195 3257 3196 -1 3202 3198 3196 -1 3266 3267 3268 -1 3211 3266 3268 -1 3217 3237 3211 -1 3269 3151 3270 -1 3151 3161 3270 -1 3206 3271 3162 -1 3272 3165 3273 -1 3164 3165 3272 -1 3274 3242 3241 -1 3242 3275 3243 -1 3275 3276 3243 -1 3277 3278 3240 -1 3278 3279 3240 -1 3274 3241 3246 -1 3240 3279 3280 -1 3277 3240 3244 -1 3247 3243 3276 -1 3240 3280 3238 -1 3249 3281 3245 -1 3281 3244 3245 -1 3244 3240 3239 -1 3238 3280 3251 -1 3251 3191 3238 -1 3282 3283 3284 -1 3192 3285 3286 -1 3285 3287 3288 -1 3288 3286 3285 -1 3289 3290 3254 -1 3254 3291 3289 -1 3262 3288 3287 -1 3255 3292 3256 -1 3292 3293 3256 -1 3256 3294 3261 -1 3294 3295 3261 -1 3263 3255 3258 -1 3254 3259 3252 -1 3214 3252 3259 -1 3259 3282 3260 -1 3196 3261 3296 -1 3282 3284 3260 -1 3196 3296 3202 -1 3297 3260 3284 -1 3202 3296 3298 -1 3299 3298 3296 -1 3297 3220 3260 -1 3264 3220 3297 -1 3298 3268 3267 -1 3211 3268 3246 -1 3172 3164 3300 -1 3300 3164 3272 -1 3301 3242 3302 -1 3242 3301 3275 -1 3301 3276 3275 -1 3303 3231 3304 -1 3304 3305 3303 -1 3231 3233 3306 -1 3306 3304 3231 -1 3233 3167 3306 -1 3151 3307 3167 -1 3308 3247 3309 -1 3281 3310 3311 -1 3312 3281 3311 -1 3247 3308 3250 -1 3281 3312 3244 -1 3310 3281 3249 -1 3313 3314 3315 -1 3285 3251 3315 -1 3290 3289 3316 -1 3315 3314 3285 -1 3251 3285 3192 -1 3317 3313 3318 -1 3317 3314 3313 -1 3263 3317 3318 -1 3317 3287 3314 -1 3314 3287 3285 -1 3263 3287 3317 -1 3263 3262 3287 -1 3225 3224 3248 -1 3290 3259 3254 -1 3230 3229 3177 -1 3282 3259 3283 -1 3286 3288 3234 -1 3192 3286 3226 -1 3226 3286 3234 -1 3234 3262 3235 -1 3288 3262 3234 -1 3262 3201 3235 -1 3256 3293 3294 -1 3295 3296 3261 -1 3299 3296 3295 -1 3254 3253 3291 -1 3291 3253 3319 -1 3253 3320 3319 -1 3320 3253 3204 -1 3204 3203 3320 -1 3213 3204 3253 -1 3252 3213 3253 -1 3274 3246 3321 -1 3298 3321 3268 -1 3252 3214 3213 -1 3321 3246 3268 -1 3262 3200 3201 -1 3322 3297 3284 -1 3297 3322 3311 -1 3297 3311 3310 -1 3260 3218 3214 -1 3298 3267 3202 -1 3202 3267 3236 -1 3264 3297 3249 -1 3267 3266 3236 -1 3310 3249 3297 -1 3266 3237 3236 -1 3266 3211 3237 -1 3161 3162 3271 -1 3271 3270 3161 -1 3219 3265 3221 -1 3221 3265 3224 -1 3206 3172 3323 -1 3324 3325 3326 -1 3327 3326 3325 -1 3277 3327 3328 -1 3329 3330 3328 -1 3331 3332 3333 -1 3330 3334 3278 -1 3331 3333 3335 -1 3335 3333 3302 -1 3336 3333 3332 -1 3328 3330 3278 -1 3337 3338 3339 -1 3328 3278 3277 -1 3340 3279 3334 -1 3334 3341 3340 -1 3342 3338 3343 -1 3344 3339 3338 -1 3338 3342 3344 -1 3345 3346 3294 -1 3336 3301 3333 -1 3347 3345 3293 -1 3336 3276 3301 -1 3348 3276 3336 -1 3349 3276 3348 -1 3350 3351 3342 -1 3347 3293 3292 -1 3349 3352 3309 -1 3342 3351 3283 -1 3353 3283 3351 -1 3293 3345 3294 -1 3354 3294 3346 -1 3284 3283 3353 -1 3355 3309 3352 -1 3352 3356 3355 -1 3284 3353 3357 -1 3325 3324 3357 -1 3295 3294 3354 -1 3358 3295 3354 -1 3340 3359 3360 -1 3361 3330 3329 -1 3330 3361 3334 -1 3361 3341 3334 -1 3362 3292 3318 -1 3295 3358 3299 -1 3323 3172 3300 -1 3363 3364 3273 -1 3323 3365 3206 -1 3366 3367 3368 -1 3369 3367 3366 -1 3369 3370 3367 -1 3271 3206 3371 -1 3371 3206 3365 -1 3372 3368 3331 -1 3368 3367 3331 -1 3370 3332 3367 -1 3372 3373 3374 -1 3372 3331 3335 -1 3375 3338 3337 -1 3367 3332 3331 -1 3340 3376 3359 -1 3376 3362 3359 -1 3336 3332 3370 -1 3373 3372 3335 -1 3350 3377 3351 -1 3378 3379 3380 -1 3336 3381 3348 -1 3351 3377 3382 -1 3380 3379 3346 -1 3383 3346 3379 -1 3380 3384 3378 -1 3384 3380 3385 -1 3385 3347 3386 -1 3380 3345 3385 -1 3385 3345 3347 -1 3272 3273 3387 -1 3346 3345 3380 -1 3350 3342 3343 -1 3307 3151 3269 -1 3346 3383 3354 -1 3383 3388 3354 -1 3351 3382 3389 -1 3390 3354 3388 -1 3351 3389 3353 -1 3352 3349 3391 -1 3362 3347 3292 -1 3392 3353 3389 -1 3352 3391 3363 -1 3393 3394 3392 -1 3389 3393 3392 -1 3363 3356 3352 -1 3394 3395 3396 -1 3395 3397 3396 -1 3354 3390 3358 -1 3396 3392 3394 -1 3357 3392 3396 -1 3353 3392 3357 -1 3398 3358 3390 -1 3357 3396 3325 -1 3358 3398 3399 -1 3398 3400 3373 -1 3373 3399 3398 -1 3373 3335 3399 -1 3401 3402 3403 -1 3403 3329 3404 -1 3358 3399 3299 -1 3335 3274 3399 -1 3329 3403 3361 -1 3403 3405 3361 -1 3405 3341 3361 -1 3270 3271 3371 -1 3301 3302 3333 -1 3335 3302 3274 -1 3242 3274 3302 -1 3316 3344 3290 -1 3339 3344 3316 -1 3276 3349 3309 -1 3304 3406 3305 -1 3276 3309 3247 -1 3407 3406 3304 -1 3304 3306 3407 -1 3348 3391 3349 -1 3338 3375 3408 -1 3409 3407 3306 -1 3342 3290 3344 -1 3306 3167 3409 -1 3290 3342 3259 -1 3308 3309 3355 -1 3307 3409 3167 -1 3342 3283 3259 -1 3322 3284 3357 -1 3322 3357 3324 -1 3322 3324 3311 -1 3410 3404 3329 -1 3411 3412 3343 -1 3408 3411 3343 -1 3338 3408 3343 -1 3328 3397 3410 -1 3410 3329 3328 -1 3328 3327 3397 -1 3327 3396 3397 -1 3396 3327 3325 -1 3334 3279 3278 -1 3341 3376 3340 -1 3362 3376 3413 -1 3413 3386 3362 -1 3362 3386 3347 -1 3312 3326 3327 -1 3324 3326 3311 -1 3312 3311 3326 -1 3327 3277 3312 -1 3312 3277 3244 -1 3279 3340 3280 -1 3251 3280 3360 -1 3360 3280 3340 -1 3315 3360 3359 -1 3313 3315 3359 -1 3359 3362 3313 -1 3313 3362 3318 -1 3315 3251 3360 -1 3255 3318 3292 -1 3318 3255 3263 -1 3299 3399 3321 -1 3399 3274 3321 -1 3321 3298 3299 -1 3273 3364 3387 -1 3414 3323 3415 -1 3323 3300 3415 -1 3323 3414 3365 -1 3416 3417 3384 -1 3418 3417 3419 -1 3420 3381 3421 -1 3384 3417 3378 -1 3391 3420 3364 -1 3422 3423 3424 -1 3384 3422 3424 -1 3422 3384 3385 -1 3300 3272 3387 -1 3378 3418 3379 -1 3417 3418 3378 -1 3425 3379 3418 -1 3383 3379 3425 -1 3391 3364 3363 -1 3422 3385 3386 -1 3426 3427 3411 -1 3383 3428 3388 -1 3412 3411 3427 -1 3428 3429 3400 -1 3388 3400 3390 -1 3390 3400 3398 -1 3412 3427 3430 -1 3431 3374 3373 -1 3430 3432 3433 -1 3430 3433 3412 -1 3434 3366 3435 -1 3436 3433 3432 -1 3433 3436 3437 -1 3366 3438 3369 -1 3434 3438 3366 -1 3366 3374 3435 -1 3366 3368 3374 -1 3433 3437 3377 -1 3369 3438 3370 -1 3372 3374 3368 -1 3437 3382 3377 -1 3382 3437 3439 -1 3440 3382 3439 -1 3269 3270 3441 -1 3441 3442 3269 -1 3441 3371 3365 -1 3270 3371 3441 -1 3382 3440 3443 -1 3440 3444 3443 -1 3370 3381 3336 -1 3443 3444 3395 -1 3370 3445 3381 -1 3443 3393 3382 -1 3393 3389 3382 -1 3420 3348 3381 -1 3381 3445 3421 -1 3393 3443 3394 -1 3443 3395 3394 -1 3446 3421 3447 -1 3448 3449 3401 -1 3401 3449 3402 -1 3450 3401 3404 -1 3451 3402 3449 -1 3402 3451 3405 -1 3444 3452 3410 -1 3410 3395 3444 -1 3404 3410 3452 -1 3403 3404 3401 -1 3402 3405 3403 -1 3413 3405 3453 -1 3453 3454 3413 -1 3454 3423 3422 -1 3300 3455 3415 -1 3300 3387 3455 -1 3456 3307 3442 -1 3307 3269 3442 -1 3415 3455 3446 -1 3457 3458 3459 -1 3460 3420 3455 -1 3461 3459 3458 -1 3419 3462 3418 -1 3437 3436 3439 -1 3462 3425 3418 -1 3455 3387 3460 -1 3420 3460 3364 -1 3448 3461 3449 -1 3463 3449 3461 -1 3364 3460 3387 -1 3428 3383 3425 -1 3450 3464 3448 -1 3401 3450 3448 -1 3435 3374 3465 -1 3449 3463 3451 -1 3466 3450 3404 -1 3465 3374 3431 -1 3416 3467 3417 -1 3388 3428 3400 -1 3452 3466 3404 -1 3467 3468 3419 -1 3463 3469 3451 -1 3419 3417 3467 -1 3451 3453 3405 -1 3470 3471 3438 -1 3462 3419 3472 -1 3471 3370 3438 -1 3471 3473 3370 -1 3442 3441 3474 -1 3474 3441 3475 -1 3476 3305 3406 -1 3447 3477 3414 -1 3475 3365 3477 -1 3365 3475 3441 -1 3414 3477 3365 -1 3445 3447 3421 -1 3478 3434 3479 -1 3447 3414 3446 -1 3455 3421 3446 -1 3455 3420 3421 -1 3480 3481 3482 -1 3446 3414 3415 -1 3434 3478 3438 -1 3483 3481 3480 -1 3438 3478 3470 -1 3481 3484 3436 -1 3432 3430 3481 -1 3440 3439 3485 -1 3485 3486 3440 -1 3487 3370 3473 -1 3485 3488 3486 -1 3445 3370 3487 -1 3486 3444 3440 -1 3487 3489 3445 -1 3445 3489 3447 -1 3464 3459 3448 -1 3448 3459 3461 -1 3391 3348 3420 -1 3490 3466 3488 -1 3466 3486 3488 -1 3464 3466 3490 -1 3406 3407 3491 -1 3464 3450 3466 -1 3452 3444 3486 -1 3409 3491 3407 -1 3486 3466 3452 -1 3409 3492 3491 -1 3409 3307 3492 -1 3492 3307 3456 -1 3426 3493 3427 -1 3430 3427 3493 -1 3451 3469 3453 -1 3469 3494 3453 -1 3453 3495 3496 -1 3494 3495 3453 -1 3430 3482 3481 -1 3423 3496 3495 -1 3432 3481 3436 -1 3436 3484 3439 -1 3350 3343 3412 -1 3454 3453 3496 -1 3485 3439 3484 -1 3412 3433 3377 -1 3377 3350 3412 -1 3423 3454 3496 -1 3397 3395 3410 -1 3405 3413 3341 -1 3341 3413 3376 -1 3386 3413 3454 -1 3386 3454 3422 -1 3384 3424 3416 -1 3462 3497 3425 -1 3497 3498 3499 -1 3428 3425 3497 -1 3499 3428 3497 -1 3500 3499 3498 -1 3499 3500 3465 -1 3500 3435 3465 -1 3428 3499 3429 -1 3499 3465 3429 -1 3431 3429 3465 -1 3400 3429 3431 -1 3400 3431 3373 -1 3482 3430 3501 -1 3502 3503 3504 -1 3480 3482 3505 -1 3506 3492 3507 -1 3492 3506 3491 -1 3502 3508 3503 -1 3494 3469 3509 -1 3509 3495 3494 -1 3510 3511 3512 -1 3513 3514 3478 -1 3515 3511 3510 -1 3516 3478 3514 -1 3511 3515 3468 -1 3430 3493 3501 -1 3517 3516 3514 -1 3478 3479 3513 -1 3518 3513 3479 -1 3512 3511 3519 -1 3483 3484 3481 -1 3471 3470 3473 -1 3483 3480 3520 -1 3511 3467 3519 -1 3473 3521 3522 -1 3522 3487 3473 -1 3516 3470 3478 -1 3483 3520 3523 -1 3520 3524 3523 -1 3525 3468 3526 -1 3468 3467 3511 -1 3484 3483 3485 -1 3434 3518 3479 -1 3521 3527 3522 -1 3528 3518 3435 -1 3468 3525 3472 -1 3435 3518 3434 -1 3528 3435 3500 -1 3529 3530 3527 -1 3522 3527 3530 -1 3531 3519 3416 -1 3531 3416 3502 -1 3416 3519 3467 -1 3530 3529 3489 -1 3477 3489 3529 -1 3474 3475 3529 -1 3475 3477 3529 -1 3532 3533 3457 -1 3492 3456 3507 -1 3507 3456 3534 -1 3472 3419 3468 -1 3457 3535 3536 -1 3477 3447 3489 -1 3457 3533 3458 -1 3537 3527 3521 -1 3538 3524 3520 -1 3524 3538 3539 -1 3534 3442 3474 -1 3456 3442 3534 -1 3540 3539 3538 -1 3541 3542 3498 -1 3457 3540 3535 -1 3541 3498 3497 -1 3540 3457 3459 -1 3501 3493 3543 -1 3542 3544 3498 -1 3458 3545 3461 -1 3528 3498 3544 -1 3546 3524 3539 -1 3546 3523 3524 -1 3523 3546 3488 -1 3490 3488 3546 -1 3539 3490 3546 -1 3501 3547 3505 -1 3539 3540 3464 -1 3464 3540 3459 -1 3548 3545 3549 -1 3550 3480 3505 -1 3501 3505 3482 -1 3463 3461 3545 -1 3548 3463 3545 -1 3548 3549 3551 -1 3548 3551 3503 -1 3503 3509 3548 -1 3463 3548 3469 -1 3509 3469 3548 -1 3509 3503 3508 -1 3504 3503 3551 -1 3513 3552 3514 -1 3470 3517 3521 -1 3537 3553 3527 -1 3554 3537 3521 -1 3555 3474 3553 -1 3556 3537 3554 -1 3557 3555 3556 -1 3556 3555 3537 -1 3537 3555 3553 -1 3517 3554 3521 -1 3558 3480 3550 -1 3559 3480 3558 -1 3559 3560 3520 -1 3561 3510 3562 -1 3506 3507 3563 -1 3480 3559 3520 -1 3563 3507 3564 -1 3510 3561 3515 -1 3515 3561 3526 -1 3538 3520 3560 -1 3529 3553 3474 -1 3528 3544 3518 -1 3470 3516 3517 -1 3468 3515 3526 -1 3565 3566 3532 -1 3532 3536 3565 -1 3512 3519 3531 -1 3567 3533 3566 -1 3566 3533 3532 -1 3535 3568 3536 -1 3568 3538 3560 -1 3473 3470 3521 -1 3525 3541 3472 -1 3504 3531 3502 -1 3557 3554 3569 -1 3556 3554 3557 -1 3570 3525 3571 -1 3533 3567 3458 -1 3525 3570 3541 -1 3536 3532 3457 -1 3570 3542 3541 -1 3572 3555 3557 -1 3567 3573 3545 -1 3549 3545 3573 -1 3574 3575 3518 -1 3518 3544 3574 -1 3458 3567 3545 -1 3534 3564 3507 -1 3564 3534 3555 -1 3538 3568 3535 -1 3538 3535 3540 -1 3527 3553 3529 -1 3576 3476 3406 -1 3555 3534 3474 -1 3576 3406 3577 -1 3578 3579 3580 -1 3581 3579 3578 -1 3531 3504 3582 -1 3575 3580 3552 -1 3575 3552 3513 -1 3580 3579 3552 -1 3579 3581 3552 -1 3552 3581 3583 -1 3518 3575 3513 -1 3552 3583 3514 -1 3517 3514 3583 -1 3573 3584 3549 -1 3487 3530 3489 -1 3522 3530 3487 -1 3585 3584 3586 -1 3584 3585 3582 -1 3539 3464 3490 -1 3549 3584 3582 -1 3549 3582 3551 -1 3551 3582 3504 -1 3587 3547 3588 -1 3547 3543 3588 -1 3571 3542 3570 -1 3544 3542 3574 -1 3406 3491 3577 -1 3577 3491 3506 -1 3543 3547 3501 -1 3547 3589 3590 -1 3589 3591 3590 -1 3547 3590 3505 -1 3591 3550 3590 -1 3590 3550 3505 -1 3559 3558 3592 -1 3592 3560 3559 -1 3426 3543 3493 -1 3485 3483 3523 -1 3485 3523 3488 -1 3508 3495 3509 -1 3508 3502 3495 -1 3495 3502 3423 -1 3502 3416 3424 -1 3424 3423 3502 -1 3541 3462 3472 -1 3541 3497 3462 -1 3500 3498 3528 -1 3593 3565 3594 -1 3595 3596 3594 -1 3597 3598 3599 -1 3580 3600 3578 -1 3594 3565 3536 -1 3600 3601 3578 -1 3476 3576 3602 -1 3594 3560 3595 -1 3576 3577 3603 -1 3568 3560 3594 -1 3594 3536 3568 -1 3599 3581 3578 -1 3601 3599 3578 -1 3599 3604 3581 -1 3567 3605 3573 -1 3606 3607 3565 -1 3565 3607 3566 -1 3608 3573 3605 -1 3609 3566 3607 -1 3604 3583 3581 -1 3566 3609 3567 -1 3586 3608 3610 -1 3562 3611 3612 -1 3586 3610 3613 -1 3561 3562 3614 -1 3569 3517 3583 -1 3608 3586 3584 -1 3573 3608 3584 -1 3613 3585 3586 -1 3589 3615 3616 -1 3613 3617 3611 -1 3572 3618 3619 -1 3611 3562 3510 -1 3618 3557 3569 -1 3613 3611 3512 -1 3512 3611 3510 -1 3572 3557 3618 -1 3563 3620 3619 -1 3621 3526 3561 -1 3620 3563 3564 -1 3572 3620 3564 -1 3622 3615 3547 -1 3517 3569 3554 -1 3615 3589 3547 -1 3582 3613 3531 -1 3531 3613 3512 -1 3623 3526 3621 -1 3555 3572 3564 -1 3526 3623 3571 -1 3589 3624 3625 -1 3526 3571 3525 -1 3571 3626 3542 -1 3589 3625 3591 -1 3627 3580 3574 -1 3574 3580 3575 -1 3626 3574 3542 -1 3625 3558 3591 -1 3550 3591 3558 -1 3596 3592 3625 -1 3558 3625 3592 -1 3476 3602 3628 -1 3629 3630 3631 -1 3632 3633 3634 -1 3597 3633 3632 -1 3635 3634 3633 -1 3597 3632 3636 -1 3597 3636 3598 -1 3635 3633 3600 -1 3580 3635 3600 -1 3599 3598 3604 -1 3637 3638 3639 -1 3638 3640 3639 -1 3639 3641 3637 -1 3637 3641 3642 -1 3602 3576 3643 -1 3606 3644 3642 -1 3603 3643 3576 -1 3645 3646 3647 -1 3572 3619 3620 -1 3648 3567 3609 -1 3648 3605 3567 -1 3649 3650 3651 -1 3652 3625 3624 -1 3653 3649 3612 -1 3612 3649 3614 -1 3654 3655 3651 -1 3656 3657 3658 -1 3595 3592 3596 -1 3560 3592 3595 -1 3649 3651 3614 -1 3614 3651 3655 -1 3612 3617 3659 -1 3642 3641 3606 -1 3617 3612 3611 -1 3606 3641 3607 -1 3612 3614 3562 -1 3609 3641 3639 -1 3607 3641 3609 -1 3648 3609 3639 -1 3617 3610 3659 -1 3660 3661 3593 -1 3593 3596 3660 -1 3561 3614 3655 -1 3644 3593 3661 -1 3655 3654 3657 -1 3644 3606 3565 -1 3621 3561 3657 -1 3657 3561 3655 -1 3656 3621 3657 -1 3605 3648 3662 -1 3608 3605 3662 -1 3662 3663 3608 -1 3659 3610 3663 -1 3608 3663 3610 -1 3664 3658 3665 -1 3658 3664 3656 -1 3665 3631 3664 -1 3664 3631 3630 -1 3666 3630 3629 -1 3635 3629 3631 -1 3593 3594 3596 -1 3644 3565 3593 -1 3617 3613 3610 -1 3585 3613 3582 -1 3656 3623 3621 -1 3656 3664 3623 -1 3623 3664 3667 -1 3664 3630 3667 -1 3667 3571 3623 -1 3571 3667 3626 -1 3630 3666 3668 -1 3668 3667 3630 -1 3635 3580 3629 -1 3667 3668 3627 -1 3668 3666 3627 -1 3627 3626 3667 -1 3626 3627 3574 -1 3627 3629 3580 -1 3666 3629 3627 -1 3587 3622 3547 -1 3601 3600 3599 -1 3599 3600 3597 -1 3597 3600 3633 -1 3589 3616 3669 -1 3624 3589 3669 -1 3652 3670 3625 -1 3598 3671 3604 -1 3604 3671 3583 -1 3671 3647 3672 -1 3625 3670 3596 -1 3672 3583 3671 -1 3670 3660 3596 -1 3569 3583 3672 -1 3647 3646 3672 -1 3619 3672 3646 -1 3673 3674 3603 -1 3646 3674 3673 -1 3673 3603 3577 -1 3577 3506 3673 -1 3646 3673 3619 -1 3618 3569 3672 -1 3618 3672 3619 -1 3563 3619 3673 -1 3563 3673 3506 -1 3628 3602 3675 -1 3649 3676 3677 -1 3678 3632 3679 -1 3680 3679 3632 -1 3681 3680 3634 -1 3680 3632 3634 -1 3682 3683 3684 -1 3632 3678 3636 -1 3685 3636 3678 -1 3686 3687 3660 -1 3652 3660 3670 -1 3686 3660 3652 -1 3660 3687 3661 -1 3688 3661 3687 -1 3688 3642 3644 -1 3640 3648 3639 -1 3648 3640 3689 -1 3681 3634 3690 -1 3648 3689 3662 -1 3635 3690 3634 -1 3689 3683 3662 -1 3689 3684 3683 -1 3598 3636 3685 -1 3663 3662 3683 -1 3683 3659 3663 -1 3685 3691 3598 -1 3677 3692 3650 -1 3671 3598 3691 -1 3693 3691 3694 -1 3695 3691 3693 -1 3653 3683 3682 -1 3676 3649 3653 -1 3649 3677 3650 -1 3602 3643 3675 -1 3675 3696 3697 -1 3696 3675 3643 -1 3695 3671 3691 -1 3671 3695 3647 -1 3650 3698 3651 -1 3695 3697 3645 -1 3683 3653 3659 -1 3612 3659 3653 -1 3647 3695 3645 -1 3698 3654 3651 -1 3697 3696 3645 -1 3645 3696 3674 -1 3603 3696 3643 -1 3674 3696 3603 -1 3646 3645 3674 -1 3699 3658 3698 -1 3700 3701 3699 -1 3658 3654 3698 -1 3654 3658 3657 -1 3699 3701 3658 -1 3665 3658 3701 -1 3701 3700 3665 -1 3700 3681 3665 -1 3665 3681 3690 -1 3631 3665 3690 -1 3635 3631 3690 -1 3702 3703 3684 -1 3682 3684 3703 -1 3678 3694 3685 -1 3698 3704 3705 -1 3698 3650 3704 -1 3693 3706 3707 -1 3682 3676 3653 -1 3691 3685 3694 -1 3693 3707 3697 -1 3697 3695 3693 -1 3708 3709 3705 -1 3710 3709 3708 -1 3675 3697 3707 -1 3710 3711 3680 -1 3699 3698 3705 -1 3705 3709 3700 -1 3705 3700 3699 -1 3710 3680 3681 -1 3712 3713 3679 -1 3680 3712 3679 -1 3678 3679 3713 -1 3640 3702 3689 -1 3702 3684 3689 -1 3706 3693 3694 -1 3644 3661 3688 -1 3710 3681 3709 -1 3700 3709 3681 -1 3714 3711 3708 -1 3710 3708 3711 -1 3706 3694 3715 -1 3706 3716 3707 -1 3704 3708 3705 -1 3717 3718 3719 -1 3719 3720 3721 -1 3722 3717 3719 -1 3723 3724 3725 -1 3718 3720 3719 -1 3726 3717 3722 -1 3727 3721 3720 -1 3724 3728 3729 -1 3730 3728 3724 -1 3731 3730 3723 -1 3723 3730 3724 -1 3724 3729 3725 -1 3732 3731 3723 -1 3733 3734 3735 -1 3733 3736 3737 -1 3738 3739 3718 -1 3739 3740 3741 -1 3742 3738 3718 -1 3728 3743 3744 -1 3744 3729 3728 -1 3745 3746 3747 -1 3745 3748 3749 -1 3750 3731 3751 -1 3752 3729 3744 -1 3753 3754 3755 -1 3755 3756 3753 -1 3751 3731 3732 -1 3757 3729 3752 -1 3758 3757 3752 -1 3751 3749 3748 -1 3759 3758 3752 -1 3752 3753 3756 -1 3752 3756 3759 -1 3756 3755 3737 -1 3759 3756 3736 -1 3756 3737 3736 -1 3760 3761 3734 -1 3762 3734 3733 -1 3734 3761 3742 -1 3733 3763 3762 -1 3763 3733 3737 -1 3764 3730 3731 -1 3764 3765 3730 -1 3728 3730 3765 -1 3720 3739 3741 -1 3739 3720 3718 -1 3741 3727 3720 -1 3728 3765 3743 -1 3762 3760 3734 -1 3755 3763 3737 -1 3734 3742 3726 -1 3717 3726 3742 -1 3726 3735 3734 -1 3766 3740 3767 -1 3768 3767 3738 -1 3738 3767 3740 -1 3769 3740 3766 -1 3739 3738 3740 -1 3742 3768 3738 -1 3718 3717 3742 -1 3770 3771 3767 -1 3766 3771 3769 -1 3772 3773 3754 -1 3754 3773 3774 -1 3775 3776 3777 -1 3778 3775 3779 -1 3780 3781 3743 -1 3764 3780 3765 -1 3776 3775 3760 -1 3775 3761 3760 -1 3774 3776 3762 -1 3764 3731 3750 -1 3776 3760 3762 -1 3744 3782 3752 -1 3783 3747 3784 -1 3747 3783 3745 -1 3782 3772 3752 -1 3748 3745 3783 -1 3783 3785 3748 -1 3751 3748 3785 -1 3752 3772 3753 -1 3754 3753 3772 -1 3785 3750 3751 -1 3770 3778 3786 -1 3767 3771 3766 -1 3787 3788 3789 -1 3787 3790 3791 -1 3779 3775 3790 -1 3792 3793 3794 -1 3778 3779 3786 -1 3795 3784 3794 -1 3795 3796 3797 -1 3743 3798 3744 -1 3784 3795 3783 -1 3782 3744 3798 -1 3795 3797 3783 -1 3797 3750 3783 -1 3799 3800 3772 -1 3783 3750 3785 -1 3772 3800 3773 -1 3801 3802 3803 -1 3804 3797 3796 -1 3777 3790 3775 -1 3800 3776 3773 -1 3773 3776 3774 -1 3805 3806 3764 -1 3793 3792 3801 -1 3805 3764 3750 -1 3797 3804 3750 -1 3804 3805 3750 -1 3806 3807 3781 -1 3807 3808 3781 -1 3806 3781 3780 -1 3764 3806 3780 -1 3809 3781 3808 -1 3743 3781 3809 -1 3798 3743 3809 -1 3779 3789 3788 -1 3788 3810 3779 -1 3787 3789 3790 -1 3779 3790 3789 -1 3779 3810 3786 -1 3810 3811 3786 -1 3770 3786 3811 -1 3811 3812 3813 -1 3811 3813 3770 -1 3770 3813 3771 -1 3812 3769 3813 -1 3813 3769 3771 -1 3780 3743 3765 -1 3814 3782 3798 -1 3800 3799 3815 -1 3814 3815 3799 -1 3772 3814 3799 -1 3782 3814 3772 -1 3777 3791 3790 -1 3777 3776 3800 -1 3742 3775 3778 -1 3742 3761 3775 -1 3774 3755 3754 -1 3763 3774 3762 -1 3774 3763 3755 -1 3768 3778 3770 -1 3767 3768 3770 -1 3742 3778 3768 -1 3804 3796 3816 -1 3816 3805 3804 -1 3817 3818 3819 -1 3817 3819 3820 -1 3820 3808 3817 -1 3809 3820 3821 -1 3820 3809 3808 -1 3809 3821 3798 -1 3822 3823 3821 -1 3821 3823 3824 -1 3824 3823 3791 -1 3824 3791 3777 -1 3825 3803 3826 -1 3824 3815 3821 -1 3825 3827 3803 -1 3777 3815 3824 -1 3800 3815 3777 -1 3828 3829 3788 -1 3826 3803 3830 -1 3788 3787 3828 -1 3831 3803 3827 -1 3793 3803 3831 -1 3802 3830 3803 -1 3832 3788 3829 -1 3793 3801 3803 -1 3791 3833 3787 -1 3793 3834 3835 -1 3835 3794 3793 -1 3836 3811 3837 -1 3835 3838 3796 -1 3839 3818 3817 -1 3832 3837 3811 -1 3840 3839 3807 -1 3839 3817 3807 -1 3807 3817 3808 -1 3841 3811 3836 -1 3838 3816 3796 -1 3840 3807 3806 -1 3835 3795 3794 -1 3796 3795 3835 -1 3818 3842 3843 -1 3843 3819 3818 -1 3844 3845 3846 -1 3828 3845 3829 -1 3847 3848 3849 -1 3829 3850 3832 -1 3849 3848 3827 -1 3822 3821 3820 -1 3849 3827 3825 -1 3823 3851 3791 -1 3828 3833 3852 -1 3833 3828 3787 -1 3833 3791 3851 -1 3831 3827 3848 -1 3850 3837 3832 -1 3836 3837 3853 -1 3854 3855 3839 -1 3839 3855 3818 -1 3834 3793 3831 -1 3838 3835 3834 -1 3854 3839 3840 -1 3838 3856 3816 -1 3816 3857 3805 -1 3857 3840 3806 -1 3858 3819 3859 -1 3850 3844 3860 -1 3844 3829 3845 -1 3829 3844 3850 -1 3858 3820 3819 -1 3822 3820 3858 -1 3851 3858 3861 -1 3852 3851 3861 -1 3858 3851 3823 -1 3823 3822 3858 -1 3833 3851 3852 -1 3832 3810 3788 -1 3837 3850 3860 -1 3862 3837 3860 -1 3831 3863 3834 -1 3864 3837 3862 -1 3842 3818 3865 -1 3866 3864 3867 -1 3865 3818 3855 -1 3853 3837 3864 -1 3864 3866 3853 -1 3868 3838 3834 -1 3856 3869 3857 -1 3840 3857 3869 -1 3868 3856 3838 -1 3857 3816 3856 -1 3810 3832 3811 -1 3806 3805 3857 -1 3811 3841 3812 -1 3814 3798 3821 -1 3814 3821 3815 -1 3870 3871 3872 -1 3872 3871 3847 -1 3872 3847 3873 -1 3847 3871 3848 -1 3873 3847 3874 -1 3871 3875 3876 -1 3876 3848 3871 -1 3877 3865 3878 -1 3878 3865 3879 -1 3842 3865 3877 -1 3880 3881 3882 -1 3882 3881 3846 -1 3883 3882 3846 -1 3874 3847 3849 -1 3825 3874 3849 -1 3826 3874 3825 -1 3860 3846 3881 -1 3831 3848 3876 -1 3884 3831 3876 -1 3831 3884 3863 -1 3863 3884 3885 -1 3862 3860 3886 -1 3887 3888 3862 -1 3889 3879 3854 -1 3855 3879 3865 -1 3854 3879 3855 -1 3869 3889 3854 -1 3863 3890 3868 -1 3890 3869 3868 -1 3877 3891 3842 -1 3842 3891 3843 -1 3859 3819 3843 -1 3861 3859 3892 -1 3893 3894 3861 -1 3852 3861 3894 -1 3883 3895 3896 -1 3895 3883 3845 -1 3883 3846 3845 -1 3852 3895 3828 -1 3828 3895 3845 -1 3894 3895 3852 -1 3862 3867 3864 -1 3862 3888 3867 -1 3897 3898 3877 -1 3871 3870 3875 -1 3899 3872 3900 -1 3899 3870 3872 -1 3873 3901 3872 -1 3874 3902 3873 -1 3884 3903 3885 -1 3903 3904 3885 -1 3903 3884 3876 -1 3905 3906 3897 -1 3897 3906 3898 -1 3905 3897 3907 -1 3907 3897 3878 -1 3878 3897 3877 -1 3894 3896 3895 -1 3908 3898 3906 -1 3908 3891 3898 -1 3891 3877 3898 -1 3891 3909 3843 -1 3901 3873 3902 -1 3910 3911 3880 -1 3910 3912 3913 -1 3910 3880 3912 -1 3914 3915 3916 -1 3917 3912 3882 -1 3912 3880 3882 -1 3901 3900 3872 -1 3918 3900 3901 -1 3880 3911 3919 -1 3880 3919 3881 -1 3917 3882 3883 -1 3917 3883 3896 -1 3920 3892 3921 -1 3843 3921 3859 -1 3892 3859 3921 -1 3920 3896 3893 -1 3893 3892 3920 -1 3861 3892 3893 -1 3886 3919 3922 -1 3861 3858 3859 -1 3900 3914 3899 -1 3899 3914 3916 -1 3893 3896 3894 -1 3846 3860 3844 -1 3904 3923 3924 -1 3925 3924 3923 -1 3919 3886 3881 -1 3926 3927 3886 -1 3911 3922 3919 -1 3927 3862 3886 -1 3860 3881 3886 -1 3885 3904 3924 -1 3927 3928 3887 -1 3887 3862 3927 -1 3924 3925 3889 -1 3885 3924 3890 -1 3924 3889 3890 -1 3869 3890 3889 -1 3878 3879 3925 -1 3925 3879 3889 -1 3863 3885 3890 -1 3840 3869 3854 -1 3834 3863 3868 -1 3869 3856 3868 -1 3929 3930 3931 -1 3931 3930 3906 -1 3932 3931 3907 -1 3930 3908 3906 -1 3907 3931 3905 -1 3931 3906 3905 -1 3933 3915 3934 -1 3935 3875 3870 -1 3936 3875 3935 -1 3875 3936 3937 -1 3937 3876 3875 -1 3936 3938 3939 -1 3936 3939 3937 -1 3940 3910 3913 -1 3940 3941 3910 -1 3911 3941 3942 -1 3903 3937 3943 -1 3910 3941 3911 -1 3937 3944 3943 -1 3903 3876 3937 -1 3945 3943 3944 -1 3909 3891 3908 -1 3946 3909 3908 -1 3909 3947 3948 -1 3946 3947 3909 -1 3943 3949 3904 -1 3943 3945 3949 -1 3904 3949 3923 -1 3949 3907 3925 -1 3925 3923 3949 -1 3843 3909 3921 -1 3925 3907 3878 -1 3909 3948 3920 -1 3909 3920 3921 -1 3896 3920 3948 -1 3950 3913 3917 -1 3947 3950 3917 -1 3917 3913 3912 -1 3947 3917 3948 -1 3917 3896 3948 -1 3915 3933 3916 -1 3933 3951 3916 -1 3952 3915 3914 -1 3952 3914 3918 -1 3953 3922 3954 -1 3916 3951 3955 -1 3918 3914 3900 -1 3916 3955 3935 -1 3935 3899 3916 -1 3870 3899 3935 -1 3922 3953 3926 -1 3953 3956 3957 -1 3957 3926 3953 -1 3926 3957 3927 -1 3957 3928 3927 -1 3930 3958 3959 -1 3960 3961 3962 -1 3960 3929 3961 -1 3930 3959 3908 -1 3963 3959 3964 -1 3965 3966 3934 -1 3967 3934 3966 -1 3940 3968 3941 -1 3967 3933 3934 -1 3933 3967 3969 -1 3950 3940 3913 -1 3965 3934 3915 -1 3958 3930 3970 -1 3933 3969 3951 -1 3971 3972 3973 -1 3969 3974 3951 -1 3975 3972 3971 -1 3971 3956 3975 -1 3976 3941 3977 -1 3977 3941 3968 -1 3978 3970 3979 -1 3976 3980 3981 -1 3982 3983 3984 -1 3979 3929 3960 -1 3983 3985 3986 -1 3986 3985 3987 -1 3986 3987 3988 -1 3952 3965 3915 -1 3955 3951 3974 -1 3979 3970 3929 -1 3929 3970 3930 -1 3954 3922 3989 -1 3918 3990 3952 -1 3991 3972 3975 -1 3954 3991 3953 -1 3975 3953 3991 -1 3956 3953 3975 -1 3886 3922 3926 -1 3901 3990 3918 -1 3955 3992 3936 -1 3955 3936 3935 -1 3992 3993 3938 -1 3938 3936 3992 -1 3938 3994 3995 -1 3938 3995 3939 -1 3931 3961 3929 -1 3996 3961 3932 -1 3961 3931 3932 -1 3994 3938 3993 -1 3993 3997 3994 -1 3997 3996 3998 -1 3995 3994 3945 -1 3994 3997 3945 -1 3997 3998 3945 -1 3996 3932 3998 -1 3907 3998 3932 -1 3939 3995 3944 -1 3944 3937 3939 -1 3904 3903 3943 -1 3945 3944 3995 -1 3907 3945 3998 -1 3949 3945 3907 -1 3976 3981 3989 -1 3989 3942 3976 -1 3989 3999 3954 -1 3991 3954 3999 -1 3999 4000 3972 -1 3972 3991 3999 -1 3972 4000 3973 -1 3946 3908 3959 -1 3963 3946 3959 -1 4001 3963 3964 -1 4001 4002 3963 -1 4002 3947 3963 -1 3947 3946 3963 -1 3950 3947 4002 -1 3942 3941 3976 -1 3942 3989 3922 -1 3940 3950 4002 -1 3942 3922 3911 -1 3986 3988 4003 -1 3988 4004 4003 -1 3978 4005 3970 -1 3970 4005 4006 -1 4007 3969 4008 -1 4007 3974 3969 -1 4007 3955 3974 -1 3989 3981 4009 -1 3984 3983 4010 -1 4011 4012 4013 -1 4014 4015 4016 -1 3981 4012 4011 -1 4015 3955 4007 -1 3955 4015 3992 -1 3986 4003 4010 -1 4014 3993 4015 -1 3986 4010 3983 -1 4017 3978 3979 -1 4017 3979 3960 -1 4018 4014 4016 -1 4014 4018 4019 -1 4011 4009 3981 -1 4017 3960 3962 -1 4009 4011 4020 -1 4020 4011 4021 -1 4021 4003 4020 -1 4004 4020 4003 -1 4022 4020 4004 -1 3999 3989 4009 -1 4009 4020 3999 -1 3999 4020 4022 -1 3999 4022 4000 -1 3988 3987 4023 -1 4023 4004 3988 -1 4015 3993 3992 -1 4004 4023 4024 -1 3978 4017 4025 -1 4004 4024 4022 -1 3997 3993 4014 -1 4014 4019 3997 -1 4019 3962 3961 -1 3997 4019 3996 -1 4019 3961 3996 -1 3967 4008 3969 -1 4008 4026 4007 -1 4027 4012 3981 -1 4028 4006 4005 -1 4006 4029 4030 -1 4000 4022 4024 -1 4006 3958 3970 -1 4030 3958 4006 -1 4000 4024 4031 -1 4031 3973 4000 -1 3977 4032 3976 -1 4032 3980 3976 -1 4027 3981 3980 -1 4033 3958 4030 -1 4033 3959 3958 -1 4033 3964 3959 -1 3964 4034 4001 -1 4035 4001 4034 -1 4001 4035 4002 -1 4035 3977 3968 -1 4002 3968 3940 -1 4035 3968 4002 -1 4036 3982 3984 -1 4036 4037 3982 -1 4038 4012 4039 -1 4013 4038 4040 -1 4041 3984 4040 -1 4040 3984 4010 -1 4015 4026 4016 -1 4042 4025 4017 -1 4010 4043 4040 -1 4013 4043 4021 -1 4021 4011 4013 -1 4003 4021 4043 -1 4003 4043 4010 -1 4005 4044 4028 -1 4028 4045 4046 -1 4047 4046 4048 -1 4049 4050 4051 -1 4049 4051 4032 -1 4046 4006 4028 -1 4029 4006 4046 -1 4052 4053 4044 -1 4054 4052 4025 -1 4055 4056 4042 -1 4056 4057 4042 -1 4025 4052 3978 -1 4057 4025 4042 -1 4007 4026 4015 -1 4026 4055 4016 -1 4005 4052 4044 -1 4052 4005 3978 -1 4058 4055 4026 -1 4018 4016 4055 -1 4055 4042 4018 -1 4050 4039 4027 -1 4027 4039 4012 -1 4019 4018 4042 -1 4042 4017 3962 -1 4027 4051 4050 -1 3962 4019 4042 -1 4059 4046 4047 -1 4059 4029 4046 -1 4060 4029 4059 -1 4047 4061 4062 -1 4063 4060 4059 -1 4062 4059 4047 -1 4059 4062 4063 -1 4029 4060 4033 -1 4033 4030 4029 -1 4063 4062 4064 -1 4060 4063 4034 -1 4034 4033 4060 -1 4064 4034 4063 -1 4061 4032 4062 -1 4027 3980 4051 -1 4051 3980 4032 -1 4062 4032 3977 -1 4062 3977 4064 -1 4064 3977 4035 -1 4038 4013 4012 -1 4043 4013 4040 -1 4033 4034 3964 -1 4034 4064 4035 -1 4065 4066 4067 -1 4054 4053 4052 -1 4048 4046 4045 -1 4061 4047 4048 -1 4050 4068 4039 -1 4049 4068 4050 -1 4058 4056 4055 -1 4061 4049 4032 -1 4069 4057 4056 -1 4065 4067 4039 -1 4057 4054 4025 -1 4041 4038 4067 -1 4040 4038 4041 -1 4067 4036 4041 -1 4036 3984 4041 -1 4067 4037 4036 -1 4039 4068 4070 -1 4071 4070 4068 -1 4072 4073 4074 -1 4071 4068 4072 -1 4075 4076 4065 -1 4076 4077 4065 -1 4076 4078 4077 -1 4079 4077 4078 -1 4077 4079 4080 -1 4081 4080 4079 -1 4080 4066 4077 -1 4080 4067 4066 -1 4067 4080 4037 -1 4037 4080 4082 -1 4082 4080 4081 -1 4039 4070 4083 -1 4083 4065 4039 -1 4083 4075 4065 -1 4065 4077 4066 -1 4045 4084 4048 -1 4084 4085 4048 -1 4086 4048 4085 -1 4085 4073 4086 -1 4048 4086 4061 -1 4073 4072 4086 -1 4068 4049 4072 -1 4086 4072 4049 -1 4086 4049 4061 -1 4067 4038 4039 -1 4072 4074 4071 -1 4087 4075 4088 -1 4089 4087 4088 -1 4087 4090 4091 -1 4089 4090 4087 -1 4075 4087 4078 -1 4078 4076 4075 -1 4091 4078 4087 -1 4092 4089 4093 -1 4092 4090 4089 -1 4094 4091 4090 -1 4095 4078 4091 -1 4094 4095 4091 -1 4079 4096 4081 -1 4095 4079 4078 -1 4096 4079 4095 -1 4097 4098 4099 -1 4100 4101 4099 -1 4102 4101 4100 -1 4099 4103 4097 -1 4103 4099 4104 -1 4099 4101 4104 -1 4102 4105 4101 -1 4101 4105 4104 -1 4104 4105 4106 -1 4107 4097 4108 -1 4108 4097 4109 -1 4097 4103 4109 -1 4110 4102 4111 -1 4112 4105 4102 -1 4102 4110 4112 -1 4105 4112 4106 -1 4112 4113 4114 -1 4114 4106 4112 -1 4113 4115 4114 -1 4116 4117 4118 -1 4117 4116 4119 -1 4116 4120 4119 -1 4121 4122 4123 -1 4122 4121 4124 -1 4100 4125 4126 -1 4121 4118 4117 -1 4119 4120 4127 -1 4124 4121 4117 -1 4107 4128 4098 -1 4129 4099 4098 -1 4107 4098 4097 -1 4126 4111 4100 -1 4100 4129 4125 -1 4129 4100 4099 -1 4100 4111 4102 -1 4130 4131 4132 -1 4133 4131 4130 -1 4134 4135 4118 -1 4136 4133 4130 -1 4133 4136 4137 -1 4118 4135 4116 -1 4138 4137 4136 -1 4139 4130 4132 -1 4130 4139 4136 -1 4137 4138 4140 -1 4138 4136 4141 -1 4142 4143 4144 -1 4145 4123 4146 -1 4121 4123 4145 -1 4121 4134 4118 -1 4126 4147 4148 -1 4116 4149 4120 -1 4126 4150 4111 -1 4149 4116 4135 -1 4151 4149 4152 -1 4149 4151 4120 -1 4153 4120 4151 -1 4111 4150 4154 -1 4155 4156 4157 -1 4153 4127 4120 -1 4158 4146 4123 -1 4158 4123 4159 -1 4123 4122 4159 -1 4160 4151 4156 -1 4151 4160 4153 -1 4156 4155 4160 -1 4160 4155 4161 -1 4131 4161 4155 -1 4162 4142 4163 -1 4143 4142 4162 -1 4162 4164 4143 -1 4162 4163 4165 -1 4163 4147 4125 -1 4125 4165 4163 -1 4147 4126 4125 -1 4164 4162 4165 -1 4164 4165 4166 -1 4129 4166 4165 -1 4165 4125 4129 -1 4129 4098 4166 -1 4166 4098 4128 -1 4154 4110 4111 -1 4154 4146 4110 -1 4146 4158 4110 -1 4110 4158 4112 -1 4112 4158 4113 -1 4159 4113 4158 -1 4151 4157 4156 -1 4167 4152 4168 -1 4168 4152 4135 -1 4139 4141 4136 -1 4145 4169 4134 -1 4155 4132 4131 -1 4145 4134 4121 -1 4149 4135 4152 -1 4152 4170 4151 -1 4151 4170 4157 -1 4142 4171 4163 -1 4147 4163 4171 -1 4148 4150 4126 -1 4172 4150 4148 -1 4154 4150 4172 -1 4154 4145 4146 -1 4173 4174 4175 -1 4175 4176 4173 -1 4173 4176 4177 -1 4178 4175 4174 -1 4176 4179 4180 -1 4181 4182 4183 -1 4179 4184 4180 -1 4185 4186 4187 -1 4185 4187 4188 -1 4187 4184 4188 -1 4179 4176 4189 -1 4175 4189 4176 -1 4190 4175 4178 -1 4178 4191 4190 -1 4190 4191 4192 -1 4193 4194 4195 -1 4196 4195 4194 -1 4192 4167 4190 -1 4197 4196 4194 -1 4191 4198 4192 -1 4197 4199 4200 -1 4201 4202 4203 -1 4201 4203 4204 -1 4205 4203 4206 -1 4206 4207 4205 -1 4199 4208 4209 -1 4210 4207 4211 -1 4212 4213 4209 -1 4199 4209 4214 -1 4206 4203 4202 -1 4185 4212 4186 -1 4213 4212 4185 -1 4215 4201 4204 -1 4211 4207 4216 -1 4216 4207 4132 -1 4201 4215 4141 -1 4215 4183 4182 -1 4141 4215 4182 -1 4185 4188 4217 -1 4179 4218 4184 -1 4179 4189 4218 -1 4218 4189 4168 -1 4167 4168 4189 -1 4189 4175 4190 -1 4190 4167 4189 -1 4219 4188 4169 -1 4188 4184 4169 -1 4135 4218 4168 -1 4184 4218 4134 -1 4218 4135 4134 -1 4184 4134 4169 -1 4196 4197 4200 -1 4172 4219 4145 -1 4200 4199 4220 -1 4169 4145 4219 -1 4195 4196 4144 -1 4196 4200 4147 -1 4144 4196 4171 -1 4196 4147 4171 -1 4167 4192 4221 -1 4200 4220 4147 -1 4221 4152 4167 -1 4192 4198 4222 -1 4220 4199 4214 -1 4148 4147 4220 -1 4214 4148 4220 -1 4221 4192 4222 -1 4222 4198 4211 -1 4214 4209 4223 -1 4213 4223 4209 -1 4213 4185 4217 -1 4152 4221 4170 -1 4171 4142 4144 -1 4221 4222 4170 -1 4170 4222 4157 -1 4222 4211 4157 -1 4214 4223 4148 -1 4148 4223 4172 -1 4223 4213 4217 -1 4217 4172 4223 -1 4219 4172 4217 -1 4217 4188 4219 -1 4145 4154 4172 -1 4132 4207 4206 -1 4132 4206 4139 -1 4141 4202 4201 -1 4206 4202 4139 -1 4141 4139 4202 -1 4216 4157 4211 -1 4216 4155 4157 -1 4132 4155 4216 -1 4138 4141 4182 -1 4224 4138 4182 -1 4182 4181 4224 -1 4224 4181 4225 -1 4226 4138 4224 -1 4225 4226 4224 -1 4187 4227 4180 -1 4227 4177 4180 -1 4228 4208 4199 -1 4180 4177 4176 -1 4208 4229 4212 -1 4208 4212 4209 -1 4187 4180 4184 -1 4177 4227 4230 -1 4191 4178 4231 -1 4177 4232 4173 -1 4174 4173 4232 -1 4191 4233 4210 -1 4194 4234 4197 -1 4178 4174 4235 -1 4236 4237 4199 -1 4191 4210 4198 -1 4210 4211 4198 -1 4178 4235 4231 -1 4238 4239 4240 -1 4204 4238 4241 -1 4205 4210 4233 -1 4230 4212 4229 -1 4212 4230 4186 -1 4240 4239 4203 -1 4205 4240 4203 -1 4239 4204 4203 -1 4239 4238 4204 -1 4227 4186 4230 -1 4186 4227 4187 -1 4207 4210 4205 -1 4215 4242 4183 -1 4243 4244 4174 -1 4245 4246 4247 -1 4248 4246 4245 -1 4248 4243 4232 -1 4174 4232 4243 -1 4246 4248 4232 -1 4249 4247 4246 -1 4249 4246 4177 -1 4246 4232 4177 -1 4244 4250 4251 -1 4251 4174 4244 -1 4235 4174 4251 -1 4251 4252 4235 -1 4253 4254 4255 -1 4253 4255 4256 -1 4256 4255 4257 -1 4252 4258 4259 -1 4258 4260 4259 -1 4257 4261 4262 -1 4263 4262 4261 -1 4259 4235 4252 -1 4259 4260 4264 -1 4264 4260 4265 -1 4256 4257 4193 -1 4266 4267 4268 -1 4269 4268 4260 -1 4270 4228 4271 -1 4241 4238 4267 -1 4272 4273 4249 -1 4268 4265 4260 -1 4228 4270 4274 -1 4272 4274 4270 -1 4268 4267 4240 -1 4229 4272 4249 -1 4272 4229 4274 -1 4265 4268 4205 -1 4240 4205 4268 -1 4265 4205 4233 -1 4238 4240 4267 -1 4249 4177 4230 -1 4249 4230 4229 -1 4259 4264 4235 -1 4235 4264 4231 -1 4264 4265 4233 -1 4233 4231 4264 -1 4255 4261 4257 -1 4261 4275 4263 -1 4271 4263 4275 -1 4193 4257 4234 -1 4234 4257 4262 -1 4197 4234 4262 -1 4194 4193 4234 -1 4231 4233 4191 -1 4236 4262 4263 -1 4263 4271 4237 -1 4237 4236 4263 -1 4271 4228 4237 -1 4236 4197 4262 -1 4236 4199 4197 -1 4228 4274 4208 -1 4237 4228 4199 -1 4208 4274 4229 -1 4242 4215 4204 -1 4250 4244 4276 -1 4258 4277 4260 -1 4278 4269 4279 -1 4279 4269 4277 -1 4280 4281 4282 -1 4283 4281 4284 -1 4285 4286 4283 -1 4268 4269 4266 -1 4271 4287 4270 -1 4288 4270 4287 -1 4270 4288 4272 -1 4289 4290 4276 -1 4291 4292 4293 -1 4250 4276 4290 -1 4284 4281 4280 -1 4294 4295 4296 -1 4285 4284 4297 -1 4285 4283 4284 -1 4297 4298 4299 -1 4300 4301 4302 -1 4297 4299 4285 -1 4301 4300 4303 -1 4301 4303 4304 -1 4304 4303 4305 -1 4285 4299 4286 -1 4304 4305 4306 -1 4306 4307 4304 -1 4308 4307 4306 -1 4309 4286 4299 -1 4310 4308 4306 -1 4310 4311 4312 -1 4286 4309 4245 -1 4311 4313 4314 -1 4245 4309 4315 -1 4245 4315 4248 -1 4312 4308 4310 -1 4311 4314 4312 -1 4250 4316 4296 -1 4316 4294 4296 -1 4317 4314 4313 -1 4317 4313 4318 -1 4317 4282 4314 -1 4282 4317 4280 -1 4309 4289 4315 -1 4289 4276 4315 -1 4290 4316 4250 -1 4243 4315 4276 -1 4286 4247 4283 -1 4283 4247 4273 -1 4286 4245 4247 -1 4315 4243 4248 -1 4276 4244 4243 -1 4251 4250 4296 -1 4251 4296 4252 -1 4296 4295 4252 -1 4319 4252 4295 -1 4295 4279 4319 -1 4277 4319 4279 -1 4273 4247 4249 -1 4252 4319 4258 -1 4277 4258 4319 -1 4306 4305 4310 -1 4260 4277 4269 -1 4308 4320 4307 -1 4320 4308 4321 -1 4321 4322 4320 -1 4308 4312 4321 -1 4261 4321 4312 -1 4312 4314 4261 -1 4322 4321 4254 -1 4322 4254 4253 -1 4254 4321 4261 -1 4254 4261 4255 -1 4314 4282 4275 -1 4282 4281 4275 -1 4275 4261 4314 -1 4275 4281 4271 -1 4281 4287 4271 -1 4287 4281 4283 -1 4287 4283 4288 -1 4288 4283 4273 -1 4272 4288 4273 -1 4323 4278 4279 -1 4324 4325 4289 -1 4289 4326 4290 -1 4298 4327 4328 -1 4327 4298 4297 -1 4324 4289 4309 -1 4298 4324 4309 -1 4292 4300 4302 -1 4300 4292 4329 -1 4309 4299 4298 -1 4326 4330 4290 -1 4331 4332 4333 -1 4330 4316 4290 -1 4317 4318 4333 -1 4295 4294 4334 -1 4335 4323 4334 -1 4334 4323 4279 -1 4334 4279 4295 -1 4294 4316 4330 -1 4336 4337 4280 -1 4335 4338 4339 -1 4336 4280 4317 -1 4294 4335 4334 -1 4340 4280 4337 -1 4280 4340 4327 -1 4340 4328 4327 -1 4327 4284 4280 -1 4284 4327 4297 -1 4341 4342 4343 -1 4341 4343 4325 -1 4341 4325 4324 -1 4342 4344 4345 -1 4345 4343 4342 -1 4343 4345 4330 -1 4343 4330 4326 -1 4330 4345 4338 -1 4292 4291 4346 -1 4347 4337 4341 -1 4324 4347 4341 -1 4348 4349 4346 -1 4292 4346 4329 -1 4346 4350 4329 -1 4338 4294 4330 -1 4349 4350 4346 -1 4349 4351 4350 -1 4352 4353 4350 -1 4354 4355 4338 -1 4339 4338 4355 -1 4350 4351 4352 -1 4352 4351 4356 -1 4332 4331 4352 -1 4332 4357 4358 -1 4358 4357 4359 -1 4332 4358 4333 -1 4336 4333 4358 -1 4336 4358 4337 -1 4359 4337 4358 -1 4341 4337 4359 -1 4338 4345 4354 -1 4337 4347 4340 -1 4340 4347 4328 -1 4298 4328 4347 -1 4326 4325 4343 -1 4347 4324 4298 -1 4325 4326 4289 -1 4329 4350 4353 -1 4360 4300 4329 -1 4303 4300 4360 -1 4360 4305 4303 -1 4353 4360 4329 -1 4360 4353 4361 -1 4360 4361 4311 -1 4313 4311 4361 -1 4335 4294 4338 -1 4352 4356 4332 -1 4353 4352 4361 -1 4362 4361 4331 -1 4331 4361 4352 -1 4363 4332 4356 -1 4335 4339 4323 -1 4362 4331 4318 -1 4331 4333 4318 -1 4361 4362 4313 -1 4318 4313 4362 -1 4360 4310 4305 -1 4311 4310 4360 -1 4333 4336 4317 -1 4359 4364 4341 -1 4342 4341 4364 -1 4365 4366 4364 -1 4366 4367 4368 -1 4368 4364 4366 -1 4344 4368 4369 -1 4370 4344 4369 -1 4368 4344 4342 -1 4357 4332 4363 -1 4363 4365 4357 -1 4357 4365 4359 -1 4364 4368 4342 -1 4365 4364 4359 -1 4371 4372 4373 -1 4374 4372 4371 -1 4375 4376 4377 -1 4375 4378 4379 -1 4378 4380 4379 -1 4373 4380 4381 -1 4379 4382 4375 -1 4382 4376 4375 -1 4379 4380 4373 -1 4379 4373 4382 -1 4371 4373 4381 -1 4371 4381 4383 -1 4383 4384 4371 -1 4384 4374 4371 -1 4384 4385 4374 -1 4386 4387 4388 -1 4387 4386 4377 -1 4389 4387 4377 -1 4389 4377 4376 -1 4378 4390 4391 -1 4378 4392 4380 -1 4393 4394 4395 -1 4386 4390 4377 -1 4390 4378 4377 -1 4377 4378 4375 -1 4392 4396 4380 -1 4396 4395 4380 -1 4380 4395 4381 -1 4381 4395 4394 -1 4381 4394 4383 -1 4383 4394 4397 -1 4398 4383 4397 -1 4384 4383 4398 -1 4398 4385 4384 -1 4391 4392 4378 -1 4396 4393 4395 -1 4397 4394 4399 -1 4397 4399 4400 -1 4401 4398 4397 -1 4401 4402 4398 -1 4385 4398 4402 -1 4403 4385 4402 -1 4404 4405 4406 -1 4404 4407 4405 -1 4407 4408 4388 -1 4409 4410 4393 -1 4411 4393 4410 -1 4411 4394 4393 -1 4394 4411 4399 -1 4400 4401 4397 -1 4403 4402 4412 -1 4413 4403 4412 -1 4414 4415 4416 -1 4414 4404 4415 -1 4417 4408 4414 -1 4414 4407 4404 -1 4414 4408 4407 -1 4418 4419 4420 -1 4419 4421 4420 -1 4422 4418 4420 -1 4418 4423 4417 -1 4422 4423 4418 -1 4424 4422 4420 -1 4424 4425 4422 -1 4424 4426 4425 -1 4425 4426 4409 -1 4426 4427 4410 -1 4410 4409 4426 -1 4410 4427 4428 -1 4423 4429 4408 -1 4411 4410 4428 -1 4411 4428 4430 -1 4399 4411 4430 -1 4400 4399 4430 -1 4408 4417 4423 -1 4421 4424 4420 -1 4426 4431 4432 -1 4426 4432 4427 -1 4408 4429 4388 -1 4388 4429 4386 -1 4386 4429 4390 -1 4429 4423 4390 -1 4390 4422 4391 -1 4423 4422 4390 -1 4392 4391 4422 -1 4422 4425 4392 -1 4392 4425 4396 -1 4425 4409 4396 -1 4396 4409 4393 -1 4433 4434 4435 -1 4436 4437 4438 -1 4439 4416 4440 -1 4417 4414 4416 -1 4441 4434 4433 -1 4441 4433 4442 -1 4443 4434 4419 -1 4419 4439 4443 -1 4439 4419 4418 -1 4419 4434 4421 -1 4434 4441 4421 -1 4438 4441 4442 -1 4421 4441 4438 -1 4438 4442 4436 -1 4444 4438 4437 -1 4431 4438 4444 -1 4439 4417 4416 -1 4439 4418 4417 -1 4421 4431 4424 -1 4445 4431 4444 -1 4445 4446 4431 -1 4432 4431 4446 -1 4447 4427 4448 -1 4428 4427 4447 -1 4447 4449 4428 -1 4449 4430 4428 -1 4450 4430 4451 -1 4400 4430 4450 -1 4450 4401 4400 -1 4437 4436 4452 -1 4444 4437 4453 -1 4454 4440 4455 -1 4456 4454 4455 -1 4443 4440 4454 -1 4440 4443 4439 -1 4454 4435 4443 -1 4434 4443 4435 -1 4401 4450 4457 -1 4455 4440 4416 -1 4431 4421 4438 -1 4424 4431 4426 -1 4432 4446 4448 -1 4432 4448 4427 -1 4451 4430 4449 -1 4413 4412 4458 -1 4445 4444 4453 -1 4453 4459 4445 -1 4452 4453 4437 -1 4446 4445 4459 -1 4448 4446 4459 -1 4453 4452 4460 -1 4459 4461 4448 -1 4447 4448 4461 -1 4462 4447 4461 -1 4449 4447 4462 -1 4451 4449 4462 -1 4451 4462 4463 -1 4463 4450 4451 -1 4450 4463 4457 -1 4401 4457 4464 -1 4402 4401 4464 -1 4402 4464 4412 -1 4459 4453 4465 -1 4465 4466 4459 -1 4467 4458 4412 -1 4465 4453 4460 -1 4466 4461 4459 -1 4412 4464 4467 -1 4462 4461 4468 -1 4468 4469 4462 -1 4463 4462 4469 -1 4469 4470 4463 -1 4457 4463 4470 -1 4470 4471 4457 -1 4471 4464 4457 -1 4465 4460 4472 -1 4461 4466 4468 -1 4467 4464 4473 -1 4467 4474 4458 -1 4469 4468 4475 -1 4475 4476 4469 -1 4470 4469 4476 -1 4476 4471 4470 -1 4477 4478 4479 -1 4479 4478 4480 -1 4480 4481 4479 -1 4482 4473 4471 -1 4464 4471 4473 -1 4477 4483 4484 -1 4483 4477 4485 -1 4483 4485 4486 -1 4487 4483 4486 -1 4488 4487 4486 -1 4489 4490 4478 -1 4485 4477 4479 -1 4481 4480 4491 -1 4465 4492 4466 -1 4468 4466 4492 -1 4492 4493 4468 -1 4494 4495 4467 -1 4474 4467 4495 -1 4496 4497 4489 -1 4498 4474 4495 -1 4499 4500 4501 -1 4500 4502 4501 -1 4503 4489 4478 -1 4478 4499 4503 -1 4499 4478 4477 -1 4504 4505 4506 -1 4505 4507 4506 -1 4505 4508 4509 -1 4483 4510 4484 -1 4507 4505 4511 -1 4509 4511 4505 -1 4484 4499 4477 -1 4497 4512 4490 -1 4490 4489 4497 -1 4478 4490 4513 -1 4513 4480 4478 -1 4513 4514 4480 -1 4480 4514 4515 -1 4480 4516 4491 -1 4480 4515 4516 -1 4475 4468 4493 -1 4493 4517 4475 -1 4500 4484 4510 -1 4475 4518 4476 -1 4484 4500 4499 -1 4476 4518 4519 -1 4519 4482 4476 -1 4471 4476 4482 -1 4520 4521 4522 -1 4523 4496 4524 -1 4523 4497 4496 -1 4503 4496 4489 -1 4523 4512 4497 -1 4512 4525 4526 -1 4501 4503 4499 -1 4502 4527 4501 -1 4492 4465 4528 -1 4518 4475 4529 -1 4520 4530 4521 -1 4531 4530 4520 -1 4473 4482 4532 -1 4526 4490 4512 -1 4473 4533 4467 -1 4494 4467 4533 -1 4526 4513 4490 -1 4526 4534 4513 -1 4498 4495 4535 -1 4536 4513 4534 -1 4504 4537 4505 -1 4538 4504 4506 -1 4509 4508 4527 -1 4527 4502 4509 -1 4472 4528 4465 -1 4520 4539 4540 -1 4541 4542 4543 -1 4544 4540 4545 -1 4540 4544 4546 -1 4547 4548 4549 -1 4493 4492 4550 -1 4518 4529 4551 -1 4552 4553 4524 -1 4554 4555 4548 -1 4551 4519 4518 -1 4548 4547 4556 -1 4557 4473 4532 -1 4473 4557 4533 -1 4543 4552 4558 -1 4559 4560 4561 -1 4520 4561 4560 -1 4533 4562 4494 -1 4495 4494 4562 -1 4539 4520 4560 -1 4563 4535 4495 -1 4563 4564 4535 -1 4552 4524 4565 -1 4566 4567 4553 -1 4568 4569 4567 -1 4559 4570 4571 -1 4564 4572 4535 -1 4573 4572 4564 -1 4567 4569 4574 -1 4567 4574 4553 -1 4569 4568 4525 -1 4553 4574 4524 -1 4575 4576 4577 -1 4577 4578 4579 -1 4525 4580 4581 -1 4580 4582 4581 -1 4581 4582 4583 -1 4577 4579 4584 -1 4585 4575 4586 -1 4587 4559 4588 -1 4538 4586 4575 -1 4538 4575 4584 -1 4586 4589 4585 -1 4575 4577 4584 -1 4588 4559 4561 -1 4583 4582 4590 -1 4542 4579 4591 -1 4587 4592 4582 -1 4582 4592 4590 -1 4593 4590 4592 -1 4584 4579 4537 -1 4542 4537 4579 -1 4587 4588 4592 -1 4520 4522 4561 -1 4506 4594 4538 -1 4538 4594 4586 -1 4595 4520 4540 -1 4537 4508 4505 -1 4546 4596 4540 -1 4558 4527 4541 -1 4527 4558 4597 -1 4597 4552 4565 -1 4517 4529 4475 -1 4556 4554 4548 -1 4527 4597 4501 -1 4597 4565 4501 -1 4565 4524 4496 -1 4519 4598 4482 -1 4598 4532 4482 -1 4565 4496 4503 -1 4565 4503 4501 -1 4599 4589 4600 -1 4600 4589 4601 -1 4602 4583 4603 -1 4602 4603 4536 -1 4602 4536 4534 -1 4513 4536 4514 -1 4515 4514 4604 -1 4603 4590 4605 -1 4606 4536 4603 -1 4605 4606 4603 -1 4590 4593 4605 -1 4504 4538 4584 -1 4584 4537 4504 -1 4606 4605 4607 -1 4605 4593 4607 -1 4589 4586 4601 -1 4593 4592 4608 -1 4608 4607 4593 -1 4606 4514 4536 -1 4508 4537 4542 -1 4606 4604 4514 -1 4508 4542 4541 -1 4595 4531 4520 -1 4508 4541 4527 -1 4558 4541 4543 -1 4540 4596 4595 -1 4552 4597 4558 -1 4574 4569 4512 -1 4574 4523 4524 -1 4512 4523 4574 -1 4525 4512 4569 -1 4583 4602 4581 -1 4517 4493 4550 -1 4525 4581 4534 -1 4602 4534 4581 -1 4534 4526 4525 -1 4583 4590 4603 -1 4522 4592 4588 -1 4592 4522 4608 -1 4522 4588 4561 -1 4609 4610 4563 -1 4611 4612 4566 -1 4611 4613 4612 -1 4614 4571 4615 -1 4612 4613 4616 -1 4617 4618 4576 -1 4571 4614 4560 -1 4566 4612 4567 -1 4492 4528 4550 -1 4612 4616 4568 -1 4551 4619 4519 -1 4560 4559 4571 -1 4576 4618 4578 -1 4598 4519 4619 -1 4568 4567 4612 -1 4620 4557 4532 -1 4562 4533 4557 -1 4621 4555 4622 -1 4562 4609 4495 -1 4495 4609 4563 -1 4622 4555 4554 -1 4623 4624 4625 -1 4624 4623 4615 -1 4555 4549 4548 -1 4576 4578 4577 -1 4626 4624 4627 -1 4627 4624 4570 -1 4624 4615 4570 -1 4571 4570 4615 -1 4575 4585 4628 -1 4575 4628 4576 -1 4591 4578 4618 -1 4564 4563 4610 -1 4564 4610 4629 -1 4630 4629 4610 -1 4587 4570 4559 -1 4627 4570 4587 -1 4579 4578 4591 -1 4539 4545 4540 -1 4564 4629 4573 -1 4629 4599 4573 -1 4591 4631 4542 -1 4632 4525 4568 -1 4542 4631 4633 -1 4629 4585 4589 -1 4525 4632 4580 -1 4634 4582 4635 -1 4629 4589 4599 -1 4544 4545 4636 -1 4634 4627 4587 -1 4633 4637 4553 -1 4587 4582 4634 -1 4566 4553 4637 -1 4543 4542 4633 -1 4552 4543 4633 -1 4633 4553 4552 -1 4557 4638 4562 -1 4562 4638 4639 -1 4640 4614 4641 -1 4616 4642 4643 -1 4644 4645 4611 -1 4551 4529 4646 -1 4619 4551 4647 -1 4613 4645 4648 -1 4647 4649 4619 -1 4650 4643 4635 -1 4643 4651 4635 -1 4614 4640 4560 -1 4619 4649 4598 -1 4557 4620 4638 -1 4643 4650 4632 -1 4611 4645 4613 -1 4639 4638 4652 -1 4643 4568 4616 -1 4653 4539 4640 -1 4654 4653 4640 -1 4568 4643 4632 -1 4609 4562 4639 -1 4651 4655 4656 -1 4657 4653 4654 -1 4656 4635 4651 -1 4609 4639 4610 -1 4630 4610 4639 -1 4639 4652 4658 -1 4655 4659 4656 -1 4652 4660 4658 -1 4626 4656 4659 -1 4661 4658 4660 -1 4560 4640 4539 -1 4639 4658 4630 -1 4662 4625 4626 -1 4663 4664 4665 -1 4625 4666 4623 -1 4661 4630 4658 -1 4626 4625 4624 -1 4667 4576 4661 -1 4663 4621 4664 -1 4622 4664 4621 -1 4628 4661 4576 -1 4657 4664 4653 -1 4664 4622 4653 -1 4618 4668 4591 -1 4617 4667 4669 -1 4670 4623 4666 -1 4668 4671 4591 -1 4614 4623 4670 -1 4672 4617 4673 -1 4667 4617 4576 -1 4617 4672 4618 -1 4674 4675 4676 -1 4677 4678 4679 -1 4680 4674 4676 -1 4672 4681 4668 -1 4668 4618 4672 -1 4682 4671 4683 -1 4591 4671 4631 -1 4676 4621 4680 -1 4663 4680 4621 -1 4671 4682 4631 -1 4631 4682 4637 -1 4684 4637 4682 -1 4676 4685 4686 -1 4685 4676 4675 -1 4675 4687 4685 -1 4637 4684 4566 -1 4611 4566 4684 -1 4687 4688 4685 -1 4689 4690 4687 -1 4690 4688 4687 -1 4690 4678 4688 -1 4679 4678 4690 -1 4614 4615 4623 -1 4691 4654 4640 -1 4654 4692 4657 -1 4539 4653 4693 -1 4550 4694 4517 -1 4657 4665 4664 -1 4694 4646 4517 -1 4676 4549 4621 -1 4529 4517 4646 -1 4621 4549 4555 -1 4653 4622 4693 -1 4649 4620 4598 -1 4695 4547 4549 -1 4598 4620 4532 -1 4539 4693 4545 -1 4667 4661 4660 -1 4693 4622 4545 -1 4636 4622 4554 -1 4545 4622 4636 -1 4686 4685 4696 -1 4688 4696 4685 -1 4696 4695 4686 -1 4630 4661 4585 -1 4585 4661 4628 -1 4688 4678 4696 -1 4697 4696 4678 -1 4697 4695 4696 -1 4630 4585 4629 -1 4641 4614 4670 -1 4686 4549 4676 -1 4549 4686 4695 -1 4691 4640 4641 -1 4637 4633 4631 -1 4635 4656 4634 -1 4627 4634 4626 -1 4626 4634 4656 -1 4635 4580 4650 -1 4580 4632 4650 -1 4580 4635 4582 -1 4528 4472 4698 -1 4642 4616 4648 -1 4699 4617 4669 -1 4700 4617 4699 -1 4673 4617 4700 -1 4701 4702 4666 -1 4694 4550 4703 -1 4701 4666 4625 -1 4704 4705 4680 -1 4646 4647 4551 -1 4706 4647 4646 -1 4674 4680 4705 -1 4649 4707 4620 -1 4620 4707 4708 -1 4709 4710 4711 -1 4712 4620 4708 -1 4652 4638 4712 -1 4705 4713 4674 -1 4714 4666 4702 -1 4677 4715 4678 -1 4716 4717 4644 -1 4718 4717 4719 -1 4717 4718 4648 -1 4611 4684 4644 -1 4616 4613 4648 -1 4702 4701 4720 -1 4721 4707 4649 -1 4707 4721 4708 -1 4722 4723 4716 -1 4662 4724 4701 -1 4725 4720 4701 -1 4725 4701 4724 -1 4700 4699 4726 -1 4708 4721 4727 -1 4728 4700 4726 -1 4729 4702 4720 -1 4730 4731 4732 -1 4733 4734 4731 -1 4731 4730 4733 -1 4735 4736 4737 -1 4735 4737 4738 -1 4739 4699 4669 -1 4703 4740 4694 -1 4724 4662 4741 -1 4735 4738 4742 -1 4735 4742 4743 -1 4744 4745 4746 -1 4744 4747 4745 -1 4700 4728 4673 -1 4681 4673 4728 -1 4728 4748 4749 -1 4738 4737 4750 -1 4737 4751 4750 -1 4752 4750 4751 -1 4749 4681 4728 -1 4706 4721 4647 -1 4738 4750 4742 -1 4711 4742 4750 -1 4647 4721 4649 -1 4714 4702 4729 -1 4753 4711 4750 -1 4754 4708 4727 -1 4729 4755 4714 -1 4755 4731 4714 -1 4711 4753 4709 -1 4749 4756 4757 -1 4722 4758 4759 -1 4739 4760 4754 -1 4761 4709 4753 -1 4756 4758 4684 -1 4755 4732 4731 -1 4709 4761 4762 -1 4709 4762 4763 -1 4681 4749 4764 -1 4746 4745 4765 -1 4708 4754 4760 -1 4708 4760 4766 -1 4767 4765 4705 -1 4765 4745 4713 -1 4757 4764 4749 -1 4704 4767 4705 -1 4705 4765 4713 -1 4760 4739 4669 -1 4712 4708 4766 -1 4745 4736 4735 -1 4735 4713 4745 -1 4756 4684 4768 -1 4726 4769 4770 -1 4759 4723 4722 -1 4728 4726 4770 -1 4771 4704 4730 -1 4758 4722 4716 -1 4716 4723 4719 -1 4716 4719 4717 -1 4772 4773 4774 -1 4719 4775 4774 -1 4776 4777 4778 -1 4778 4777 4773 -1 4724 4777 4776 -1 4777 4724 4741 -1 4644 4758 4716 -1 4774 4718 4719 -1 4779 4718 4774 -1 4773 4779 4774 -1 4691 4692 4654 -1 4657 4692 4665 -1 4694 4740 4646 -1 4528 4703 4550 -1 4740 4706 4646 -1 4706 4740 4780 -1 4780 4721 4706 -1 4735 4743 4713 -1 4781 4677 4679 -1 4666 4714 4670 -1 4712 4766 4652 -1 4714 4731 4641 -1 4641 4670 4714 -1 4731 4734 4641 -1 4766 4760 4669 -1 4620 4712 4638 -1 4652 4766 4660 -1 4660 4766 4667 -1 4734 4691 4641 -1 4734 4733 4692 -1 4692 4691 4734 -1 4766 4669 4667 -1 4663 4730 4704 -1 4733 4730 4665 -1 4730 4663 4665 -1 4704 4680 4663 -1 4675 4674 4713 -1 4733 4665 4692 -1 4672 4673 4681 -1 4743 4675 4713 -1 4743 4742 4782 -1 4687 4743 4782 -1 4742 4711 4710 -1 4710 4782 4742 -1 4782 4710 4783 -1 4668 4681 4764 -1 4753 4784 4761 -1 4671 4668 4764 -1 4709 4783 4710 -1 4764 4757 4683 -1 4768 4683 4757 -1 4756 4768 4757 -1 4675 4743 4687 -1 4687 4782 4783 -1 4689 4687 4783 -1 4783 4709 4785 -1 4764 4683 4671 -1 4783 4785 4786 -1 4709 4763 4785 -1 4786 4689 4783 -1 4787 4690 4689 -1 4689 4786 4787 -1 4787 4679 4690 -1 4787 4781 4679 -1 4683 4768 4682 -1 4684 4682 4768 -1 4778 4773 4772 -1 4758 4644 4684 -1 4644 4717 4645 -1 4717 4648 4645 -1 4642 4648 4718 -1 4779 4642 4718 -1 4773 4788 4779 -1 4643 4642 4779 -1 4779 4788 4651 -1 4651 4643 4779 -1 4777 4788 4773 -1 4788 4777 4789 -1 4777 4741 4789 -1 4625 4662 4701 -1 4789 4741 4659 -1 4789 4651 4788 -1 4651 4789 4655 -1 4659 4655 4789 -1 4662 4659 4741 -1 4659 4662 4626 -1 4528 4698 4790 -1 4791 4792 4793 -1 4794 4793 4759 -1 4790 4795 4528 -1 4703 4528 4795 -1 4740 4703 4795 -1 4795 4796 4740 -1 4792 4797 4793 -1 4759 4793 4723 -1 4740 4796 4780 -1 4776 4798 4725 -1 4797 4723 4793 -1 4796 4799 4780 -1 4799 4727 4721 -1 4800 4775 4792 -1 4798 4801 4725 -1 4802 4772 4800 -1 4725 4801 4720 -1 4803 4801 4804 -1 4805 4754 4727 -1 4754 4805 4739 -1 4803 4806 4801 -1 4804 4801 4798 -1 4739 4805 4699 -1 4807 4769 4699 -1 4744 4746 4808 -1 4808 4746 4809 -1 4724 4776 4725 -1 4770 4769 4810 -1 4769 4726 4699 -1 4809 4746 4811 -1 4729 4720 4812 -1 4813 4728 4770 -1 4748 4728 4813 -1 4747 4736 4745 -1 4729 4814 4755 -1 4747 4737 4736 -1 4814 4815 4755 -1 4748 4816 4749 -1 4732 4755 4815 -1 4749 4816 4756 -1 4756 4759 4758 -1 4811 4746 4765 -1 4811 4765 4767 -1 4797 4775 4723 -1 4775 4719 4723 -1 4817 4767 4771 -1 4775 4800 4774 -1 4704 4771 4767 -1 4732 4771 4730 -1 4791 4794 4818 -1 4819 4820 4821 -1 4794 4791 4793 -1 4822 4823 4790 -1 4795 4790 4823 -1 4795 4823 4824 -1 4824 4796 4795 -1 4825 4824 4823 -1 4799 4796 4824 -1 4826 4799 4824 -1 4827 4828 4807 -1 4792 4829 4800 -1 4824 4827 4830 -1 4830 4826 4824 -1 4804 4831 4803 -1 4807 4830 4827 -1 4829 4804 4798 -1 4802 4800 4829 -1 4829 4798 4802 -1 4832 4833 4828 -1 4810 4769 4833 -1 4834 4835 4808 -1 4769 4828 4833 -1 4835 4834 4836 -1 4837 4835 4836 -1 4808 4835 4838 -1 4813 4770 4810 -1 4839 4803 4840 -1 4803 4839 4806 -1 4810 4841 4813 -1 4813 4841 4842 -1 4839 4843 4806 -1 4806 4843 4812 -1 4842 4794 4844 -1 4812 4843 4814 -1 4814 4843 4811 -1 4844 4794 4759 -1 4809 4834 4808 -1 4838 4835 4845 -1 4846 4811 4843 -1 4847 4848 4849 -1 4849 4850 4847 -1 4820 4851 4852 -1 4845 4847 4850 -1 4848 4847 4821 -1 4821 4847 4819 -1 4816 4844 4756 -1 4844 4759 4756 -1 4845 4835 4837 -1 4752 4753 4750 -1 4800 4772 4774 -1 4853 4845 4837 -1 4752 4854 4753 -1 4845 4853 4847 -1 4855 4827 4825 -1 4854 4784 4753 -1 4855 4828 4827 -1 4856 4843 4839 -1 4798 4776 4802 -1 4824 4825 4827 -1 4772 4802 4778 -1 4846 4843 4856 -1 4806 4812 4720 -1 4802 4776 4778 -1 4855 4832 4828 -1 4833 4832 4857 -1 4833 4857 4858 -1 4814 4729 4812 -1 4838 4845 4850 -1 4814 4817 4815 -1 4808 4838 4744 -1 4814 4811 4817 -1 4811 4846 4809 -1 4838 4850 4744 -1 4859 4833 4858 -1 4747 4744 4850 -1 4860 4853 4837 -1 4769 4807 4828 -1 4861 4847 4853 -1 4861 4862 4819 -1 4815 4817 4732 -1 4817 4771 4732 -1 4861 4819 4847 -1 4811 4767 4817 -1 4862 4851 4819 -1 4820 4819 4851 -1 4850 4849 4747 -1 4842 4841 4863 -1 4794 4842 4863 -1 4848 4821 4864 -1 4737 4747 4849 -1 4849 4751 4737 -1 4864 4849 4848 -1 4849 4864 4751 -1 4751 4864 4752 -1 4829 4792 4865 -1 4866 4821 4820 -1 4821 4866 4864 -1 4852 4867 4820 -1 4820 4867 4866 -1 4864 4866 4868 -1 4775 4797 4792 -1 4868 4867 4854 -1 4866 4867 4868 -1 4864 4868 4752 -1 4854 4752 4868 -1 4869 4829 4865 -1 4804 4829 4869 -1 4801 4806 4720 -1 4780 4799 4721 -1 4826 4727 4799 -1 4805 4830 4807 -1 4830 4727 4826 -1 4830 4805 4727 -1 4699 4805 4807 -1 4870 4813 4842 -1 4870 4748 4813 -1 4844 4870 4842 -1 4870 4816 4748 -1 4870 4844 4816 -1 4871 4872 4873 -1 4874 4822 4875 -1 4876 4874 4875 -1 4837 4877 4860 -1 4874 4876 4878 -1 4879 4880 4881 -1 4881 4882 4879 -1 4880 4873 4881 -1 4876 4883 4878 -1 4881 4873 4872 -1 4884 4885 4840 -1 4818 4882 4886 -1 4882 4881 4886 -1 4887 4888 4861 -1 4791 4818 4886 -1 4862 4861 4888 -1 4884 4889 4885 -1 4890 4862 4888 -1 4891 4885 4889 -1 4836 4834 4891 -1 4872 4886 4881 -1 4886 4872 4892 -1 4893 4894 4895 -1 4851 4862 4890 -1 4836 4877 4837 -1 4871 4896 4872 -1 4878 4883 4897 -1 4878 4897 4832 -1 4892 4872 4896 -1 4897 4894 4857 -1 4857 4832 4897 -1 4898 4840 4899 -1 4891 4834 4809 -1 4894 4893 4858 -1 4894 4858 4857 -1 4900 4901 4879 -1 4882 4900 4879 -1 4899 4840 4831 -1 4902 4903 4859 -1 4818 4903 4902 -1 4902 4900 4882 -1 4902 4882 4818 -1 4873 4880 4904 -1 4875 4905 4876 -1 4901 4906 4907 -1 4876 4905 4883 -1 4908 4879 4909 -1 4908 4880 4879 -1 4840 4910 4884 -1 4884 4911 4889 -1 4912 4893 4895 -1 4913 4889 4911 -1 4871 4898 4896 -1 4896 4898 4899 -1 4889 4913 4891 -1 4913 4914 4891 -1 4898 4910 4840 -1 4914 4836 4891 -1 4912 4902 4893 -1 4912 4906 4902 -1 4900 4902 4906 -1 4900 4906 4901 -1 4901 4909 4879 -1 4855 4874 4878 -1 4825 4823 4874 -1 4874 4823 4822 -1 4855 4825 4874 -1 4885 4891 4846 -1 4846 4891 4809 -1 4840 4885 4839 -1 4839 4885 4856 -1 4846 4856 4885 -1 4855 4878 4832 -1 4893 4859 4858 -1 4860 4887 4853 -1 4893 4902 4859 -1 4861 4853 4887 -1 4859 4841 4833 -1 4833 4841 4810 -1 4863 4841 4859 -1 4859 4903 4863 -1 4863 4903 4794 -1 4794 4903 4818 -1 4791 4886 4892 -1 4892 4792 4791 -1 4865 4892 4896 -1 4865 4792 4892 -1 4865 4896 4869 -1 4899 4869 4896 -1 4899 4831 4804 -1 4831 4840 4803 -1 4869 4899 4804 -1 4915 4916 4917 -1 4918 4916 4915 -1 4917 4916 4919 -1 4919 4916 4920 -1 4917 4921 4915 -1 4922 4923 4915 -1 4924 4922 4925 -1 4922 4915 4925 -1 4918 4915 4923 -1 4926 4918 4923 -1 4927 4928 4917 -1 4917 4919 4927 -1 4919 4929 4927 -1 4927 4929 4930 -1 4922 4924 4931 -1 4918 4920 4916 -1 4923 4922 4931 -1 4923 4931 4932 -1 4926 4923 4932 -1 4932 4933 4926 -1 4921 4917 4928 -1 4934 4935 4936 -1 4934 4937 4935 -1 4937 4938 4939 -1 4940 4941 4939 -1 4937 4942 4935 -1 4939 4942 4937 -1 4943 4939 4941 -1 4936 4935 4925 -1 4925 4935 4924 -1 4944 4943 4941 -1 4945 4943 4944 -1 4921 4925 4915 -1 4943 4932 4939 -1 4943 4945 4933 -1 4945 4946 4947 -1 4946 4948 4947 -1 4947 4949 4945 -1 4950 4928 4927 -1 4950 4927 4951 -1 4951 4927 4930 -1 4952 4953 4954 -1 4952 4934 4955 -1 4934 4952 4954 -1 4938 4940 4939 -1 4954 4956 4938 -1 4955 4934 4936 -1 4934 4954 4937 -1 4954 4938 4937 -1 4957 4958 4959 -1 4959 4960 4957 -1 4961 4962 4936 -1 4936 4925 4961 -1 4945 4944 4963 -1 4946 4945 4963 -1 4964 4946 4965 -1 4921 4961 4925 -1 4964 4948 4946 -1 4966 4928 4967 -1 4921 4928 4966 -1 4948 4964 4968 -1 4950 4967 4928 -1 4943 4933 4932 -1 4949 4933 4945 -1 4952 4969 4953 -1 4954 4953 4956 -1 4931 4942 4939 -1 4935 4942 4924 -1 4931 4924 4942 -1 4970 4940 4956 -1 4971 4958 4972 -1 4956 4940 4938 -1 4971 4940 4970 -1 4940 4971 4941 -1 4958 4957 4972 -1 4941 4972 4944 -1 4971 4972 4941 -1 4972 4957 4944 -1 4944 4957 4963 -1 4963 4957 4960 -1 4960 4965 4963 -1 4963 4965 4946 -1 4932 4931 4939 -1 4973 4974 4975 -1 4976 4958 4977 -1 4973 4978 4974 -1 4979 4980 4974 -1 4981 4977 4971 -1 4975 4974 4969 -1 4982 4975 4983 -1 4975 4969 4952 -1 4975 4952 4983 -1 4955 4983 4952 -1 4955 4936 4962 -1 4976 4984 4958 -1 4985 4962 4961 -1 4977 4958 4971 -1 4985 4921 4966 -1 4961 4921 4985 -1 4958 4984 4959 -1 4964 4965 4986 -1 4986 4987 4964 -1 4968 4964 4987 -1 4979 4974 4978 -1 4979 4978 4981 -1 4984 4976 4988 -1 4984 4988 4989 -1 4990 4991 4992 -1 4993 4984 4989 -1 4959 4984 4993 -1 4994 4959 4993 -1 4992 4991 4995 -1 4960 4959 4994 -1 4995 4991 4973 -1 4973 4991 4978 -1 4995 4973 4996 -1 4996 4973 4975 -1 4996 4975 4982 -1 4982 4983 4997 -1 4983 4955 4997 -1 4997 4955 4998 -1 4998 4955 4999 -1 4955 4962 4999 -1 4985 4999 4962 -1 5000 4966 4967 -1 5001 4991 4990 -1 4990 5002 5001 -1 5003 5001 5002 -1 5002 5004 5003 -1 5003 5005 5006 -1 5003 5006 4976 -1 4976 5007 5003 -1 4988 4976 5006 -1 4976 4977 5007 -1 4953 4969 4980 -1 4980 4969 4974 -1 4953 4979 4956 -1 4980 4979 4953 -1 4950 5008 4967 -1 5008 4950 4951 -1 5009 4951 4930 -1 5009 4930 5010 -1 5001 5003 5007 -1 4991 5001 4978 -1 5001 5007 4978 -1 5007 4981 4978 -1 5007 4977 4981 -1 4956 4979 4981 -1 4956 4981 4970 -1 4970 4981 4971 -1 4965 4960 4994 -1 4986 4965 4994 -1 5005 5011 5006 -1 4989 4988 5012 -1 4989 5012 5013 -1 5014 4989 5013 -1 4992 4995 5015 -1 4996 5016 5015 -1 4996 5015 4995 -1 4996 4982 5017 -1 5017 4982 4997 -1 4997 4998 5018 -1 5019 5002 4990 -1 5004 5002 5019 -1 5003 5004 5005 -1 4988 5006 5011 -1 4993 4989 5014 -1 5015 5020 4992 -1 5021 4990 4992 -1 5019 4990 5021 -1 4988 5011 5012 -1 5022 5014 5013 -1 5016 4996 5017 -1 5017 4997 5023 -1 5023 4997 5018 -1 5024 5014 5022 -1 4993 5014 5024 -1 5025 4998 4999 -1 4999 4985 5025 -1 5025 4985 5026 -1 5026 4985 4966 -1 5026 4966 5000 -1 5000 4967 5027 -1 5008 4951 5009 -1 4993 5024 4994 -1 4994 5024 5028 -1 4986 4994 5028 -1 5028 5029 4986 -1 5029 4987 4986 -1 5021 4992 5020 -1 5020 5015 5030 -1 5015 5016 5030 -1 5013 5012 5031 -1 5012 5032 5031 -1 5020 5030 5033 -1 5012 5011 5032 -1 5013 5034 5022 -1 5034 5035 5022 -1 5030 5016 5036 -1 5017 5036 5016 -1 5017 5023 5036 -1 4998 5025 5037 -1 5037 5038 4998 -1 5039 5037 5025 -1 5025 5026 5039 -1 5008 5027 4967 -1 5040 5041 5009 -1 5009 5010 5040 -1 5040 5010 5042 -1 5035 5024 5022 -1 5043 5024 5035 -1 5028 5024 5043 -1 5043 5044 5028 -1 5044 5045 5028 -1 5029 5028 5045 -1 5021 5020 5046 -1 5047 5023 5018 -1 5046 5048 5021 -1 5049 5034 5013 -1 5030 5036 5033 -1 5047 5050 5023 -1 5051 5047 5018 -1 5023 5050 5036 -1 5018 4998 5038 -1 5038 5051 5018 -1 5052 5026 5000 -1 5027 5052 5000 -1 5041 5027 5008 -1 5008 5009 5041 -1 5035 5053 5043 -1 5053 5044 5043 -1 5048 5046 5054 -1 5020 5033 5055 -1 5056 5057 5040 -1 5040 5042 5056 -1 5031 5058 5013 -1 5046 5020 5055 -1 5033 5036 5059 -1 5060 5061 5062 -1 5060 5062 5063 -1 5064 5061 5065 -1 5064 5062 5061 -1 5066 5031 5032 -1 5038 5037 5067 -1 5037 5039 5067 -1 5052 5039 5026 -1 5052 5027 5068 -1 5041 5057 5068 -1 5041 5068 5027 -1 5040 5057 5041 -1 5034 5053 5035 -1 5045 5044 5069 -1 5066 5058 5031 -1 5046 5070 5054 -1 5071 5072 5073 -1 5049 5013 5058 -1 5050 5059 5036 -1 5074 5052 5068 -1 5039 5052 5075 -1 5065 5073 5072 -1 5068 5057 5076 -1 5077 5072 5078 -1 5072 5077 5065 -1 5079 5080 5081 -1 5057 5056 5082 -1 5082 5056 5083 -1 5084 5085 5060 -1 5060 5063 5084 -1 5079 5081 5086 -1 5070 5046 5087 -1 5055 5033 5059 -1 5059 5050 5088 -1 5074 5089 5075 -1 5075 5052 5074 -1 5090 5071 5091 -1 5091 5092 5093 -1 5091 5071 5092 -1 5093 5073 5094 -1 5073 5092 5071 -1 5093 5092 5073 -1 5094 5073 5095 -1 5065 5095 5073 -1 5096 5078 5090 -1 5078 5071 5090 -1 5097 5078 5098 -1 5074 5068 5099 -1 5076 5099 5068 -1 5076 5082 5100 -1 5076 5057 5082 -1 5078 5097 5101 -1 5071 5078 5072 -1 5080 5101 5097 -1 5082 5083 5100 -1 5102 5100 5083 -1 5102 5103 5104 -1 5103 5102 5083 -1 5081 5104 5103 -1 5103 5086 5081 -1 5095 5085 5105 -1 5085 5095 5065 -1 5084 5105 5085 -1 5106 5105 5084 -1 5044 5053 5107 -1 5107 5069 5044 -1 5069 5108 5045 -1 5051 5038 5109 -1 5038 5067 5109 -1 5110 5109 5067 -1 5075 5110 5039 -1 5039 5110 5067 -1 5078 5096 5098 -1 5101 5077 5078 -1 5077 5101 5111 -1 5101 5080 5079 -1 5079 5111 5101 -1 5081 5080 5104 -1 5065 5061 5085 -1 5085 5061 5060 -1 5064 5065 5077 -1 5053 5034 5112 -1 5107 5053 5112 -1 5113 5058 5066 -1 5050 5047 5088 -1 5047 5051 5114 -1 5089 5115 5075 -1 5075 5115 5110 -1 5089 5074 5116 -1 5116 5074 5099 -1 5117 5118 5119 -1 5119 5118 5090 -1 5096 5090 5118 -1 5119 5091 5120 -1 5119 5090 5091 -1 5091 5121 5120 -1 5093 5121 5091 -1 5122 5121 5093 -1 5122 5093 5094 -1 5123 5094 5095 -1 5124 5096 5118 -1 5125 5126 5127 -1 5099 5076 5128 -1 5100 5128 5076 -1 5128 5129 5125 -1 5128 5100 5129 -1 5102 5129 5100 -1 5095 5105 5123 -1 5055 5087 5046 -1 5049 5058 5130 -1 5088 5047 5131 -1 5131 5047 5114 -1 5132 5119 5133 -1 5132 5117 5119 -1 5134 5115 5135 -1 5124 5117 5136 -1 5136 5137 5124 -1 5124 5137 5138 -1 5124 5118 5117 -1 5138 5139 5140 -1 5140 5141 5127 -1 5141 5142 5127 -1 5135 5115 5143 -1 5115 5089 5143 -1 5116 5143 5089 -1 5144 5116 5099 -1 5128 5144 5099 -1 5142 5144 5128 -1 5120 5133 5119 -1 5145 5133 5120 -1 5120 5121 5145 -1 5122 5145 5121 -1 5122 5094 5146 -1 5094 5123 5146 -1 5127 5142 5125 -1 5142 5128 5125 -1 5069 5107 5147 -1 5147 5108 5069 -1 5148 5108 5147 -1 5051 5109 5114 -1 5114 5109 5134 -1 5115 5134 5109 -1 5110 5115 5109 -1 5138 5137 5139 -1 5140 5139 5141 -1 5124 5138 5149 -1 5149 5098 5124 -1 5138 5140 5149 -1 5149 5140 5126 -1 5127 5126 5140 -1 5126 5125 5150 -1 5124 5098 5096 -1 5098 5149 5097 -1 5149 5126 5097 -1 5126 5150 5097 -1 5097 5150 5080 -1 5129 5150 5125 -1 5150 5129 5102 -1 5080 5150 5104 -1 5150 5102 5104 -1 5105 5151 5123 -1 5151 5105 5106 -1 5034 5049 5152 -1 5034 5152 5112 -1 5132 5153 5117 -1 5055 5059 5154 -1 5059 5088 5154 -1 5049 5130 5155 -1 5156 5049 5155 -1 5131 5114 5157 -1 5152 5049 5156 -1 5152 5158 5112 -1 5112 5159 5107 -1 5158 5159 5112 -1 5107 5159 5147 -1 5160 5153 5161 -1 5161 5153 5132 -1 5162 5148 5147 -1 5163 5164 5133 -1 5133 5164 5132 -1 5136 5153 5160 -1 5160 5165 5136 -1 5166 5167 5114 -1 5114 5134 5166 -1 5166 5135 5168 -1 5135 5166 5134 -1 5168 5135 5169 -1 5117 5153 5136 -1 5170 5171 5141 -1 5142 5141 5171 -1 5169 5135 5143 -1 5170 5172 5171 -1 5116 5169 5143 -1 5144 5169 5116 -1 5172 5169 5171 -1 5171 5169 5144 -1 5142 5171 5144 -1 5163 5133 5173 -1 5145 5173 5133 -1 5145 5122 5174 -1 5174 5122 5175 -1 5122 5146 5175 -1 5154 5088 5176 -1 5177 5176 5131 -1 5131 5157 5177 -1 5157 5114 5178 -1 5167 5178 5114 -1 5179 5160 5161 -1 5132 5180 5161 -1 5161 5180 5181 -1 5164 5180 5132 -1 5182 5183 5184 -1 5185 5182 5160 -1 5182 5184 5186 -1 5152 5156 5158 -1 5187 5184 5188 -1 5187 5186 5184 -1 5159 5162 5147 -1 5160 5182 5165 -1 5182 5186 5165 -1 5189 5170 5187 -1 5170 5186 5187 -1 5167 5166 5178 -1 5178 5166 5190 -1 5191 5190 5168 -1 5168 5190 5166 -1 5191 5189 5192 -1 5191 5168 5189 -1 5172 5168 5169 -1 5189 5168 5172 -1 5172 5170 5189 -1 5173 5145 5174 -1 5193 5123 5151 -1 5106 5193 5151 -1 5176 5088 5131 -1 5179 5185 5160 -1 5188 5192 5187 -1 5165 5186 5194 -1 5194 5186 5195 -1 5189 5187 5192 -1 5136 5165 5137 -1 5165 5194 5137 -1 5137 5194 5139 -1 5170 5195 5186 -1 5194 5195 5139 -1 5141 5195 5170 -1 5139 5195 5141 -1 5193 5146 5123 -1 5087 5055 5154 -1 5163 5173 5196 -1 5196 5173 5197 -1 5173 5174 5197 -1 5198 5199 5200 -1 5200 5201 5198 -1 5179 5200 5185 -1 5201 5200 5179 -1 5201 5179 5202 -1 5156 5155 5203 -1 5204 5156 5203 -1 5177 5205 5176 -1 5176 5206 5154 -1 5158 5156 5204 -1 5207 5158 5204 -1 5200 5199 5208 -1 5209 5208 5199 -1 5159 5210 5162 -1 5210 5211 5162 -1 5212 5211 5210 -1 5213 5214 5188 -1 5215 5188 5214 -1 5216 5177 5217 -1 5177 5157 5217 -1 5217 5157 5178 -1 5218 5188 5215 -1 5217 5218 5215 -1 5217 5178 5218 -1 5202 5179 5219 -1 5179 5161 5219 -1 5181 5220 5219 -1 5181 5219 5161 -1 5180 5164 5221 -1 5164 5163 5221 -1 5221 5163 5196 -1 5192 5188 5218 -1 5218 5178 5190 -1 5192 5218 5191 -1 5191 5218 5190 -1 5070 5087 5222 -1 5154 5206 5223 -1 5223 5087 5154 -1 5175 5146 5224 -1 5199 5225 5226 -1 5225 5199 5198 -1 5198 5227 5225 -1 5201 5227 5198 -1 5202 5227 5201 -1 5204 5203 5228 -1 5229 5230 5231 -1 5204 5228 5232 -1 5204 5232 5207 -1 5233 5230 5234 -1 5226 5231 5235 -1 5231 5230 5235 -1 5235 5199 5226 -1 5235 5230 5233 -1 5206 5205 5236 -1 5205 5206 5176 -1 5236 5205 5216 -1 5216 5205 5177 -1 5209 5199 5235 -1 5209 5235 5213 -1 5233 5213 5235 -1 5237 5213 5233 -1 5214 5213 5237 -1 5216 5214 5238 -1 5214 5216 5217 -1 5214 5217 5215 -1 5220 5181 5239 -1 5181 5180 5239 -1 5221 5239 5180 -1 5106 5240 5193 -1 5237 5233 5234 -1 5208 5209 5183 -1 5183 5213 5184 -1 5209 5213 5183 -1 5185 5200 5208 -1 5185 5208 5182 -1 5183 5182 5208 -1 5213 5188 5184 -1 5238 5214 5237 -1 5197 5174 5241 -1 5241 5174 5175 -1 5146 5193 5224 -1 5242 5231 5243 -1 5244 5223 5236 -1 5231 5226 5243 -1 5236 5223 5206 -1 5231 5242 5229 -1 5229 5245 5234 -1 5087 5223 5222 -1 5245 5229 5246 -1 5247 5243 5226 -1 5236 5248 5244 -1 5246 5229 5242 -1 5247 5226 5225 -1 5225 5227 5249 -1 5202 5249 5227 -1 5249 5202 5250 -1 5228 5251 5252 -1 5234 5230 5229 -1 5232 5228 5252 -1 5248 5234 5245 -1 5234 5248 5238 -1 5248 5236 5238 -1 5238 5237 5234 -1 5238 5236 5216 -1 5202 5219 5250 -1 5219 5220 5250 -1 5239 5221 5253 -1 5253 5221 5196 -1 5244 5222 5223 -1 5254 5242 5255 -1 5245 5246 5256 -1 5246 5242 5254 -1 5243 5255 5242 -1 5257 5247 5225 -1 5257 5225 5258 -1 5249 5258 5225 -1 5258 5249 5259 -1 5249 5250 5259 -1 5260 5244 5248 -1 5245 5260 5248 -1 5253 5220 5239 -1 5196 5197 5261 -1 5241 5175 5224 -1 5256 5246 5262 -1 5243 5247 5263 -1 5254 5262 5246 -1 5220 5264 5250 -1 5263 5255 5243 -1 5265 5254 5255 -1 5263 5257 5266 -1 5263 5247 5257 -1 5224 5193 5267 -1 5193 5268 5267 -1 5193 5240 5268 -1 5269 5268 5240 -1 5240 5270 5269 -1 5264 5271 5250 -1 5253 5264 5220 -1 5197 5272 5261 -1 5197 5241 5272 -1 5273 5241 5274 -1 5274 5241 5224 -1 5275 5253 5196 -1 5261 5275 5196 -1 5276 5264 5253 -1 5275 5276 5253 -1 5261 5272 5277 -1 5255 5263 5278 -1 5277 5272 5279 -1 5280 5224 5267 -1 5281 5266 5257 -1 5257 5258 5281 -1 5250 5271 5259 -1 5261 5277 5275 -1 5272 5241 5273 -1 5280 5274 5224 -1 5265 5255 5278 -1 5282 5278 5263 -1 5282 5263 5266 -1 5281 5258 5283 -1 5258 5259 5283 -1 5283 5259 5271 -1 5265 5278 5284 -1 5267 5268 5285 -1 5268 5269 5285 -1 5276 5286 5264 -1 5273 5279 5272 -1 5282 5266 5287 -1 5287 5266 5281 -1 5288 5285 5289 -1 5290 5280 5267 -1 5275 5291 5276 -1 5277 5279 5292 -1 5273 5274 5293 -1 5274 5280 5293 -1 5290 5293 5280 -1 5294 5295 5296 -1 5290 5267 5297 -1 5297 5285 5288 -1 5267 5285 5297 -1 5283 5271 5298 -1 5271 5264 5298 -1 5299 5286 5276 -1 5291 5299 5276 -1 5275 5277 5291 -1 5292 5291 5277 -1 5300 5292 5279 -1 5279 5273 5300 -1 5301 5302 5303 -1 5303 5302 5304 -1 5289 5305 5288 -1 5300 5293 5306 -1 5273 5293 5300 -1 5290 5306 5293 -1 5302 5307 5304 -1 5308 5301 5296 -1 5308 5296 5295 -1 5301 5308 5302 -1 5309 5287 5281 -1 5310 5309 5283 -1 5283 5309 5281 -1 5298 5264 5286 -1 5278 5311 5284 -1 5312 5313 5291 -1 5291 5292 5312 -1 5292 5300 5312 -1 5312 5300 5314 -1 5315 5316 5317 -1 5307 5318 5304 -1 5318 5319 5304 -1 5295 5294 5320 -1 5315 5321 5296 -1 5296 5301 5315 -1 5322 5323 5324 -1 5325 5326 5324 -1 5297 5326 5325 -1 5297 5325 5290 -1 5300 5306 5314 -1 5306 5327 5314 -1 5324 5328 5322 -1 5306 5325 5327 -1 5306 5290 5325 -1 5288 5326 5297 -1 5324 5326 5328 -1 5305 5326 5288 -1 5329 5324 5323 -1 5325 5324 5329 -1 5330 5282 5287 -1 5319 5331 5332 -1 5298 5286 5333 -1 5299 5333 5286 -1 5334 5335 5336 -1 5337 5334 5338 -1 5317 5334 5336 -1 5338 5334 5339 -1 5339 5334 5316 -1 5317 5316 5334 -1 5313 5312 5340 -1 5340 5312 5341 -1 5312 5314 5341 -1 5342 5341 5314 -1 5338 5339 5343 -1 5321 5315 5317 -1 5321 5344 5345 -1 5345 5344 5346 -1 5347 5346 5344 -1 5342 5314 5327 -1 5346 5347 5329 -1 5347 5327 5329 -1 5325 5329 5327 -1 5294 5323 5322 -1 5294 5322 5320 -1 5348 5310 5283 -1 5319 5349 5331 -1 5343 5319 5332 -1 5349 5319 5318 -1 5283 5298 5348 -1 5291 5350 5299 -1 5350 5291 5313 -1 5303 5343 5339 -1 5303 5304 5343 -1 5303 5316 5301 -1 5339 5316 5303 -1 5315 5301 5316 -1 5343 5304 5319 -1 5345 5346 5323 -1 5345 5296 5321 -1 5296 5345 5294 -1 5345 5323 5294 -1 5346 5329 5323 -1 5278 5282 5351 -1 5337 5352 5335 -1 5353 5335 5352 -1 5350 5333 5299 -1 5350 5313 5354 -1 5354 5313 5340 -1 5355 5311 5356 -1 5311 5278 5356 -1 5337 5335 5334 -1 5337 5338 5357 -1 5336 5335 5353 -1 5336 5358 5317 -1 5358 5321 5317 -1 5359 5321 5358 -1 5340 5341 5360 -1 5360 5341 5361 -1 5359 5362 5344 -1 5362 5363 5364 -1 5361 5342 5364 -1 5342 5361 5341 -1 5364 5342 5347 -1 5321 5359 5344 -1 5365 5366 5367 -1 5368 5365 5367 -1 5362 5364 5347 -1 5347 5344 5362 -1 5347 5342 5327 -1 5365 5368 5331 -1 5367 5357 5338 -1 5332 5368 5367 -1 5332 5367 5338 -1 5332 5338 5343 -1 5368 5332 5331 -1 5298 5333 5369 -1 5333 5370 5369 -1 5371 5352 5372 -1 5355 5356 5373 -1 5374 5352 5371 -1 5330 5351 5282 -1 5330 5287 5375 -1 5357 5367 5376 -1 5352 5374 5353 -1 5357 5372 5337 -1 5372 5352 5337 -1 5377 5353 5374 -1 5378 5377 5379 -1 5380 5353 5377 -1 5353 5380 5336 -1 5378 5380 5377 -1 5370 5333 5381 -1 5333 5350 5381 -1 5354 5381 5350 -1 5354 5340 5382 -1 5382 5360 5383 -1 5382 5340 5360 -1 5358 5336 5380 -1 5380 5384 5385 -1 5385 5384 5386 -1 5386 5387 5385 -1 5388 5386 5384 -1 5384 5383 5388 -1 5388 5363 5386 -1 5383 5360 5388 -1 5389 5390 5391 -1 5391 5390 5392 -1 5391 5392 5393 -1 5392 5394 5393 -1 5394 5395 5396 -1 5376 5396 5395 -1 5396 5393 5394 -1 5396 5397 5393 -1 5376 5398 5396 -1 5376 5399 5357 -1 5400 5384 5401 -1 5380 5385 5358 -1 5359 5358 5385 -1 5359 5387 5363 -1 5385 5387 5359 -1 5387 5386 5363 -1 5361 5388 5360 -1 5363 5362 5359 -1 5364 5363 5388 -1 5388 5361 5364 -1 5287 5309 5375 -1 5402 5375 5309 -1 5403 5402 5310 -1 5310 5402 5309 -1 5348 5403 5310 -1 5395 5399 5376 -1 5397 5396 5366 -1 5396 5398 5366 -1 5398 5376 5367 -1 5367 5366 5398 -1 5403 5348 5369 -1 5298 5369 5348 -1 5378 5384 5380 -1 5401 5384 5378 -1 5369 5370 5404 -1 5356 5278 5351 -1 5405 5406 5407 -1 5408 5406 5371 -1 5409 5405 5407 -1 5410 5356 5411 -1 5373 5356 5410 -1 5405 5409 5412 -1 5369 5413 5403 -1 5414 5415 5416 -1 5402 5403 5417 -1 5417 5403 5413 -1 5418 5414 5416 -1 5419 5415 5389 -1 5372 5408 5371 -1 5418 5390 5414 -1 5420 5421 5422 -1 5423 5424 5400 -1 5425 5400 5424 -1 5424 5426 5425 -1 5422 5408 5372 -1 5426 5370 5381 -1 5372 5357 5399 -1 5426 5381 5382 -1 5384 5427 5383 -1 5354 5382 5381 -1 5427 5382 5383 -1 5404 5370 5428 -1 5426 5428 5370 -1 5418 5416 5429 -1 5351 5411 5356 -1 5406 5430 5407 -1 5431 5432 5407 -1 5409 5407 5432 -1 5429 5416 5433 -1 5430 5434 5407 -1 5435 5351 5330 -1 5330 5375 5435 -1 5435 5375 5436 -1 5421 5430 5408 -1 5437 5417 5438 -1 5413 5438 5417 -1 5406 5408 5430 -1 5439 5416 5415 -1 5409 5440 5441 -1 5412 5409 5441 -1 5441 5379 5412 -1 5438 5413 5442 -1 5413 5369 5442 -1 5369 5404 5442 -1 5443 5441 5440 -1 5424 5441 5443 -1 5443 5444 5428 -1 5426 5424 5443 -1 5404 5428 5445 -1 5426 5443 5428 -1 5418 5446 5392 -1 5447 5446 5418 -1 5430 5421 5448 -1 5392 5446 5394 -1 5449 5394 5446 -1 5446 5450 5449 -1 5421 5449 5450 -1 5450 5448 5421 -1 5420 5449 5421 -1 5421 5408 5422 -1 5416 5451 5433 -1 5400 5427 5384 -1 5402 5436 5375 -1 5417 5437 5402 -1 5402 5437 5436 -1 5389 5415 5414 -1 5389 5414 5390 -1 5390 5418 5392 -1 5394 5449 5395 -1 5395 5420 5399 -1 5449 5420 5395 -1 5420 5422 5399 -1 5422 5372 5399 -1 5371 5406 5405 -1 5371 5405 5374 -1 5412 5374 5405 -1 5377 5374 5412 -1 5379 5377 5412 -1 5379 5441 5423 -1 5379 5423 5378 -1 5424 5423 5441 -1 5401 5378 5423 -1 5423 5400 5401 -1 5400 5425 5427 -1 5382 5425 5426 -1 5427 5425 5382 -1 5447 5418 5429 -1 5452 5430 5448 -1 5453 5434 5452 -1 5434 5430 5452 -1 5431 5407 5434 -1 5437 5454 5436 -1 5432 5440 5409 -1 5454 5437 5455 -1 5438 5456 5455 -1 5437 5438 5455 -1 5456 5442 5457 -1 5442 5456 5438 -1 5445 5457 5442 -1 5404 5445 5442 -1 5428 5444 5445 -1 5458 5459 5460 -1 5459 5458 5429 -1 5429 5433 5459 -1 5461 5439 5415 -1 5416 5439 5451 -1 5429 5458 5462 -1 5447 5429 5462 -1 5411 5351 5463 -1 5351 5435 5463 -1 5464 5465 5431 -1 5454 5466 5463 -1 5454 5463 5435 -1 5435 5436 5454 -1 5467 5464 5453 -1 5431 5465 5432 -1 5440 5432 5468 -1 5469 5455 5470 -1 5466 5455 5469 -1 5455 5466 5454 -1 5470 5455 5471 -1 5472 5440 5468 -1 5472 5470 5471 -1 5440 5472 5473 -1 5472 5471 5474 -1 5475 5476 5460 -1 5456 5471 5455 -1 5471 5456 5457 -1 5475 5460 5477 -1 5457 5474 5471 -1 5478 5475 5439 -1 5477 5460 5459 -1 5439 5475 5477 -1 5479 5480 5458 -1 5458 5480 5462 -1 5462 5480 5452 -1 5480 5453 5452 -1 5472 5474 5473 -1 5447 5481 5446 -1 5446 5481 5450 -1 5474 5444 5473 -1 5443 5440 5473 -1 5444 5443 5473 -1 5448 5450 5452 -1 5452 5450 5481 -1 5474 5457 5445 -1 5474 5445 5444 -1 5460 5476 5482 -1 5458 5460 5482 -1 5475 5478 5483 -1 5451 5439 5477 -1 5477 5459 5451 -1 5451 5459 5433 -1 5461 5478 5439 -1 5480 5479 5484 -1 5467 5453 5484 -1 5484 5453 5480 -1 5462 5481 5447 -1 5481 5462 5452 -1 5485 5486 5465 -1 5464 5467 5485 -1 5464 5485 5465 -1 5432 5465 5487 -1 5468 5432 5487 -1 5464 5434 5453 -1 5464 5431 5434 -1 5488 5468 5487 -1 5468 5488 5472 -1 5470 5472 5488 -1 5411 5463 5489 -1 5463 5469 5490 -1 5469 5463 5466 -1 5491 5492 5493 -1 5479 5492 5491 -1 5487 5494 5495 -1 5494 5490 5495 -1 5469 5495 5490 -1 5496 5497 5498 -1 5499 5486 5500 -1 5498 5501 5483 -1 5498 5483 5502 -1 5485 5500 5486 -1 5498 5503 5501 -1 5499 5504 5486 -1 5486 5504 5505 -1 5501 5476 5483 -1 5486 5505 5494 -1 5501 5506 5476 -1 5507 5494 5505 -1 5506 5508 5476 -1 5486 5494 5465 -1 5465 5494 5487 -1 5508 5493 5482 -1 5482 5476 5508 -1 5482 5493 5492 -1 5490 5489 5463 -1 5507 5509 5494 -1 5490 5494 5509 -1 5489 5490 5509 -1 5497 5503 5498 -1 5510 5498 5502 -1 5476 5475 5483 -1 5482 5492 5458 -1 5479 5458 5492 -1 5479 5491 5511 -1 5511 5499 5500 -1 5479 5511 5500 -1 5479 5500 5484 -1 5467 5484 5500 -1 5500 5485 5467 -1 5488 5487 5495 -1 5470 5488 5495 -1 5495 5469 5470 -1 5498 5510 5496 -1" solid="false" coordIndex="0 1 2 -1 3 4 5 -1 6 7 8 -1 0 2 9 -1 10 9 11 -1 12 13 14 -1 11 15 10 -1 6 8 16 -1 17 18 19 -1 6 13 12 -1 20 10 15 -1 4 3 21 -1 9 10 22 -1 11 9 2 -1 23 16 8 -1 24 0 9 -1 10 20 22 -1 25 1 26 -1 13 6 16 -1 27 28 29 -1 19 30 31 -1 18 32 33 -1 34 35 36 -1 37 38 32 -1 39 40 41 -1 40 42 4 -1 41 40 4 -1 7 6 43 -1 4 42 44 -1 45 46 47 -1 48 34 49 -1 50 36 35 -1 51 36 50 -1 21 41 4 -1 37 7 52 -1 49 53 48 -1 51 50 45 -1 7 37 54 -1 54 8 7 -1 47 46 12 -1 11 2 49 -1 2 53 49 -1 11 36 55 -1 44 42 56 -1 12 14 47 -1 8 54 31 -1 51 55 36 -1 44 56 48 -1 8 31 23 -1 37 32 54 -1 34 36 11 -1 15 11 55 -1 46 43 6 -1 49 34 11 -1 6 12 46 -1 55 51 28 -1 55 28 15 -1 31 54 17 -1 54 32 17 -1 29 28 51 -1 32 18 17 -1 3 57 58 -1 58 59 3 -1 47 51 45 -1 19 31 17 -1 58 57 25 -1 47 29 51 -1 32 38 33 -1 20 15 27 -1 57 60 25 -1 60 1 25 -1 28 27 15 -1 4 44 5 -1 30 23 31 -1 57 3 5 -1 1 53 2 -1 47 14 29 -1 5 61 57 -1 61 48 60 -1 45 62 46 -1 61 60 57 -1 43 46 62 -1 7 43 52 -1 60 48 53 -1 1 60 53 -1 50 35 63 -1 62 45 50 -1 61 44 48 -1 44 61 5 -1 38 37 52 -1 35 34 64 -1 65 27 29 -1 18 33 66 -1 67 19 18 -1 13 68 14 -1 14 65 29 -1 67 30 19 -1 26 1 0 -1 69 18 66 -1 58 25 26 -1 0 24 70 -1 22 24 9 -1 59 58 71 -1 63 72 73 -1 74 75 76 -1 74 77 75 -1 63 73 78 -1 74 38 77 -1 79 43 62 -1 63 80 81 -1 82 39 83 -1 38 74 84 -1 85 83 39 -1 33 38 84 -1 39 82 40 -1 66 33 84 -1 39 41 85 -1 52 86 87 -1 87 75 52 -1 88 89 82 -1 41 21 85 -1 3 59 21 -1 21 59 90 -1 71 90 59 -1 89 40 82 -1 40 89 42 -1 91 85 21 -1 92 68 13 -1 13 16 92 -1 23 30 93 -1 14 68 94 -1 69 67 18 -1 65 14 94 -1 95 20 96 -1 67 97 30 -1 98 58 26 -1 26 0 99 -1 100 101 73 -1 84 74 102 -1 58 98 71 -1 84 102 103 -1 104 105 106 -1 66 84 103 -1 106 105 107 -1 74 76 108 -1 102 74 108 -1 56 109 106 -1 70 99 0 -1 27 96 20 -1 106 107 56 -1 105 110 107 -1 64 56 107 -1 107 110 100 -1 80 63 78 -1 100 73 107 -1 72 64 107 -1 107 73 72 -1 88 111 89 -1 83 85 112 -1 86 81 80 -1 109 89 111 -1 113 114 88 -1 88 82 113 -1 83 113 82 -1 115 75 116 -1 87 116 75 -1 75 115 76 -1 86 117 87 -1 106 109 111 -1 79 86 52 -1 77 52 75 -1 101 78 73 -1 104 106 111 -1 38 52 77 -1 63 35 72 -1 89 109 42 -1 42 109 56 -1 63 62 50 -1 78 118 80 -1 79 52 43 -1 86 80 118 -1 117 86 118 -1 63 81 62 -1 64 48 56 -1 34 48 64 -1 79 62 81 -1 35 64 72 -1 86 79 81 -1 70 24 119 -1 93 16 23 -1 27 65 120 -1 120 65 94 -1 92 16 121 -1 94 68 122 -1 22 20 123 -1 88 124 111 -1 125 126 127 -1 128 115 116 -1 129 130 131 -1 130 129 118 -1 114 113 132 -1 108 115 128 -1 132 133 114 -1 76 115 108 -1 134 118 129 -1 101 127 126 -1 113 83 132 -1 132 83 112 -1 101 126 130 -1 126 131 130 -1 135 134 129 -1 111 136 104 -1 137 134 138 -1 136 139 104 -1 140 69 66 -1 124 88 114 -1 125 105 139 -1 139 105 104 -1 116 87 137 -1 91 112 85 -1 91 21 141 -1 21 90 141 -1 142 90 71 -1 24 22 123 -1 98 26 143 -1 99 143 26 -1 120 94 144 -1 96 27 120 -1 144 94 122 -1 93 145 16 -1 93 30 97 -1 68 92 122 -1 119 24 123 -1 92 121 122 -1 143 99 146 -1 147 114 133 -1 146 70 148 -1 99 70 146 -1 108 128 149 -1 136 150 151 -1 149 152 108 -1 102 108 152 -1 103 102 152 -1 139 136 151 -1 20 95 153 -1 129 154 135 -1 150 136 155 -1 103 140 66 -1 155 124 156 -1 157 158 139 -1 114 156 124 -1 111 155 136 -1 124 155 111 -1 158 125 139 -1 138 134 135 -1 126 125 159 -1 159 160 126 -1 141 90 161 -1 117 134 87 -1 125 158 159 -1 137 87 134 -1 110 105 125 -1 110 125 127 -1 110 127 100 -1 127 101 100 -1 101 130 78 -1 78 130 118 -1 118 134 117 -1 121 16 145 -1 142 71 98 -1 20 153 123 -1 97 67 69 -1 97 162 93 -1 90 142 161 -1 162 145 93 -1 163 164 154 -1 165 166 167 -1 168 169 170 -1 169 171 170 -1 168 170 172 -1 173 174 175 -1 176 177 178 -1 179 175 174 -1 166 178 177 -1 180 178 166 -1 170 181 172 -1 181 150 155 -1 151 150 181 -1 182 156 183 -1 156 182 155 -1 183 156 147 -1 156 114 147 -1 157 139 151 -1 91 184 112 -1 166 177 167 -1 185 186 160 -1 148 70 119 -1 160 186 187 -1 186 188 189 -1 190 187 186 -1 186 189 190 -1 131 187 190 -1 160 187 126 -1 131 126 187 -1 189 188 191 -1 189 191 192 -1 192 190 189 -1 131 190 192 -1 129 131 192 -1 191 163 192 -1 154 192 163 -1 192 154 129 -1 69 193 97 -1 120 144 194 -1 98 143 195 -1 196 195 143 -1 97 193 197 -1 198 169 199 -1 169 200 171 -1 168 199 169 -1 182 201 172 -1 172 181 182 -1 155 182 181 -1 182 183 202 -1 183 147 203 -1 204 168 172 -1 204 172 201 -1 205 148 206 -1 148 205 146 -1 148 119 206 -1 95 96 207 -1 96 208 207 -1 200 209 171 -1 209 210 211 -1 69 140 193 -1 209 211 176 -1 188 212 191 -1 163 191 212 -1 176 213 177 -1 177 213 167 -1 200 214 209 -1 214 215 209 -1 209 215 210 -1 180 174 173 -1 210 216 211 -1 211 217 176 -1 171 218 170 -1 219 171 209 -1 171 219 220 -1 220 218 171 -1 176 219 209 -1 221 220 219 -1 217 213 176 -1 176 178 219 -1 219 178 221 -1 222 221 178 -1 223 173 185 -1 178 180 222 -1 173 222 180 -1 175 185 173 -1 223 185 159 -1 160 159 185 -1 179 186 175 -1 186 185 175 -1 186 179 188 -1 133 132 224 -1 132 112 224 -1 181 170 218 -1 181 218 225 -1 218 220 225 -1 103 152 226 -1 151 181 225 -1 157 151 225 -1 227 225 220 -1 220 221 227 -1 228 227 221 -1 225 227 157 -1 227 228 158 -1 158 157 227 -1 200 198 229 -1 198 200 169 -1 228 221 222 -1 215 230 210 -1 228 223 159 -1 159 158 228 -1 229 214 200 -1 228 222 223 -1 222 173 223 -1 217 211 216 -1 224 112 184 -1 122 121 231 -1 142 98 195 -1 153 232 123 -1 233 229 234 -1 235 122 231 -1 206 119 232 -1 232 119 123 -1 236 233 237 -1 96 120 208 -1 234 229 198 -1 194 208 120 -1 234 198 199 -1 235 194 144 -1 144 122 235 -1 238 199 239 -1 97 197 162 -1 168 239 199 -1 204 239 168 -1 233 236 240 -1 240 229 233 -1 240 241 230 -1 229 240 214 -1 214 240 215 -1 240 230 215 -1 201 182 202 -1 91 141 184 -1 146 196 143 -1 242 233 234 -1 205 206 243 -1 153 244 232 -1 245 237 233 -1 153 95 246 -1 207 246 95 -1 233 242 245 -1 238 234 199 -1 247 194 235 -1 239 204 248 -1 249 248 204 -1 204 201 249 -1 250 237 245 -1 236 241 240 -1 201 202 249 -1 141 251 184 -1 196 146 252 -1 253 254 255 -1 146 205 252 -1 140 103 226 -1 203 202 183 -1 203 147 256 -1 256 147 133 -1 224 257 133 -1 254 258 259 -1 253 260 261 -1 261 260 262 -1 262 263 261 -1 261 263 264 -1 263 265 264 -1 266 264 265 -1 267 152 149 -1 268 141 161 -1 161 142 269 -1 207 208 270 -1 235 231 271 -1 145 231 121 -1 269 142 195 -1 272 273 274 -1 272 274 275 -1 206 232 243 -1 275 274 259 -1 244 276 232 -1 275 259 258 -1 277 245 278 -1 277 250 245 -1 274 279 280 -1 259 274 255 -1 274 280 255 -1 280 281 260 -1 281 282 260 -1 260 255 280 -1 255 260 253 -1 260 282 262 -1 283 284 282 -1 282 284 262 -1 284 263 262 -1 265 284 285 -1 263 284 265 -1 286 265 285 -1 285 287 286 -1 242 278 245 -1 242 234 288 -1 234 238 288 -1 238 239 288 -1 288 239 248 -1 248 249 289 -1 286 287 290 -1 290 291 292 -1 287 291 290 -1 141 268 251 -1 286 290 266 -1 293 292 291 -1 293 294 292 -1 295 294 293 -1 293 296 295 -1 297 295 296 -1 161 269 298 -1 299 269 195 -1 268 161 298 -1 246 207 270 -1 299 298 269 -1 300 301 302 -1 303 304 305 -1 306 304 303 -1 306 301 287 -1 287 301 300 -1 277 278 307 -1 308 302 309 -1 308 310 311 -1 312 311 310 -1 312 313 314 -1 314 315 316 -1 315 317 318 -1 318 317 319 -1 317 320 319 -1 320 321 319 -1 321 322 319 -1 153 246 244 -1 194 247 323 -1 324 325 326 -1 247 235 271 -1 326 325 327 -1 278 242 288 -1 328 145 162 -1 328 162 329 -1 162 197 329 -1 288 248 330 -1 289 330 248 -1 331 319 322 -1 325 319 332 -1 333 249 202 -1 334 335 336 -1 195 196 252 -1 252 205 337 -1 337 205 243 -1 336 335 338 -1 336 338 272 -1 339 338 335 -1 279 339 340 -1 341 340 339 -1 341 342 343 -1 342 344 283 -1 283 344 345 -1 340 280 279 -1 280 340 281 -1 282 281 346 -1 284 304 285 -1 305 304 284 -1 285 306 287 -1 304 306 285 -1 226 152 267 -1 203 333 202 -1 203 256 333 -1 347 300 302 -1 300 347 291 -1 133 257 256 -1 347 302 348 -1 302 308 348 -1 349 347 348 -1 348 308 311 -1 349 311 350 -1 348 311 349 -1 350 311 312 -1 351 224 352 -1 224 184 352 -1 265 286 266 -1 251 352 184 -1 291 287 300 -1 293 291 347 -1 347 349 293 -1 350 293 349 -1 296 293 350 -1 350 312 353 -1 353 312 314 -1 353 314 316 -1 316 315 324 -1 315 318 324 -1 296 353 354 -1 350 353 296 -1 316 354 353 -1 324 354 316 -1 354 297 296 -1 297 354 326 -1 324 318 325 -1 325 318 319 -1 354 324 326 -1 272 338 273 -1 339 279 338 -1 279 273 338 -1 281 340 343 -1 343 340 341 -1 343 346 281 -1 346 342 283 -1 343 342 346 -1 346 283 282 -1 345 305 283 -1 283 305 284 -1 279 274 273 -1 254 259 255 -1 299 195 355 -1 194 270 208 -1 271 231 356 -1 231 145 356 -1 313 357 315 -1 315 357 317 -1 357 358 317 -1 313 312 359 -1 315 314 313 -1 317 358 320 -1 360 361 358 -1 362 363 361 -1 321 320 358 -1 358 361 321 -1 321 361 322 -1 334 364 365 -1 366 334 365 -1 331 322 361 -1 367 368 366 -1 367 366 365 -1 288 369 278 -1 366 335 334 -1 352 251 370 -1 370 371 352 -1 370 251 372 -1 373 366 368 -1 355 195 252 -1 366 373 339 -1 366 339 335 -1 243 232 276 -1 373 374 339 -1 339 374 341 -1 375 374 376 -1 374 375 341 -1 344 342 341 -1 341 375 344 -1 344 377 378 -1 344 378 345 -1 378 377 379 -1 345 378 303 -1 345 303 305 -1 303 378 380 -1 303 380 306 -1 306 380 301 -1 379 381 380 -1 382 380 381 -1 381 383 382 -1 380 382 301 -1 301 382 302 -1 382 384 309 -1 382 309 302 -1 385 359 310 -1 310 308 309 -1 359 312 310 -1 313 359 386 -1 244 246 387 -1 388 246 270 -1 323 389 194 -1 270 194 389 -1 251 268 372 -1 372 268 390 -1 391 392 393 -1 392 391 367 -1 362 360 394 -1 391 393 395 -1 396 391 395 -1 397 391 396 -1 391 368 367 -1 368 391 398 -1 391 397 398 -1 399 400 401 -1 402 403 404 -1 405 403 402 -1 388 387 246 -1 406 407 408 -1 247 271 409 -1 356 409 271 -1 408 407 394 -1 356 145 328 -1 408 394 360 -1 288 330 410 -1 380 378 379 -1 289 249 411 -1 333 411 249 -1 412 337 243 -1 276 244 413 -1 392 414 415 -1 416 392 415 -1 333 256 417 -1 256 257 417 -1 417 257 351 -1 418 401 400 -1 257 224 351 -1 400 399 379 -1 379 377 400 -1 351 352 419 -1 419 352 371 -1 399 403 379 -1 403 405 383 -1 379 403 381 -1 383 381 403 -1 420 383 405 -1 421 422 423 -1 405 423 422 -1 422 420 405 -1 424 385 422 -1 421 425 422 -1 422 425 424 -1 386 424 425 -1 386 425 406 -1 408 386 406 -1 394 426 362 -1 427 307 369 -1 278 369 307 -1 382 383 384 -1 383 420 384 -1 310 309 384 -1 385 420 422 -1 310 384 420 -1 385 310 420 -1 385 424 359 -1 411 330 289 -1 386 359 424 -1 414 392 428 -1 357 313 386 -1 386 408 357 -1 408 358 357 -1 367 428 392 -1 428 367 365 -1 408 360 358 -1 398 397 429 -1 373 368 398 -1 398 429 374 -1 374 373 398 -1 429 397 430 -1 429 430 376 -1 431 376 430 -1 360 362 361 -1 376 374 429 -1 431 430 418 -1 400 431 418 -1 375 376 431 -1 431 400 377 -1 377 375 431 -1 377 344 375 -1 268 298 390 -1 389 388 270 -1 298 299 432 -1 433 434 435 -1 369 288 410 -1 410 330 436 -1 437 438 418 -1 411 436 330 -1 418 438 401 -1 439 438 435 -1 438 439 401 -1 401 439 404 -1 440 441 442 -1 403 399 401 -1 404 403 401 -1 252 337 355 -1 443 441 444 -1 412 243 276 -1 244 387 413 -1 443 444 426 -1 445 446 447 -1 423 405 402 -1 423 445 421 -1 425 421 445 -1 448 445 447 -1 445 448 425 -1 448 406 425 -1 406 448 407 -1 448 449 407 -1 394 407 450 -1 407 449 450 -1 451 450 449 -1 416 415 452 -1 450 451 394 -1 451 443 394 -1 394 443 426 -1 393 416 453 -1 393 453 395 -1 392 416 393 -1 396 395 453 -1 397 396 454 -1 454 455 456 -1 457 456 455 -1 397 454 430 -1 454 456 430 -1 387 388 458 -1 459 458 388 -1 457 430 456 -1 430 457 418 -1 432 390 298 -1 355 432 299 -1 460 461 323 -1 323 247 460 -1 247 409 460 -1 409 356 462 -1 463 462 356 -1 356 328 463 -1 464 465 434 -1 434 465 435 -1 466 467 468 -1 467 469 470 -1 435 465 471 -1 472 467 442 -1 468 467 472 -1 471 465 473 -1 442 467 470 -1 474 475 476 -1 411 333 477 -1 478 470 479 -1 412 276 480 -1 276 413 480 -1 465 474 473 -1 413 387 458 -1 474 481 473 -1 474 476 481 -1 482 481 476 -1 482 483 484 -1 485 482 484 -1 486 487 488 -1 487 486 489 -1 489 490 487 -1 489 486 491 -1 492 493 486 -1 494 493 492 -1 492 495 494 -1 494 495 468 -1 494 468 496 -1 494 496 497 -1 496 468 472 -1 496 472 498 -1 499 500 501 -1 502 500 499 -1 502 499 452 -1 459 388 389 -1 389 323 461 -1 503 504 499 -1 499 504 505 -1 506 505 504 -1 507 508 504 -1 504 508 506 -1 508 507 509 -1 509 506 508 -1 499 505 416 -1 505 506 510 -1 511 506 509 -1 512 513 514 -1 433 513 515 -1 511 514 455 -1 513 433 514 -1 437 455 514 -1 514 433 437 -1 516 464 515 -1 515 464 434 -1 464 516 517 -1 518 464 517 -1 464 518 465 -1 475 518 517 -1 465 518 474 -1 518 475 474 -1 433 515 434 -1 498 472 441 -1 442 441 472 -1 427 369 519 -1 441 443 498 -1 473 481 520 -1 482 485 481 -1 442 470 440 -1 410 519 369 -1 478 440 470 -1 485 520 481 -1 485 484 446 -1 438 437 433 -1 438 433 435 -1 471 439 435 -1 471 404 439 -1 473 404 471 -1 520 402 473 -1 521 333 417 -1 473 402 404 -1 402 520 423 -1 522 521 417 -1 520 485 523 -1 446 523 485 -1 523 446 445 -1 417 351 522 -1 423 520 523 -1 522 351 524 -1 523 445 423 -1 419 524 351 -1 483 487 490 -1 483 490 484 -1 484 490 446 -1 446 489 447 -1 490 489 446 -1 491 447 489 -1 486 493 491 -1 491 493 525 -1 525 493 526 -1 526 493 494 -1 526 494 497 -1 491 525 448 -1 448 447 491 -1 525 526 448 -1 526 449 448 -1 497 449 526 -1 451 449 497 -1 497 496 498 -1 497 498 451 -1 451 498 443 -1 452 499 416 -1 453 416 505 -1 505 510 453 -1 453 510 396 -1 396 510 454 -1 514 511 512 -1 511 510 506 -1 455 510 511 -1 455 454 510 -1 455 437 457 -1 437 418 457 -1 372 390 527 -1 528 529 466 -1 530 389 461 -1 461 460 531 -1 466 529 469 -1 532 501 500 -1 460 409 462 -1 462 531 460 -1 501 533 534 -1 529 535 536 -1 536 469 529 -1 503 501 534 -1 503 534 507 -1 534 537 507 -1 538 463 328 -1 328 329 538 -1 468 495 466 -1 539 507 537 -1 466 469 467 -1 501 503 499 -1 371 370 540 -1 503 507 504 -1 469 541 470 -1 542 543 544 -1 507 539 509 -1 541 479 470 -1 545 546 541 -1 546 547 541 -1 432 355 548 -1 512 511 509 -1 512 549 513 -1 355 337 550 -1 550 548 355 -1 337 412 550 -1 551 552 553 -1 554 550 412 -1 515 513 549 -1 412 480 554 -1 516 515 549 -1 475 555 476 -1 555 483 482 -1 476 555 482 -1 483 555 553 -1 483 553 487 -1 553 488 487 -1 488 556 486 -1 557 492 486 -1 528 466 495 -1 436 411 558 -1 530 459 389 -1 458 459 559 -1 560 561 562 -1 563 564 565 -1 566 528 564 -1 564 563 566 -1 567 568 569 -1 570 563 571 -1 572 569 568 -1 567 573 568 -1 570 571 574 -1 530 461 575 -1 573 576 577 -1 575 578 530 -1 461 531 575 -1 575 531 579 -1 577 568 573 -1 531 462 579 -1 579 462 580 -1 462 463 580 -1 568 577 572 -1 572 577 581 -1 569 572 582 -1 547 546 574 -1 458 583 413 -1 559 583 458 -1 459 530 559 -1 559 530 578 -1 584 585 572 -1 586 547 574 -1 547 586 587 -1 588 589 590 -1 591 589 588 -1 592 580 463 -1 463 538 592 -1 593 592 538 -1 538 329 593 -1 594 595 561 -1 596 595 594 -1 594 561 560 -1 540 597 371 -1 589 591 542 -1 591 543 542 -1 543 591 598 -1 599 600 601 -1 599 601 551 -1 551 602 599 -1 390 432 527 -1 527 432 603 -1 432 548 603 -1 603 548 604 -1 548 550 604 -1 605 604 550 -1 601 552 551 -1 552 606 553 -1 550 554 605 -1 554 480 607 -1 413 583 607 -1 480 413 607 -1 608 609 610 -1 608 565 564 -1 564 609 608 -1 564 611 609 -1 612 519 410 -1 410 436 612 -1 516 589 542 -1 544 543 602 -1 517 516 542 -1 542 544 613 -1 542 613 517 -1 613 475 517 -1 614 475 613 -1 614 555 475 -1 599 602 543 -1 556 610 557 -1 544 602 614 -1 614 613 544 -1 563 570 566 -1 602 551 614 -1 556 557 486 -1 551 553 614 -1 546 570 574 -1 553 555 614 -1 610 609 615 -1 615 557 610 -1 611 615 609 -1 492 557 615 -1 616 553 606 -1 553 616 488 -1 495 615 611 -1 610 616 606 -1 492 615 495 -1 556 488 616 -1 616 610 556 -1 608 610 606 -1 528 566 529 -1 528 495 611 -1 529 566 535 -1 535 570 545 -1 566 570 535 -1 535 545 536 -1 546 545 570 -1 611 564 528 -1 469 536 541 -1 536 545 541 -1 617 533 501 -1 617 501 532 -1 618 534 533 -1 539 512 509 -1 618 619 534 -1 534 619 537 -1 590 619 620 -1 619 590 537 -1 537 590 539 -1 589 539 590 -1 539 589 512 -1 512 589 549 -1 558 411 477 -1 521 522 621 -1 622 621 522 -1 524 622 522 -1 524 419 597 -1 371 597 419 -1 549 589 516 -1 623 596 594 -1 624 596 625 -1 598 591 588 -1 561 626 562 -1 627 540 370 -1 370 372 627 -1 560 628 594 -1 628 560 629 -1 630 628 631 -1 631 628 629 -1 623 628 630 -1 625 632 624 -1 561 633 626 -1 567 634 635 -1 562 626 636 -1 527 637 372 -1 638 637 527 -1 595 624 633 -1 562 629 560 -1 567 635 573 -1 639 640 552 -1 633 561 595 -1 641 586 574 -1 623 594 628 -1 642 643 597 -1 597 540 642 -1 592 644 580 -1 580 644 645 -1 598 646 543 -1 644 592 647 -1 592 593 647 -1 600 599 646 -1 638 527 603 -1 600 639 601 -1 639 552 601 -1 552 640 606 -1 608 640 648 -1 608 606 640 -1 605 554 649 -1 554 607 649 -1 649 607 650 -1 607 583 650 -1 650 583 651 -1 565 608 648 -1 648 652 565 -1 569 653 567 -1 577 576 581 -1 583 559 654 -1 654 651 583 -1 582 572 585 -1 581 584 572 -1 652 655 565 -1 656 559 578 -1 559 656 654 -1 657 658 620 -1 620 658 590 -1 655 641 571 -1 658 588 590 -1 571 565 655 -1 597 659 524 -1 565 571 563 -1 660 625 596 -1 660 596 623 -1 596 624 595 -1 578 575 661 -1 656 578 661 -1 662 661 575 -1 575 579 662 -1 574 571 641 -1 645 662 579 -1 579 580 645 -1 562 636 663 -1 637 627 372 -1 540 627 642 -1 664 573 635 -1 576 573 664 -1 624 632 665 -1 663 629 562 -1 666 656 661 -1 667 666 661 -1 624 665 633 -1 668 661 662 -1 667 661 668 -1 669 642 627 -1 668 662 670 -1 641 667 668 -1 671 634 672 -1 634 653 673 -1 633 674 626 -1 567 653 634 -1 635 634 671 -1 645 644 675 -1 644 647 675 -1 670 675 676 -1 677 678 669 -1 677 669 627 -1 598 629 663 -1 588 629 598 -1 646 598 663 -1 637 679 677 -1 600 646 679 -1 680 681 682 -1 683 680 682 -1 637 677 627 -1 638 684 637 -1 637 684 679 -1 679 684 639 -1 679 639 600 -1 682 681 685 -1 686 638 603 -1 684 686 687 -1 638 686 684 -1 684 687 639 -1 640 639 687 -1 603 604 686 -1 688 686 604 -1 686 688 687 -1 604 605 688 -1 687 688 689 -1 649 688 605 -1 688 649 689 -1 664 690 576 -1 649 650 691 -1 691 689 649 -1 689 640 687 -1 640 689 648 -1 652 689 691 -1 689 652 648 -1 692 690 693 -1 650 651 691 -1 694 691 651 -1 612 436 695 -1 696 660 623 -1 690 581 576 -1 691 694 652 -1 690 692 630 -1 694 651 654 -1 666 694 654 -1 694 666 655 -1 655 652 694 -1 630 696 623 -1 630 657 690 -1 657 630 631 -1 654 656 666 -1 667 655 666 -1 657 631 658 -1 588 658 631 -1 641 655 667 -1 631 629 588 -1 632 625 697 -1 697 698 632 -1 699 597 700 -1 659 597 699 -1 670 641 668 -1 641 670 676 -1 633 665 674 -1 641 676 586 -1 662 645 670 -1 670 645 675 -1 519 612 701 -1 436 558 702 -1 703 704 682 -1 685 703 682 -1 705 704 703 -1 704 705 706 -1 705 618 706 -1 681 653 685 -1 685 653 569 -1 685 569 703 -1 582 705 703 -1 569 582 703 -1 585 705 582 -1 618 705 707 -1 705 585 707 -1 584 581 657 -1 585 584 707 -1 619 618 707 -1 584 657 620 -1 620 707 584 -1 707 620 619 -1 581 690 657 -1 708 477 333 -1 521 708 333 -1 621 709 521 -1 521 709 708 -1 621 622 709 -1 709 622 659 -1 524 659 622 -1 643 700 597 -1 677 636 678 -1 677 663 636 -1 663 677 679 -1 679 646 663 -1 543 646 599 -1 665 710 674 -1 625 711 697 -1 712 711 660 -1 660 711 625 -1 698 713 710 -1 710 632 698 -1 714 672 673 -1 673 672 634 -1 665 632 710 -1 715 716 672 -1 717 671 716 -1 671 717 718 -1 709 659 719 -1 681 720 673 -1 659 699 719 -1 699 700 721 -1 681 673 653 -1 664 635 718 -1 710 722 723 -1 723 674 710 -1 693 664 718 -1 674 723 626 -1 660 696 712 -1 636 626 723 -1 664 693 690 -1 724 643 642 -1 696 630 692 -1 669 724 642 -1 558 477 725 -1 708 709 726 -1 711 727 697 -1 713 698 728 -1 729 701 612 -1 713 728 730 -1 722 710 713 -1 731 719 732 -1 733 734 735 -1 720 714 673 -1 734 736 737 -1 736 721 737 -1 719 699 732 -1 672 714 715 -1 732 736 738 -1 736 732 721 -1 721 732 699 -1 722 733 723 -1 735 734 737 -1 718 717 739 -1 717 740 739 -1 741 711 742 -1 743 744 745 -1 712 745 744 -1 711 712 742 -1 718 739 693 -1 745 693 739 -1 741 746 727 -1 746 747 748 -1 746 748 727 -1 730 748 747 -1 748 730 728 -1 477 708 749 -1 749 708 726 -1 741 727 711 -1 612 695 729 -1 702 695 436 -1 695 702 750 -1 725 750 702 -1 558 725 702 -1 681 680 720 -1 672 716 671 -1 671 718 635 -1 739 743 745 -1 693 745 692 -1 712 696 745 -1 745 696 692 -1 731 726 709 -1 748 728 727 -1 728 698 727 -1 727 698 697 -1 719 731 709 -1 678 723 733 -1 636 723 678 -1 678 733 735 -1 737 721 724 -1 735 737 669 -1 669 678 735 -1 737 724 669 -1 724 721 700 -1 700 643 724 -1 747 746 751 -1 751 746 752 -1 701 729 753 -1 754 751 755 -1 756 750 725 -1 757 758 740 -1 758 757 759 -1 740 717 757 -1 760 740 758 -1 740 760 744 -1 761 758 759 -1 744 741 742 -1 760 741 744 -1 740 744 743 -1 747 751 754 -1 747 762 730 -1 741 752 746 -1 756 725 749 -1 725 477 749 -1 749 726 763 -1 726 731 763 -1 764 763 731 -1 747 765 762 -1 761 766 760 -1 766 752 760 -1 760 752 741 -1 760 758 761 -1 754 765 747 -1 753 729 767 -1 762 765 768 -1 769 762 768 -1 769 770 762 -1 770 769 771 -1 770 771 772 -1 752 755 751 -1 773 769 774 -1 769 773 771 -1 775 750 776 -1 776 750 756 -1 777 773 778 -1 779 771 773 -1 777 779 773 -1 756 749 778 -1 778 749 780 -1 772 771 781 -1 779 777 782 -1 779 781 771 -1 781 779 783 -1 779 782 783 -1 783 782 764 -1 782 780 763 -1 777 780 782 -1 763 780 749 -1 764 782 763 -1 784 767 695 -1 695 767 729 -1 785 784 695 -1 775 785 695 -1 750 775 695 -1 739 740 743 -1 744 742 712 -1 730 762 770 -1 722 730 770 -1 713 730 722 -1 772 722 770 -1 722 772 733 -1 781 783 738 -1 738 734 781 -1 783 764 732 -1 732 738 783 -1 772 781 734 -1 772 734 733 -1 764 731 732 -1 734 738 736 -1 753 767 786 -1 785 775 787 -1 787 775 776 -1 776 756 788 -1 789 790 791 -1 768 789 791 -1 792 791 790 -1 774 768 791 -1 791 792 774 -1 793 774 792 -1 793 788 778 -1 778 788 756 -1 769 768 774 -1 778 773 774 -1 774 793 778 -1 777 778 780 -1 767 784 794 -1 794 784 795 -1 796 790 789 -1 797 792 790 -1 797 798 793 -1 795 787 799 -1 799 798 800 -1 798 787 776 -1 799 787 798 -1 788 798 776 -1 798 788 793 -1 793 792 797 -1 784 785 795 -1 787 795 785 -1 789 768 765 -1 790 796 797 -1 800 798 797 -1 801 767 794 -1 786 767 801 -1 801 799 802 -1 794 799 801 -1 799 794 795 -1 802 799 800 -1 801 802 786 -1 797 796 800 -1 193 140 803 -1 804 197 193 -1 226 803 140 -1 805 806 807 -1 807 808 809 -1 807 806 808 -1 810 811 812 -1 813 814 812 -1 812 814 810 -1 814 813 815 -1 810 814 816 -1 817 818 819 -1 820 821 822 -1 823 821 820 -1 824 825 826 -1 827 825 828 -1 825 827 829 -1 827 830 829 -1 831 820 832 -1 827 833 830 -1 830 833 834 -1 830 835 829 -1 830 834 835 -1 833 836 834 -1 831 837 838 -1 831 838 839 -1 835 834 840 -1 840 834 836 -1 841 842 843 -1 836 844 845 -1 845 846 847 -1 836 845 847 -1 837 842 841 -1 841 838 837 -1 848 845 844 -1 840 836 847 -1 841 843 849 -1 850 849 843 -1 850 843 851 -1 852 850 851 -1 853 854 855 -1 197 804 856 -1 319 331 857 -1 858 325 332 -1 331 821 857 -1 823 857 821 -1 859 860 818 -1 861 859 818 -1 819 862 863 -1 817 861 818 -1 864 863 865 -1 863 864 866 -1 866 864 807 -1 866 807 809 -1 864 805 807 -1 867 868 813 -1 815 813 868 -1 867 813 812 -1 816 814 815 -1 869 870 815 -1 815 870 816 -1 816 870 871 -1 869 824 870 -1 871 870 872 -1 872 870 824 -1 824 828 825 -1 823 820 873 -1 874 873 820 -1 874 820 831 -1 831 839 874 -1 267 875 226 -1 803 226 875 -1 876 852 877 -1 859 853 878 -1 853 859 879 -1 859 861 879 -1 864 867 805 -1 812 805 867 -1 880 806 805 -1 805 812 811 -1 811 880 805 -1 880 808 806 -1 332 319 857 -1 332 857 881 -1 881 857 823 -1 332 881 858 -1 881 823 873 -1 863 882 819 -1 863 866 882 -1 329 197 856 -1 804 193 883 -1 884 885 862 -1 865 862 886 -1 886 887 865 -1 888 836 833 -1 889 890 822 -1 891 865 892 -1 822 832 820 -1 860 862 818 -1 890 832 822 -1 836 893 844 -1 818 862 819 -1 844 894 848 -1 862 865 863 -1 832 890 831 -1 837 831 890 -1 890 895 837 -1 895 896 837 -1 837 896 842 -1 846 845 848 -1 361 363 331 -1 897 898 899 -1 822 363 362 -1 331 363 821 -1 363 822 821 -1 838 900 839 -1 865 891 864 -1 891 867 864 -1 901 891 902 -1 868 867 891 -1 843 842 896 -1 838 841 900 -1 849 900 841 -1 843 896 898 -1 843 898 851 -1 851 898 897 -1 828 869 903 -1 851 897 904 -1 851 904 852 -1 828 905 888 -1 868 891 901 -1 906 897 899 -1 897 906 907 -1 904 897 907 -1 908 909 910 -1 911 909 912 -1 869 815 868 -1 869 868 913 -1 914 908 915 -1 909 908 916 -1 916 912 909 -1 908 914 916 -1 878 916 914 -1 917 878 914 -1 917 918 860 -1 869 828 824 -1 824 826 872 -1 904 911 877 -1 826 829 919 -1 825 829 826 -1 911 912 877 -1 827 828 833 -1 828 888 833 -1 855 877 912 -1 904 877 852 -1 854 876 877 -1 877 855 854 -1 912 916 855 -1 878 917 860 -1 916 878 855 -1 835 919 829 -1 859 878 860 -1 920 905 921 -1 920 888 905 -1 836 888 920 -1 922 920 921 -1 893 836 920 -1 193 803 923 -1 883 193 923 -1 362 889 822 -1 924 925 926 -1 925 924 869 -1 444 927 928 -1 924 929 903 -1 903 929 930 -1 931 932 929 -1 933 906 899 -1 934 932 931 -1 929 932 930 -1 935 936 937 -1 884 936 935 -1 938 884 935 -1 932 939 930 -1 932 940 939 -1 930 939 905 -1 828 903 930 -1 905 828 930 -1 939 921 905 -1 941 934 942 -1 932 934 940 -1 941 940 934 -1 921 939 940 -1 444 928 426 -1 426 928 889 -1 943 889 928 -1 944 943 928 -1 889 943 890 -1 945 875 267 -1 928 927 946 -1 928 946 944 -1 803 875 947 -1 890 943 895 -1 944 895 943 -1 946 895 944 -1 896 895 946 -1 946 948 899 -1 899 896 946 -1 899 898 896 -1 948 949 933 -1 949 950 933 -1 948 933 899 -1 951 933 950 -1 906 933 951 -1 940 941 922 -1 952 951 953 -1 952 906 951 -1 954 955 953 -1 953 955 952 -1 952 955 910 -1 922 921 940 -1 955 956 910 -1 957 920 922 -1 906 952 907 -1 952 910 907 -1 907 910 911 -1 893 920 957 -1 911 910 909 -1 956 908 910 -1 907 911 904 -1 915 908 956 -1 915 937 958 -1 937 936 958 -1 958 914 915 -1 914 958 917 -1 958 936 918 -1 917 958 918 -1 878 853 855 -1 884 938 885 -1 886 885 938 -1 918 884 862 -1 936 884 918 -1 862 860 918 -1 362 426 889 -1 886 862 885 -1 959 960 961 -1 962 963 959 -1 961 962 959 -1 887 964 892 -1 965 964 887 -1 965 959 964 -1 959 963 964 -1 892 964 963 -1 887 892 865 -1 902 963 962 -1 891 892 963 -1 902 891 963 -1 966 961 967 -1 926 966 967 -1 966 968 961 -1 966 926 969 -1 969 968 966 -1 925 969 926 -1 962 961 901 -1 901 902 962 -1 961 968 901 -1 913 901 968 -1 968 969 913 -1 868 901 913 -1 925 913 969 -1 869 913 925 -1 903 869 924 -1 970 971 972 -1 942 934 973 -1 974 970 975 -1 974 960 970 -1 856 804 976 -1 804 883 976 -1 977 978 979 -1 980 977 967 -1 979 967 977 -1 981 982 978 -1 441 440 983 -1 984 983 440 -1 440 478 985 -1 985 984 440 -1 982 979 978 -1 982 981 986 -1 981 987 986 -1 441 983 444 -1 987 988 929 -1 988 973 931 -1 929 988 931 -1 934 931 973 -1 984 985 927 -1 927 444 983 -1 983 984 927 -1 938 989 886 -1 990 991 992 -1 989 971 886 -1 887 886 971 -1 927 985 992 -1 971 970 965 -1 971 965 887 -1 927 992 948 -1 946 927 948 -1 960 965 970 -1 992 993 948 -1 974 980 960 -1 994 949 993 -1 994 993 995 -1 950 949 994 -1 996 950 994 -1 950 996 953 -1 926 967 979 -1 997 953 996 -1 953 997 954 -1 926 979 982 -1 986 926 982 -1 986 987 929 -1 924 926 986 -1 986 929 924 -1 998 999 937 -1 950 953 951 -1 954 998 915 -1 915 956 954 -1 937 915 998 -1 999 935 937 -1 1000 1001 1002 -1 329 856 593 -1 1001 1003 1002 -1 1004 1003 1001 -1 1001 1005 1004 -1 975 1004 1005 -1 478 1006 1007 -1 479 1006 478 -1 1006 1008 1007 -1 1005 1009 1010 -1 1005 1010 975 -1 1009 1011 1010 -1 1010 1011 1012 -1 1012 1011 1013 -1 1014 1012 1013 -1 1012 1014 1015 -1 478 1007 990 -1 1007 1008 991 -1 991 990 1007 -1 977 1012 1015 -1 991 1008 1016 -1 991 1016 1017 -1 1015 1014 1018 -1 1019 1017 1016 -1 1020 1019 1016 -1 1015 1021 1022 -1 1019 1020 1023 -1 1020 1024 1023 -1 1022 977 1015 -1 1025 1023 1024 -1 1026 1025 1024 -1 1027 1028 1026 -1 1021 1029 1022 -1 1028 1027 1030 -1 998 1030 1027 -1 981 1022 1029 -1 1031 981 1029 -1 998 1027 1032 -1 1033 1032 1002 -1 1034 1035 1031 -1 1029 1034 1031 -1 1036 981 1031 -1 981 1036 987 -1 1037 1038 1031 -1 1038 1036 1031 -1 1039 1038 1037 -1 1036 1038 1040 -1 1036 1040 988 -1 1041 1042 945 -1 961 960 980 -1 961 980 967 -1 875 945 1042 -1 1042 947 875 -1 947 923 803 -1 985 478 990 -1 985 990 992 -1 995 993 992 -1 995 992 1017 -1 1017 992 991 -1 996 995 1017 -1 995 996 994 -1 1023 1025 1019 -1 1025 1026 1028 -1 1025 1028 1043 -1 1019 996 1017 -1 1019 1025 997 -1 997 996 1019 -1 997 1025 1043 -1 997 1043 954 -1 1043 1028 1030 -1 1043 1030 954 -1 998 954 1030 -1 998 1032 999 -1 1032 1033 999 -1 999 1033 935 -1 948 993 949 -1 956 955 954 -1 1002 1003 1033 -1 1003 1044 1033 -1 1044 935 1033 -1 1044 1003 938 -1 1044 938 935 -1 1003 1004 972 -1 972 1004 975 -1 938 1003 989 -1 1003 972 989 -1 989 972 971 -1 1010 974 975 -1 970 972 975 -1 1010 1012 974 -1 977 974 1012 -1 977 980 974 -1 978 977 1022 -1 981 978 1022 -1 988 987 1036 -1 1040 973 988 -1 965 960 959 -1 976 593 856 -1 1045 1034 1029 -1 923 947 1046 -1 1037 1031 1035 -1 547 1047 1048 -1 1048 541 547 -1 1049 1048 1047 -1 1048 479 541 -1 479 1048 1006 -1 1008 1006 1048 -1 1048 1049 1008 -1 1049 1016 1008 -1 1020 1050 1024 -1 1027 1051 1052 -1 1027 1052 1032 -1 1052 1002 1032 -1 1000 1053 1001 -1 1001 1054 1005 -1 1054 1009 1005 -1 1009 1054 1055 -1 1055 1011 1009 -1 1055 1056 1011 -1 1011 1056 1013 -1 1057 1014 1013 -1 1052 1000 1002 -1 1018 1057 1058 -1 1018 1014 1057 -1 1021 1015 1018 -1 1045 1029 1021 -1 1018 1045 1021 -1 1059 1060 1018 -1 1018 1060 1034 -1 1018 1034 1045 -1 976 883 1061 -1 587 586 1062 -1 1063 1064 1065 -1 1046 883 923 -1 1066 1067 1068 -1 586 1069 1062 -1 1070 1062 1069 -1 1071 1072 1073 -1 1066 1072 1071 -1 1074 1058 1073 -1 1065 1075 1076 -1 1077 1078 1074 -1 1065 1064 1075 -1 1065 1079 1063 -1 1079 1080 1081 -1 1081 1082 1083 -1 1084 1083 1082 -1 1085 1086 1087 -1 1087 1086 1088 -1 1089 1090 1091 -1 1082 1091 1084 -1 1068 1091 1090 -1 1092 1091 1068 -1 1093 1068 1090 -1 1066 1068 1093 -1 1077 1094 1078 -1 1094 1095 1096 -1 1097 1042 1041 -1 947 1042 1097 -1 1046 947 1097 -1 1047 547 587 -1 1062 1098 587 -1 1049 1047 587 -1 1049 1098 1099 -1 587 1098 1049 -1 1016 1049 1099 -1 1098 1062 1100 -1 1062 1070 1100 -1 1101 1100 1070 -1 1100 1099 1098 -1 1100 1101 1050 -1 1050 1099 1100 -1 1070 1075 1102 -1 1102 1101 1070 -1 1075 1064 1102 -1 1101 1102 1103 -1 1050 1101 1104 -1 1104 1103 1105 -1 1101 1103 1104 -1 1102 1064 1103 -1 1099 1020 1016 -1 1099 1050 1020 -1 1024 1050 1104 -1 1026 1024 1104 -1 1104 1105 1106 -1 1106 1026 1104 -1 1107 1064 1063 -1 1083 1079 1081 -1 1079 1107 1063 -1 1083 1107 1079 -1 1064 1107 1105 -1 1105 1103 1064 -1 1108 1105 1107 -1 1105 1108 1051 -1 1107 1083 1108 -1 1109 1051 1108 -1 1109 1108 1083 -1 1083 1084 1109 -1 1105 1051 1106 -1 1106 1051 1027 -1 1026 1106 1027 -1 1052 1051 1109 -1 1084 1091 1110 -1 1110 1091 1092 -1 1109 1084 1110 -1 1110 1092 1053 -1 1092 1068 1111 -1 1111 1068 1067 -1 1111 1053 1092 -1 1053 1111 1054 -1 1111 1067 1054 -1 1109 1110 1000 -1 1000 1052 1109 -1 1110 1053 1000 -1 1054 1001 1053 -1 1066 1071 1067 -1 1067 1071 1055 -1 1055 1054 1067 -1 1071 1073 1112 -1 1071 1112 1055 -1 1058 1112 1073 -1 1112 1058 1057 -1 1055 1112 1056 -1 1013 1056 1112 -1 1112 1057 1013 -1 1059 1074 1113 -1 1059 1058 1074 -1 1059 1018 1058 -1 1074 1078 1113 -1 1078 1094 1096 -1 1078 1096 1114 -1 1114 1113 1078 -1 1114 1059 1113 -1 1059 1114 1060 -1 1115 1114 1096 -1 1114 1115 1060 -1 1060 1116 1035 -1 1115 1116 1060 -1 1035 1034 1060 -1 883 1046 1061 -1 1117 1118 976 -1 976 1061 1117 -1 1119 1120 1121 -1 1122 1123 1085 -1 1124 1085 1123 -1 1122 1125 1126 -1 1125 1122 1087 -1 1085 1087 1122 -1 1121 1120 1127 -1 1080 1089 1082 -1 1082 1089 1091 -1 1097 1128 1046 -1 1129 1128 1097 -1 1128 1061 1046 -1 647 593 1118 -1 593 976 1118 -1 1130 1131 1072 -1 1075 1070 1069 -1 1072 1132 1133 -1 1079 1065 1076 -1 1079 1076 1080 -1 1134 1123 1122 -1 1135 1120 1136 -1 1119 1136 1120 -1 1119 1137 1138 -1 1138 1136 1119 -1 1136 1138 1139 -1 1125 1087 1088 -1 1085 1124 1140 -1 1140 1086 1085 -1 1072 1077 1073 -1 1073 1077 1074 -1 1061 1141 1117 -1 1121 1137 1119 -1 1126 1134 1122 -1 1135 1142 1120 -1 1127 1120 1142 -1 1118 1117 1143 -1 1090 1144 1145 -1 1128 1129 1146 -1 1146 1147 1128 -1 1141 1061 1147 -1 1147 1061 1128 -1 1143 675 647 -1 1130 1090 1145 -1 1145 1148 1130 -1 1148 1131 1130 -1 1069 586 676 -1 1149 1069 676 -1 1149 676 675 -1 1149 675 1143 -1 1150 1131 1151 -1 647 1118 1143 -1 1131 1150 1152 -1 1131 1152 1153 -1 1131 1153 1132 -1 1143 1117 1149 -1 1076 1069 1149 -1 1154 1117 1141 -1 1131 1132 1072 -1 1149 1117 1154 -1 1155 1156 1121 -1 1149 1154 1076 -1 1127 1155 1121 -1 1157 1158 1156 -1 1121 1156 1158 -1 1137 1121 1158 -1 1154 1159 1076 -1 1154 1160 1159 -1 1159 1160 1144 -1 1159 1144 1089 -1 1137 1161 1138 -1 1134 1162 1123 -1 1139 1138 1163 -1 1164 1138 1161 -1 1138 1164 1165 -1 1165 1163 1138 -1 1124 1123 1162 -1 1166 1125 1167 -1 1168 1167 1125 -1 1152 1150 1169 -1 1139 1152 1169 -1 1139 1163 1152 -1 1152 1163 1153 -1 1170 1140 1171 -1 1153 1172 1132 -1 1163 1165 1153 -1 1132 1172 1173 -1 1174 1132 1173 -1 1175 1135 1150 -1 1150 1151 1175 -1 1088 1168 1125 -1 1176 1160 1168 -1 1176 1168 1088 -1 1086 1176 1088 -1 1160 1176 1144 -1 1172 1177 1173 -1 1144 1176 1145 -1 1089 1144 1090 -1 1140 1178 1086 -1 1140 1170 1178 -1 1176 1086 1178 -1 1176 1178 1145 -1 1178 1170 1145 -1 1041 1179 1180 -1 1041 1180 1097 -1 1129 1097 1180 -1 1075 1069 1076 -1 1154 1141 1181 -1 1181 1167 1160 -1 1181 1160 1154 -1 1168 1160 1167 -1 1076 1159 1080 -1 1159 1089 1080 -1 1080 1082 1081 -1 1170 1171 1182 -1 1093 1090 1130 -1 1148 1170 1182 -1 1170 1148 1145 -1 1148 1182 1151 -1 1093 1130 1066 -1 1066 1130 1072 -1 1136 1169 1135 -1 1135 1169 1150 -1 1139 1169 1136 -1 1183 1165 1164 -1 1184 1165 1183 -1 1153 1165 1172 -1 1165 1184 1177 -1 1177 1172 1165 -1 1072 1133 1077 -1 1133 1132 1174 -1 1133 1174 1077 -1 1174 1094 1077 -1 1174 1095 1094 -1 1185 1186 1127 -1 1127 1186 1155 -1 1129 1180 1187 -1 1187 1188 1129 -1 1146 1129 1188 -1 1189 1146 1188 -1 1146 1189 1190 -1 1191 1190 1189 -1 1190 1147 1146 -1 1190 1191 1166 -1 1147 1190 1141 -1 1190 1181 1141 -1 1192 1126 1193 -1 1191 1193 1166 -1 1193 1126 1125 -1 1124 1194 1195 -1 1190 1166 1181 -1 1196 1197 1198 -1 1166 1193 1125 -1 1124 1195 1171 -1 1124 1171 1140 -1 1196 1198 1162 -1 1185 1127 1142 -1 1196 1162 1134 -1 1199 1196 1126 -1 1200 1142 1175 -1 1126 1196 1134 -1 1171 1201 1182 -1 1175 1142 1135 -1 1194 1162 1198 -1 1162 1194 1124 -1 1202 1158 1157 -1 1203 1204 1205 -1 1158 1202 1161 -1 1158 1161 1137 -1 1185 1204 1186 -1 1156 1203 1157 -1 1164 1161 1202 -1 1180 1179 1206 -1 1206 1187 1180 -1 1187 1207 1188 -1 1208 1209 1157 -1 1207 1210 1191 -1 1188 1207 1189 -1 1191 1189 1207 -1 1157 1209 1202 -1 1209 1211 1202 -1 1210 1192 1191 -1 1191 1192 1193 -1 1196 1199 1212 -1 1194 1213 1195 -1 1195 1214 1215 -1 1216 1198 1197 -1 1217 1215 1214 -1 1198 1216 1194 -1 1195 1215 1201 -1 1192 1199 1126 -1 1217 1201 1215 -1 1142 1200 1185 -1 1217 1200 1175 -1 1187 1206 1207 -1 1218 1210 1207 -1 1219 1204 1220 -1 1220 1204 1185 -1 1214 1195 1213 -1 1210 1221 1192 -1 1214 1200 1217 -1 1222 1185 1200 -1 1222 1220 1185 -1 1223 1224 1225 -1 1224 1219 1225 -1 1219 1224 1205 -1 1205 1204 1219 -1 1208 1203 1205 -1 1208 1157 1203 -1 1167 1181 1166 -1 1204 1203 1186 -1 1156 1186 1203 -1 1155 1186 1156 -1 1201 1171 1195 -1 1201 1217 1226 -1 1226 1182 1201 -1 1182 1226 1151 -1 1217 1175 1226 -1 1151 1226 1175 -1 1131 1148 1151 -1 1223 1227 1224 -1 1228 1220 1229 -1 1225 1220 1228 -1 1225 1219 1220 -1 1216 1230 1194 -1 1194 1230 1213 -1 1231 1213 1230 -1 1230 1229 1231 -1 1218 1232 1221 -1 1233 1221 1232 -1 1218 1207 1206 -1 1218 1221 1210 -1 1222 1231 1229 -1 1222 1229 1220 -1 1214 1213 1231 -1 1222 1214 1231 -1 1224 1227 1234 -1 1235 1236 1230 -1 1236 1228 1229 -1 1230 1216 1235 -1 1230 1236 1229 -1 1236 1235 1237 -1 1228 1236 1237 -1 1200 1214 1222 -1 1233 1238 1221 -1 1238 1212 1199 -1 1238 1192 1221 -1 1238 1199 1192 -1 1239 1240 1241 -1 1242 1241 1240 -1 1243 1244 1245 -1 1246 1239 1245 -1 1244 1243 1247 -1 1241 1242 1248 -1 1243 1241 1248 -1 1248 1247 1243 -1 1239 1241 1245 -1 1243 1245 1241 -1 1249 1250 1251 -1 1251 1252 1249 -1 1253 1247 1254 -1 1255 1250 1239 -1 1254 1247 1256 -1 1257 1258 1259 -1 1247 1248 1256 -1 1257 1259 1260 -1 1260 1259 1261 -1 1261 1262 1260 -1 1262 1261 1263 -1 1264 1248 1242 -1 1249 1252 1265 -1 1265 1240 1249 -1 1264 1242 1266 -1 1244 1259 1258 -1 1258 1246 1244 -1 1250 1249 1239 -1 1245 1244 1246 -1 1242 1240 1265 -1 1266 1265 1267 -1 1242 1265 1266 -1 1249 1240 1239 -1 1253 1261 1259 -1 1259 1244 1253 -1 1246 1255 1239 -1 1247 1253 1244 -1 1250 1268 1251 -1 1269 1270 1271 -1 1272 1270 1269 -1 1253 1254 1273 -1 1267 1252 1251 -1 1274 1275 1276 -1 1265 1252 1267 -1 1275 1274 1277 -1 1254 1256 1278 -1 1275 1279 1276 -1 1268 1250 1280 -1 1275 1262 1279 -1 1273 1263 1261 -1 1281 1280 1250 -1 1253 1273 1261 -1 1266 1267 1282 -1 1248 1264 1256 -1 1283 1281 1255 -1 1281 1250 1255 -1 1271 1270 1284 -1 1270 1272 1285 -1 1286 1284 1270 -1 1287 1288 1284 -1 1284 1286 1287 -1 1285 1286 1270 -1 1288 1287 1289 -1 1285 1272 1246 -1 1289 1287 1290 -1 1287 1286 1257 -1 1258 1286 1285 -1 1258 1257 1286 -1 1272 1283 1246 -1 1287 1277 1290 -1 1287 1257 1277 -1 1290 1277 1274 -1 1257 1260 1277 -1 1277 1260 1275 -1 1260 1262 1275 -1 1283 1255 1246 -1 1285 1246 1258 -1 1282 1267 1291 -1 1280 1292 1293 -1 1251 1268 1294 -1 1295 1296 1284 -1 1288 1295 1284 -1 1251 1294 1297 -1 1266 1282 1298 -1 1271 1284 1296 -1 1264 1266 1298 -1 1289 1295 1288 -1 1299 1276 1300 -1 1274 1276 1299 -1 1291 1251 1297 -1 1256 1264 1278 -1 1272 1301 1283 -1 1293 1268 1280 -1 1267 1251 1291 -1 1276 1279 1300 -1 1279 1262 1302 -1 1262 1303 1302 -1 1295 1289 1304 -1 1305 1306 1292 -1 1307 1297 1294 -1 1293 1292 1308 -1 1309 1310 1311 -1 1293 1308 1312 -1 1313 1310 1314 -1 1273 1254 1315 -1 1306 1316 1308 -1 1308 1292 1306 -1 1254 1278 1315 -1 1317 1305 1313 -1 1293 1312 1268 -1 1312 1294 1268 -1 1318 1311 1319 -1 1318 1319 1320 -1 1296 1295 1304 -1 1321 1296 1304 -1 1306 1322 1323 -1 1306 1305 1322 -1 1281 1301 1324 -1 1319 1311 1269 -1 1310 1269 1311 -1 1269 1310 1325 -1 1283 1301 1281 -1 1320 1319 1271 -1 1319 1269 1271 -1 1271 1326 1320 -1 1326 1296 1321 -1 1326 1271 1296 -1 1327 1292 1280 -1 1281 1327 1280 -1 1269 1325 1272 -1 1310 1313 1324 -1 1325 1310 1324 -1 1325 1324 1301 -1 1304 1289 1328 -1 1313 1305 1327 -1 1327 1324 1313 -1 1292 1327 1305 -1 1289 1290 1329 -1 1329 1328 1289 -1 1299 1329 1274 -1 1274 1329 1290 -1 1324 1327 1281 -1 1325 1301 1272 -1 1263 1303 1262 -1 1330 1323 1331 -1 1332 1323 1330 -1 1323 1316 1306 -1 1297 1307 1333 -1 1332 1316 1323 -1 1331 1334 1335 -1 1291 1297 1333 -1 1336 1316 1332 -1 1337 1338 1317 -1 1308 1316 1336 -1 1318 1309 1311 -1 1339 1315 1278 -1 1336 1312 1308 -1 1340 1318 1341 -1 1278 1264 1339 -1 1339 1264 1298 -1 1317 1322 1305 -1 1294 1312 1342 -1 1307 1294 1342 -1 1343 1341 1320 -1 1299 1300 1344 -1 1300 1279 1345 -1 1320 1326 1343 -1 1279 1302 1345 -1 1320 1341 1318 -1 1334 1317 1338 -1 1317 1334 1322 -1 1334 1331 1322 -1 1322 1331 1323 -1 1330 1331 1346 -1 1334 1347 1335 -1 1330 1348 1332 -1 1336 1332 1348 -1 1349 1350 1351 -1 1348 1352 1336 -1 1298 1282 1353 -1 1335 1346 1331 -1 1312 1336 1352 -1 1342 1312 1352 -1 1354 1350 1355 -1 1338 1356 1357 -1 1358 1355 1359 -1 1359 1355 1350 -1 1338 1360 1334 -1 1347 1334 1360 -1 1341 1343 1361 -1 1362 1343 1326 -1 1321 1363 1362 -1 1304 1363 1321 -1 1364 1329 1299 -1 1365 1302 1303 -1 1365 1303 1366 -1 1353 1282 1291 -1 1303 1263 1366 -1 1356 1338 1337 -1 1263 1273 1366 -1 1366 1273 1315 -1 1314 1356 1337 -1 1349 1356 1314 -1 1351 1350 1354 -1 1314 1337 1313 -1 1317 1313 1337 -1 1309 1359 1350 -1 1349 1309 1350 -1 1363 1304 1367 -1 1309 1349 1314 -1 1304 1328 1368 -1 1368 1367 1304 -1 1328 1329 1364 -1 1364 1368 1328 -1 1318 1340 1359 -1 1359 1340 1358 -1 1359 1309 1318 -1 1309 1314 1310 -1 1361 1340 1341 -1 1358 1340 1361 -1 1321 1362 1326 -1 1369 1370 1360 -1 1347 1360 1370 -1 1371 1372 1373 -1 1374 1370 1369 -1 1375 1376 1347 -1 1335 1347 1376 -1 1377 1378 1379 -1 1346 1335 1376 -1 1379 1355 1380 -1 1381 1375 1370 -1 1347 1370 1375 -1 1330 1346 1382 -1 1360 1357 1369 -1 1348 1330 1382 -1 1338 1357 1360 -1 1300 1345 1344 -1 1355 1379 1354 -1 1355 1358 1383 -1 1380 1355 1383 -1 1362 1384 1343 -1 1385 1376 1375 -1 1386 1387 1388 -1 1389 1315 1339 -1 1387 1386 1374 -1 1372 1387 1374 -1 1390 1391 1392 -1 1346 1376 1393 -1 1346 1394 1382 -1 1372 1374 1373 -1 1394 1395 1382 -1 1348 1382 1395 -1 1391 1387 1396 -1 1397 1348 1395 -1 1387 1372 1396 -1 1392 1398 1399 -1 1391 1398 1392 -1 1345 1302 1400 -1 1365 1400 1302 -1 1374 1386 1401 -1 1396 1398 1391 -1 1378 1399 1398 -1 1377 1399 1378 -1 1402 1383 1358 -1 1403 1374 1401 -1 1374 1403 1370 -1 1403 1404 1381 -1 1381 1370 1403 -1 1375 1381 1385 -1 1405 1362 1363 -1 1344 1364 1299 -1 1369 1373 1374 -1 1406 1353 1291 -1 1372 1371 1396 -1 1371 1357 1356 -1 1396 1371 1356 -1 1396 1356 1349 -1 1371 1373 1357 -1 1373 1369 1357 -1 1351 1378 1398 -1 1348 1397 1352 -1 1407 1352 1397 -1 1398 1396 1351 -1 1352 1407 1342 -1 1379 1378 1354 -1 1378 1351 1354 -1 1408 1342 1407 -1 1408 1307 1342 -1 1363 1367 1405 -1 1351 1396 1349 -1 1402 1361 1409 -1 1358 1361 1402 -1 1361 1384 1409 -1 1343 1384 1361 -1 1339 1298 1353 -1 1353 1389 1339 -1 1353 1410 1389 -1 1411 1385 1381 -1 1412 1413 1414 -1 1388 1413 1412 -1 1376 1385 1415 -1 1393 1376 1415 -1 1393 1394 1346 -1 1414 1413 1390 -1 1365 1366 1416 -1 1417 1390 1418 -1 1414 1390 1417 -1 1366 1315 1416 -1 1390 1413 1387 -1 1416 1315 1389 -1 1388 1387 1413 -1 1368 1364 1419 -1 1418 1392 1420 -1 1344 1345 1421 -1 1418 1390 1392 -1 1390 1387 1391 -1 1422 1403 1423 -1 1424 1420 1392 -1 1403 1422 1404 -1 1404 1422 1425 -1 1425 1426 1404 -1 1392 1399 1424 -1 1427 1424 1399 -1 1399 1377 1427 -1 1377 1379 1427 -1 1401 1423 1403 -1 1411 1404 1426 -1 1381 1404 1411 -1 1428 1415 1411 -1 1385 1411 1415 -1 1429 1430 1412 -1 1412 1431 1388 -1 1429 1412 1417 -1 1432 1393 1415 -1 1431 1412 1430 -1 1417 1412 1414 -1 1388 1431 1433 -1 1434 1433 1431 -1 1416 1435 1365 -1 1344 1419 1364 -1 1345 1400 1436 -1 1421 1345 1436 -1 1417 1418 1437 -1 1434 1438 1423 -1 1434 1423 1433 -1 1435 1400 1365 -1 1438 1439 1440 -1 1420 1424 1441 -1 1420 1437 1418 -1 1440 1442 1422 -1 1438 1440 1423 -1 1424 1427 1441 -1 1442 1425 1422 -1 1422 1423 1440 -1 1441 1427 1443 -1 1426 1425 1444 -1 1428 1411 1426 -1 1431 1430 1445 -1 1434 1431 1446 -1 1307 1408 1333 -1 1446 1447 1434 -1 1438 1434 1447 -1 1447 1448 1438 -1 1379 1443 1427 -1 1443 1380 1449 -1 1379 1380 1443 -1 1450 1439 1448 -1 1439 1438 1448 -1 1333 1451 1291 -1 1383 1449 1380 -1 1452 1439 1450 -1 1406 1291 1451 -1 1440 1439 1452 -1 1452 1442 1440 -1 1388 1433 1386 -1 1423 1401 1433 -1 1401 1386 1433 -1 1435 1436 1400 -1 1453 1389 1410 -1 1421 1436 1454 -1 1445 1455 1447 -1 1447 1446 1445 -1 1448 1447 1455 -1 1456 1457 1458 -1 1435 1416 1459 -1 1460 1429 1461 -1 1458 1457 1462 -1 1462 1450 1458 -1 137 138 1463 -1 137 1463 116 -1 1429 1460 1430 -1 116 1463 128 -1 1425 1442 1464 -1 1444 1425 1464 -1 1465 1426 1444 -1 1428 1426 1465 -1 1415 1428 1432 -1 1417 1461 1429 -1 1466 1393 1432 -1 1461 1417 1467 -1 1367 1368 1405 -1 1419 1405 1368 -1 1417 1437 1467 -1 1437 1420 1468 -1 1420 1441 1468 -1 1409 1384 1469 -1 1362 1469 1384 -1 1470 1454 1436 -1 1389 1453 1459 -1 1471 1344 1421 -1 1472 1473 1474 -1 1473 1472 1475 -1 1455 1476 1458 -1 1458 1448 1455 -1 138 135 1477 -1 1456 1458 1476 -1 1459 1416 1389 -1 1478 1461 1467 -1 1456 1479 1457 -1 1457 1479 1480 -1 1467 1437 1481 -1 1481 1437 1468 -1 1468 1441 1482 -1 1449 1383 1483 -1 1484 1485 1486 -1 1462 1457 1480 -1 1402 1483 1383 -1 1487 1462 1480 -1 1488 1462 1487 -1 1362 1405 1469 -1 1465 1464 1489 -1 1444 1464 1465 -1 1428 1465 1490 -1 1490 1432 1428 -1 128 1463 1491 -1 1395 1394 1466 -1 1441 1443 1482 -1 1482 1443 1492 -1 1443 1449 1492 -1 1493 1476 1455 -1 1493 1494 1456 -1 1456 1476 1493 -1 1494 1479 1456 -1 1446 1431 1445 -1 1458 1450 1448 -1 1488 1450 1462 -1 1450 1488 1452 -1 1442 1452 1488 -1 1495 1488 1487 -1 1442 1488 1495 -1 1464 1442 1495 -1 1394 1393 1466 -1 1436 1435 1496 -1 1496 1470 1436 -1 1419 1344 1471 -1 1471 1421 1454 -1 166 165 174 -1 1459 1496 1435 -1 1408 1451 1333 -1 1497 217 1498 -1 217 1497 1499 -1 1498 1500 1474 -1 164 212 1501 -1 1500 1502 1474 -1 179 1503 1504 -1 1505 1474 1502 -1 1474 1505 1472 -1 1406 1506 1353 -1 166 174 180 -1 1473 1498 1474 -1 1506 1410 1353 -1 1497 1498 1473 -1 1497 1473 1507 -1 1477 154 1508 -1 1473 1475 1507 -1 1503 1509 1504 -1 1485 1472 1505 -1 1505 1510 1486 -1 1502 1510 1505 -1 1505 1486 1485 -1 1472 1485 1475 -1 1484 1475 1485 -1 1511 1507 1475 -1 212 1509 1501 -1 1477 135 154 -1 1475 1484 1511 -1 1477 1512 138 -1 1513 1487 1480 -1 1514 1501 1515 -1 1490 1465 1516 -1 1501 1514 1517 -1 1518 138 1512 -1 1499 1497 1519 -1 1467 1481 1520 -1 1395 1466 1521 -1 1519 1497 1507 -1 138 1518 1463 -1 1463 1518 1491 -1 1486 1522 1523 -1 1523 1484 1486 -1 165 167 1519 -1 1408 1407 1524 -1 1491 1525 128 -1 149 128 1525 -1 1526 1523 1522 -1 1484 1523 1511 -1 1405 1419 1527 -1 1511 1523 1528 -1 1523 1529 1528 -1 1522 1530 1526 -1 1523 1526 1529 -1 1526 1530 1531 -1 1529 1526 1531 -1 165 1528 1532 -1 1532 174 165 -1 1471 1533 1419 -1 1528 1529 1534 -1 1496 1535 1470 -1 163 212 164 -1 1532 1534 1503 -1 154 164 1508 -1 179 174 1503 -1 1459 1453 1536 -1 1537 164 1501 -1 1537 1501 1517 -1 1537 1517 1538 -1 1537 1508 164 -1 1502 1500 1539 -1 1508 1537 1477 -1 1512 1477 1537 -1 1537 1538 1512 -1 1486 1510 1522 -1 1514 1540 1517 -1 1510 1541 1522 -1 1542 1500 1498 -1 1534 1529 1503 -1 1543 1503 1529 -1 1517 1540 1538 -1 1522 1541 1530 -1 217 1542 1498 -1 1512 1538 1518 -1 1499 213 217 -1 1525 1491 1544 -1 1541 1545 1530 -1 1525 267 149 -1 1509 1503 1543 -1 1531 1530 1545 -1 1507 1511 1546 -1 1511 1528 1546 -1 1546 1528 165 -1 1509 1547 1501 -1 1547 1515 1501 -1 1487 1513 1548 -1 1520 1478 1467 -1 1549 1397 1395 -1 1407 1397 1550 -1 1515 1551 1514 -1 1532 1528 1534 -1 1552 1405 1527 -1 1514 1553 1540 -1 167 1499 1519 -1 213 1499 167 -1 1469 1405 1552 -1 1546 1519 1507 -1 1519 1546 165 -1 1554 1555 1494 -1 1494 1555 1479 -1 1479 1555 1556 -1 1556 1555 1557 -1 1479 1556 1480 -1 1480 1556 1513 -1 174 1532 1503 -1 1481 1468 1558 -1 1559 1468 1482 -1 1560 1487 1548 -1 1529 1531 1543 -1 1495 1487 1560 -1 1492 1449 1483 -1 1464 1495 1560 -1 1560 1489 1464 -1 1543 1561 1547 -1 1547 1509 1543 -1 1402 1409 1483 -1 179 1504 188 -1 1465 1489 1516 -1 188 1504 212 -1 1509 212 1504 -1 1562 1547 1561 -1 1547 1562 1515 -1 1563 1515 1562 -1 1564 1432 1490 -1 1564 1466 1432 -1 1551 1515 1563 -1 1565 1551 1563 -1 1551 1565 1553 -1 1514 1551 1553 -1 1454 1533 1471 -1 1410 1566 1453 -1 1453 1567 1536 -1 1568 1531 1545 -1 1453 1566 1567 -1 1569 1568 1545 -1 1570 1571 1454 -1 1454 1470 1570 -1 1565 1572 1573 -1 1570 1470 1574 -1 1541 1575 1545 -1 1576 1577 1562 -1 1536 1567 1578 -1 1566 1410 1506 -1 1579 1562 1577 -1 1565 1563 1579 -1 1502 1580 1510 -1 1580 1581 1510 -1 1573 1582 1553 -1 1582 1583 1540 -1 1574 1470 1535 -1 1575 1510 1581 -1 1538 1540 1583 -1 1510 1575 1541 -1 1583 1584 1538 -1 1518 1538 1584 -1 1544 1518 1584 -1 1491 1518 1544 -1 1561 1568 1569 -1 1568 1543 1531 -1 1561 1576 1562 -1 1496 1536 1535 -1 1585 1586 1565 -1 1587 241 1588 -1 1579 1585 1565 -1 1587 230 241 -1 1542 1587 1589 -1 1506 1406 1590 -1 230 1587 210 -1 1587 1542 216 -1 1570 1539 1589 -1 1570 1574 1539 -1 1574 1591 1539 -1 1580 1539 1591 -1 1539 1580 1502 -1 1500 1542 1539 -1 1592 1579 1577 -1 1565 1586 1572 -1 1451 1408 1593 -1 1594 1567 1566 -1 1577 1576 1595 -1 1533 1454 1596 -1 1542 1589 1539 -1 1596 1454 1571 -1 1592 1577 1595 -1 1567 1594 1578 -1 1573 1572 1597 -1 1571 1570 1589 -1 1597 1582 1573 -1 1581 1580 1591 -1 1544 1584 1598 -1 1598 1599 1544 -1 1451 1590 1406 -1 1574 1535 1591 -1 1581 1578 1575 -1 1600 1591 1535 -1 1601 1575 1578 -1 1578 1594 1601 -1 1535 1536 1600 -1 1545 1575 1601 -1 1602 1601 1594 -1 1601 1602 1569 -1 1578 1600 1536 -1 1602 1603 1576 -1 1569 1545 1601 -1 1600 1578 1581 -1 1589 1588 1571 -1 1527 1419 1604 -1 1604 1419 1605 -1 1590 1606 1506 -1 1569 1576 1561 -1 1589 1587 1588 -1 1576 1569 1602 -1 1409 1469 1607 -1 1605 1419 1533 -1 1603 1595 1576 -1 1592 1585 1579 -1 1542 217 216 -1 1608 1557 1609 -1 1556 1557 1608 -1 1608 1610 1556 -1 1513 1556 1610 -1 1611 1513 1610 -1 1548 1513 1611 -1 1548 1611 1612 -1 1560 1548 1612 -1 1612 1613 1560 -1 1489 1560 1613 -1 1613 1614 1489 -1 1614 1615 1489 -1 1516 1489 1615 -1 1536 1496 1459 -1 1468 1559 1558 -1 1492 1616 1482 -1 1617 1492 1483 -1 236 237 1618 -1 1409 1607 1483 -1 241 236 1619 -1 1591 1600 1581 -1 1620 241 1619 -1 1620 1588 241 -1 1561 1543 1568 -1 1587 216 210 -1 1586 1585 1621 -1 1579 1563 1562 -1 1565 1573 1553 -1 1553 1582 1540 -1 1525 1544 1599 -1 267 1525 1622 -1 1590 1451 1593 -1 1566 1506 1606 -1 1469 1623 1607 -1 1624 1566 1606 -1 1590 1593 1625 -1 1593 1408 1626 -1 1627 1628 250 -1 1629 1627 250 -1 1630 1618 250 -1 1631 1594 1566 -1 277 1629 250 -1 250 1618 237 -1 1594 1631 1602 -1 1631 1603 1602 -1 1552 1527 1604 -1 1632 1633 1603 -1 1634 1635 1633 -1 1635 1636 1637 -1 1637 1633 1635 -1 1603 1631 1632 -1 250 1628 1630 -1 1616 1492 1638 -1 1628 1639 1630 -1 1617 1638 1492 -1 1633 1637 1595 -1 1640 1619 1639 -1 236 1618 1630 -1 1603 1633 1595 -1 1630 1619 236 -1 1630 1639 1619 -1 1595 1637 1592 -1 1640 1641 1588 -1 1637 1642 1643 -1 1588 1620 1640 -1 1643 1592 1637 -1 1621 1585 1643 -1 1585 1592 1643 -1 1469 1552 1623 -1 1644 1588 1641 -1 1621 1643 1645 -1 1605 1533 1646 -1 1596 1646 1533 -1 1645 1647 1621 -1 1648 1596 1644 -1 1649 1586 1647 -1 1586 1649 1572 -1 1644 1596 1571 -1 1597 1572 1649 -1 1650 1521 1466 -1 1521 1549 1395 -1 1549 1651 1397 -1 1550 1397 1651 -1 1407 1550 1524 -1 1625 1606 1590 -1 1624 1631 1566 -1 1652 1625 1593 -1 1552 1604 1653 -1 1653 1654 1552 -1 1607 1623 1655 -1 1656 1657 1658 -1 1658 1657 1659 -1 1660 1661 1662 -1 1663 1656 1634 -1 1660 1662 1664 -1 1559 1482 1616 -1 1628 1662 1661 -1 1665 1629 277 -1 307 1665 277 -1 1658 1634 1656 -1 1617 1483 1666 -1 1483 1607 1666 -1 1666 1607 1655 -1 1552 1654 1623 -1 1667 1668 1661 -1 1661 1668 1628 -1 1669 1670 1668 -1 1668 1670 1639 -1 1671 1639 1670 -1 1642 1672 1673 -1 1674 1673 1672 -1 1639 1628 1668 -1 1639 1671 1640 -1 1675 1645 1643 -1 1645 1675 1676 -1 1645 1676 1647 -1 1648 1677 1678 -1 1597 1649 1679 -1 1679 1680 1597 -1 1599 1598 1681 -1 1604 1605 1653 -1 1653 1605 1646 -1 1596 1648 1646 -1 1593 1626 1652 -1 1682 1606 1625 -1 1683 1606 1682 -1 1606 1683 1624 -1 1683 1684 1632 -1 1624 1683 1632 -1 1624 1632 1631 -1 1685 1490 1516 -1 1621 1647 1586 -1 1582 1597 1686 -1 1686 1597 1680 -1 1686 1687 1582 -1 1583 1582 1687 -1 1687 1598 1583 -1 1583 1598 1584 -1 1681 1622 1599 -1 1599 1622 1525 -1 1481 1688 1520 -1 1481 1558 1689 -1 1664 1662 1629 -1 1664 1629 1690 -1 1629 1662 1627 -1 1628 1627 1662 -1 1690 1629 1665 -1 1671 1641 1640 -1 1677 1641 1671 -1 1644 1641 1677 -1 1691 1609 1692 -1 1608 1609 1691 -1 1691 1610 1608 -1 1677 1648 1644 -1 1610 1693 1611 -1 1620 1619 1640 -1 1612 1611 1694 -1 1695 1696 1612 -1 1613 1612 1696 -1 1571 1588 1644 -1 1632 1684 1634 -1 1632 1634 1633 -1 1634 1658 1635 -1 1658 1697 1635 -1 1697 1636 1635 -1 1697 1672 1642 -1 1642 1636 1697 -1 1637 1636 1642 -1 1643 1642 1673 -1 1673 1675 1643 -1 1408 1524 1626 -1 1654 1655 1623 -1 1626 1524 1698 -1 1674 1699 1700 -1 1674 1672 1699 -1 1648 1653 1646 -1 1625 1652 1682 -1 1701 1663 1684 -1 1700 1702 1674 -1 1703 1682 1652 -1 1704 1705 1655 -1 1655 1654 1704 -1 1701 1706 1663 -1 1653 1648 1707 -1 1708 1709 1657 -1 1559 1616 1710 -1 1709 1711 1657 -1 1712 1660 1713 -1 1714 1667 1712 -1 1660 1667 1661 -1 1712 1667 1660 -1 1664 1713 1660 -1 1715 1713 1664 -1 427 1716 1665 -1 1665 307 427 -1 1667 1669 1668 -1 1669 1717 1718 -1 1669 1719 1670 -1 1671 1670 1720 -1 1669 1667 1717 -1 1720 1677 1671 -1 1678 1677 1720 -1 1670 1719 1720 -1 1678 1707 1648 -1 1704 1654 1721 -1 1721 1653 1707 -1 1654 1653 1721 -1 1466 1564 1722 -1 1650 1466 1722 -1 1698 1652 1626 -1 1698 1723 1652 -1 1703 1652 1723 -1 1701 1703 1723 -1 1682 1703 1683 -1 1683 1703 1684 -1 1703 1701 1684 -1 1706 1708 1657 -1 1706 1657 1663 -1 1657 1656 1663 -1 1659 1697 1658 -1 1699 1724 1700 -1 1659 1725 1699 -1 1684 1663 1634 -1 1659 1699 1697 -1 1699 1672 1697 -1 1673 1674 1726 -1 1673 1726 1675 -1 1679 1647 1727 -1 1649 1647 1679 -1 1550 1698 1524 -1 1702 1726 1674 -1 1550 1728 1698 -1 1729 1521 1730 -1 1549 1521 1729 -1 1550 1651 1728 -1 1723 1731 1701 -1 1710 1558 1559 -1 1732 1638 1617 -1 1733 1702 1700 -1 1666 1734 1617 -1 1709 1735 1736 -1 1737 1709 1736 -1 1708 1706 1738 -1 1739 1740 1741 -1 1740 1739 1717 -1 1676 1675 1742 -1 1742 1727 1676 -1 1711 1743 1744 -1 1745 1714 1712 -1 1713 1745 1712 -1 1681 1598 1746 -1 1657 1711 1659 -1 1744 1659 1711 -1 1659 1744 1725 -1 1743 1747 1748 -1 1705 1734 1666 -1 1666 1655 1705 -1 1749 1750 1751 -1 1752 1749 1751 -1 1704 1752 1751 -1 1752 1721 1707 -1 1722 1753 1650 -1 1753 1730 1650 -1 1650 1730 1521 -1 1729 1651 1549 -1 1651 1729 1728 -1 1754 1490 1685 -1 1754 1564 1490 -1 1676 1727 1647 -1 1686 1755 1687 -1 1598 1687 1755 -1 1755 1746 1598 -1 1756 1622 1681 -1 267 1622 1756 -1 1756 945 267 -1 1731 1706 1701 -1 1708 1735 1709 -1 1737 1711 1709 -1 1689 1688 1481 -1 1748 1744 1743 -1 1717 1739 1718 -1 1745 1741 1714 -1 1714 1741 1740 -1 1725 1744 1748 -1 1748 1747 1757 -1 1714 1740 1717 -1 1717 1667 1714 -1 1758 1718 1759 -1 1718 1758 1719 -1 1760 1715 1664 -1 1664 1690 1760 -1 1760 1690 1716 -1 1758 1761 1762 -1 1762 1719 1758 -1 1690 1665 1716 -1 1749 1720 1762 -1 1669 1718 1719 -1 1762 1720 1719 -1 1749 1752 1720 -1 1752 1678 1720 -1 1721 1752 1704 -1 1752 1707 1678 -1 1763 1764 1692 -1 1691 1692 1764 -1 1764 1693 1691 -1 1610 1691 1693 -1 1693 1765 1611 -1 1694 1611 1765 -1 1614 1613 1696 -1 1615 1685 1516 -1 1724 1725 1748 -1 1699 1725 1724 -1 1766 1748 1757 -1 1724 1748 1766 -1 1766 1733 1724 -1 1724 1733 1700 -1 1742 1726 1767 -1 1726 1742 1675 -1 1698 1731 1723 -1 1729 1730 1768 -1 1768 1769 1729 -1 1617 1734 1770 -1 1731 1698 1728 -1 1771 1768 1730 -1 1713 1715 1772 -1 1753 1722 1773 -1 1710 1616 1774 -1 1753 1771 1730 -1 1774 1616 1732 -1 1732 1616 1638 -1 1769 1728 1729 -1 1732 1617 1770 -1 1728 1769 1775 -1 1728 1775 1731 -1 1776 1741 1777 -1 1778 1731 1775 -1 1776 1779 1739 -1 1776 1739 1741 -1 1780 1781 1741 -1 1741 1745 1780 -1 1745 1713 1782 -1 1782 1713 1772 -1 1731 1738 1706 -1 1759 1739 1779 -1 1739 1759 1718 -1 1783 1784 1735 -1 1784 1736 1735 -1 1761 1785 1762 -1 1735 1738 1783 -1 1750 1762 1785 -1 1762 1750 1749 -1 1708 1738 1735 -1 1786 1734 1787 -1 1743 1711 1737 -1 1705 1787 1734 -1 1788 1787 1705 -1 1789 1788 1751 -1 1790 1791 1743 -1 1751 1788 1704 -1 1743 1791 1747 -1 1791 1792 1747 -1 1704 1788 1705 -1 1792 1757 1747 -1 1726 1702 1793 -1 1767 1726 1793 -1 1767 1794 1742 -1 1727 1742 1794 -1 1794 1795 1727 -1 1796 1679 1727 -1 1797 1686 1680 -1 1770 1734 1798 -1 1786 1798 1734 -1 1774 1732 1799 -1 1800 1801 1773 -1 1753 1773 1801 -1 1801 1771 1753 -1 1802 1803 1804 -1 1805 1806 1807 -1 1808 1805 1809 -1 1689 1558 1810 -1 1558 1710 1810 -1 1778 1775 1811 -1 1775 1769 1768 -1 1806 1812 1807 -1 1807 1812 1813 -1 1813 1812 1814 -1 1815 1814 1816 -1 1804 1817 1802 -1 1770 1799 1732 -1 1799 1770 1798 -1 1783 1817 1784 -1 1817 1804 1784 -1 1809 1805 1818 -1 1818 1805 1779 -1 1779 1805 1759 -1 1819 1809 1818 -1 1820 1821 1790 -1 1777 1741 1781 -1 1820 1736 1804 -1 1805 1807 1759 -1 1790 1737 1820 -1 1807 1813 1759 -1 1821 1822 1823 -1 1823 1790 1821 -1 1790 1823 1791 -1 1791 1823 1824 -1 1791 1824 1825 -1 1825 1792 1791 -1 1813 1814 1761 -1 1826 1792 1825 -1 1757 1792 1826 -1 1814 1815 1785 -1 1733 1766 1827 -1 1785 1815 1789 -1 1815 1786 1787 -1 1793 1828 1767 -1 1789 1787 1788 -1 1815 1787 1789 -1 1795 1796 1727 -1 1796 1680 1679 -1 1746 1755 1829 -1 1830 1831 1685 -1 1685 1831 1754 -1 1754 1831 1832 -1 1754 1833 1564 -1 1832 1833 1754 -1 1564 1833 1722 -1 1834 1772 1715 -1 1833 1773 1722 -1 1773 1833 1800 -1 1715 1760 1834 -1 1760 1716 1834 -1 1834 1716 1835 -1 1738 1778 1783 -1 1738 1731 1778 -1 1835 1716 519 -1 1716 427 519 -1 1736 1784 1804 -1 1737 1736 1820 -1 1743 1737 1790 -1 1818 1776 1819 -1 1818 1779 1776 -1 1819 1776 1777 -1 1780 1745 1782 -1 1759 1813 1758 -1 1813 1761 1758 -1 1761 1814 1785 -1 1750 1785 1789 -1 1751 1750 1789 -1 1693 1764 1836 -1 1694 1695 1612 -1 1695 1837 1696 -1 1614 1696 1837 -1 1614 1830 1615 -1 1685 1615 1830 -1 1827 1766 1826 -1 1826 1766 1757 -1 1829 1686 1797 -1 1755 1686 1829 -1 1710 1774 1838 -1 1786 1839 1798 -1 1771 1811 1768 -1 1838 1774 1840 -1 1774 1799 1841 -1 1832 1831 1842 -1 1833 1832 1842 -1 1842 1843 1833 -1 1833 1843 1800 -1 1801 1844 1771 -1 1845 1771 1844 -1 1771 1845 1811 -1 1846 1688 1847 -1 1688 1689 1847 -1 1689 1810 1847 -1 1848 1849 1850 -1 1808 1849 1805 -1 1851 1802 1817 -1 1849 1806 1805 -1 1809 1852 1808 -1 1820 1804 1803 -1 1847 1810 1838 -1 1853 1854 1855 -1 1855 1803 1853 -1 1855 1820 1803 -1 1810 1710 1838 -1 1855 1856 1857 -1 1811 1851 1778 -1 1768 1811 1775 -1 1851 1817 1778 -1 1783 1778 1817 -1 1812 1858 1816 -1 1820 1855 1821 -1 1857 1821 1855 -1 1857 1859 1822 -1 1822 1821 1857 -1 1860 1861 1859 -1 1822 1859 1861 -1 1822 1861 1862 -1 1823 1822 1862 -1 1814 1812 1816 -1 1824 1823 1862 -1 1863 1824 1862 -1 1825 1824 1863 -1 1863 1864 1825 -1 1826 1825 1864 -1 1865 1841 1839 -1 1839 1841 1798 -1 1798 1841 1799 -1 1839 1815 1816 -1 1815 1839 1786 -1 1809 1819 1866 -1 1867 1868 1781 -1 1781 1780 1867 -1 1733 1827 1869 -1 1702 1733 1869 -1 1828 1793 1870 -1 1794 1767 1828 -1 1796 1797 1680 -1 1681 1746 1871 -1 1774 1841 1840 -1 1872 1841 1865 -1 1831 1830 1873 -1 1873 1874 1831 -1 1842 1831 1874 -1 1869 1827 1875 -1 1874 1876 1842 -1 1876 1843 1842 -1 1877 1846 1847 -1 1794 1828 1878 -1 1877 1847 1879 -1 1795 1794 1878 -1 1880 1881 1882 -1 1883 1843 1876 -1 1876 1882 1881 -1 1881 1883 1876 -1 1884 1850 1885 -1 1884 1848 1850 -1 1852 1886 1808 -1 1880 1887 1888 -1 1889 1890 1891 -1 1892 1891 1893 -1 1891 1890 1893 -1 1894 1853 1888 -1 1894 1895 1896 -1 1897 1898 1899 -1 1894 1896 1854 -1 1847 1838 1879 -1 1879 1838 1900 -1 1896 1860 1901 -1 1898 1872 1899 -1 1899 1872 1865 -1 1840 1872 1900 -1 1900 1838 1840 -1 1901 1860 1859 -1 1872 1840 1841 -1 1861 1860 1902 -1 1902 1903 1861 -1 1862 1861 1903 -1 1903 1863 1862 -1 1852 1809 1866 -1 1864 1863 1904 -1 1826 1875 1827 -1 1746 1829 1905 -1 1905 1871 1746 -1 1756 1681 1871 -1 945 1756 1906 -1 1906 1041 945 -1 1772 1834 1907 -1 1883 1800 1843 -1 1844 1801 1883 -1 1883 1801 1800 -1 1883 1881 1845 -1 1845 1881 1908 -1 1908 1881 1880 -1 1845 1844 1883 -1 1845 1908 1851 -1 1851 1811 1845 -1 1908 1880 1909 -1 1909 1880 1888 -1 1909 1888 1853 -1 1908 1909 1802 -1 1853 1802 1909 -1 1894 1854 1853 -1 1849 1848 1892 -1 1808 1886 1850 -1 1850 1886 1885 -1 1901 1854 1896 -1 1850 1849 1808 -1 1854 1901 1856 -1 1892 1848 1891 -1 1802 1851 1908 -1 1853 1803 1802 -1 1892 1893 1806 -1 1856 1855 1854 -1 1890 1897 1893 -1 1893 1897 1858 -1 1858 1897 1899 -1 1806 1849 1892 -1 1856 1901 1859 -1 1806 1893 1812 -1 1856 1859 1857 -1 1893 1858 1812 -1 1865 1858 1899 -1 1816 1865 1839 -1 1858 1865 1816 -1 1866 1819 1910 -1 1910 1819 1868 -1 1777 1868 1819 -1 1777 1781 1868 -1 1780 1782 1867 -1 1867 1782 1911 -1 1911 1782 1772 -1 1764 1763 1912 -1 1912 1836 1764 -1 1693 1836 1913 -1 1765 1693 1913 -1 1765 1914 1694 -1 1695 1694 1914 -1 1914 1915 1695 -1 1916 1695 1915 -1 1837 1695 1916 -1 1837 1916 1614 -1 1916 1917 1614 -1 1614 1917 1830 -1 1917 1873 1830 -1 1918 1917 1916 -1 1919 1920 1873 -1 1874 1873 1920 -1 1921 1882 1920 -1 1882 1874 1920 -1 1882 1876 1874 -1 1922 1877 1923 -1 1877 1922 1846 -1 1924 1925 1887 -1 1923 1877 1879 -1 1879 1926 1923 -1 1925 1927 1887 -1 1924 1887 1880 -1 1928 1887 1927 -1 1929 1884 1885 -1 1930 1852 1866 -1 1928 1931 1895 -1 1889 1932 1890 -1 1932 1933 1897 -1 1890 1932 1897 -1 1933 1926 1934 -1 1934 1898 1933 -1 1869 1793 1702 -1 1928 1894 1888 -1 1934 1926 1900 -1 1926 1879 1900 -1 1828 1870 1935 -1 1935 1936 1828 -1 1872 1934 1900 -1 1868 1867 1937 -1 1878 1828 1936 -1 1895 1931 1938 -1 1939 1895 1938 -1 1939 1896 1895 -1 1796 1940 1797 -1 1939 1860 1896 -1 1860 1939 1941 -1 1941 1902 1860 -1 1864 1904 1875 -1 1826 1864 1875 -1 1942 1938 1931 -1 1913 1836 1943 -1 1915 1914 1944 -1 1918 1919 1917 -1 1873 1917 1919 -1 1945 1946 1947 -1 1947 1920 1919 -1 1947 1946 1921 -1 1948 1946 1945 -1 1946 1948 1924 -1 1948 1949 1925 -1 1950 1925 1949 -1 1948 1925 1924 -1 1927 1925 1950 -1 1951 1952 1953 -1 1951 1953 1942 -1 1920 1947 1921 -1 1946 1924 1921 -1 1927 1951 1928 -1 1931 1928 1951 -1 1951 1942 1931 -1 1942 1954 1938 -1 1955 1938 1954 -1 1939 1938 1955 -1 1955 1941 1939 -1 1902 1941 1956 -1 1956 1903 1902 -1 1957 1929 1958 -1 1929 1885 1958 -1 1869 1870 1793 -1 1867 1911 1937 -1 1795 1959 1796 -1 1912 1763 1960 -1 1912 1960 1961 -1 1912 1961 1836 -1 1836 1961 1962 -1 1836 1962 1943 -1 1913 1943 1963 -1 1913 1963 1765 -1 1765 1963 1914 -1 1964 1915 1944 -1 1916 1915 1964 -1 1964 1918 1916 -1 1921 1880 1882 -1 1921 1924 1880 -1 1796 1959 1940 -1 1829 1797 1940 -1 1905 1829 1940 -1 1965 1871 1905 -1 1965 1966 1906 -1 1871 1906 1756 -1 1965 1906 1871 -1 1966 1179 1906 -1 1906 1179 1041 -1 1887 1928 1888 -1 1928 1895 1894 -1 1885 1886 1958 -1 1852 1930 1886 -1 1886 1930 1958 -1 1897 1933 1898 -1 1872 1898 1934 -1 1866 1910 1967 -1 1868 1967 1910 -1 1911 1772 1907 -1 701 1835 519 -1 1942 1968 1954 -1 1961 1969 1962 -1 1969 1970 1962 -1 1943 1962 1970 -1 1963 1943 1970 -1 1970 1971 1963 -1 1963 1944 1914 -1 1971 1944 1963 -1 1971 1972 1973 -1 1919 1918 1974 -1 1945 1919 1974 -1 1919 1945 1947 -1 1952 1975 1976 -1 1953 1952 1976 -1 1942 1953 1968 -1 1955 1977 1941 -1 1956 1941 1977 -1 1903 1956 1977 -1 1977 1978 1903 -1 1863 1903 1978 -1 1904 1863 1979 -1 1869 1875 1980 -1 1980 1981 1869 -1 1981 1870 1869 -1 1936 1982 1878 -1 1795 1878 1983 -1 1961 1960 1984 -1 1984 1969 1961 -1 1970 1969 1985 -1 1985 1986 1970 -1 1986 1971 1970 -1 1987 1988 1989 -1 1990 1971 1986 -1 1988 1987 1197 -1 1988 1196 1991 -1 1196 1988 1197 -1 1971 1990 1972 -1 1990 1992 1972 -1 1972 1992 1993 -1 1994 1995 1992 -1 1994 1996 1997 -1 1995 1994 1997 -1 1997 1996 1998 -1 1983 1878 1982 -1 1992 1995 1993 -1 1206 1966 1999 -1 1179 1966 1206 -1 1998 2000 1975 -1 1975 1952 1998 -1 1976 1975 2001 -1 2002 1976 2001 -1 1953 1976 2002 -1 1953 2002 1968 -1 1955 1954 2003 -1 2004 1955 2003 -1 1977 1955 2004 -1 1978 1977 2005 -1 1978 1979 1863 -1 2006 1980 1875 -1 1905 2007 1965 -1 2007 2008 1965 -1 2008 1966 1965 -1 1983 1959 1795 -1 1971 1973 1944 -1 1999 1966 2008 -1 1944 1973 1964 -1 1918 1964 1973 -1 1959 2009 1940 -1 1973 1972 1974 -1 1974 1918 1973 -1 1940 2009 2010 -1 2010 1905 1940 -1 1972 1993 1974 -1 2007 1905 2010 -1 1993 1945 1974 -1 1948 1945 1993 -1 2011 1994 1992 -1 1949 1993 1995 -1 1995 1997 1950 -1 1950 1949 1995 -1 2012 1950 1997 -1 1997 1998 2012 -1 1998 1952 2012 -1 1948 1993 1949 -1 2012 1952 1951 -1 1950 2012 1927 -1 1951 1927 2012 -1 1957 1958 2013 -1 1930 2013 1958 -1 1930 1866 2014 -1 1866 1967 2014 -1 1967 1868 1937 -1 1904 1979 1875 -1 1979 2006 1875 -1 2015 1987 1989 -1 2015 2016 1216 -1 2002 2001 2017 -1 2018 2007 2010 -1 1968 2002 2017 -1 2017 2019 1968 -1 1968 2019 1954 -1 2019 2003 1954 -1 2008 2007 2020 -1 2020 2021 2008 -1 1999 2008 2021 -1 2021 2022 1999 -1 2022 1206 1999 -1 1218 1206 2022 -1 2023 2024 1984 -1 1969 1984 2024 -1 2024 1985 1969 -1 2024 2025 1985 -1 2025 1986 1985 -1 1986 2025 2026 -1 2025 2027 2026 -1 1986 2026 1990 -1 1990 2026 1992 -1 2011 1992 2026 -1 2015 1989 2028 -1 1991 2029 1988 -1 1988 2029 1989 -1 1212 1991 1196 -1 1223 2030 1227 -1 1987 2015 1216 -1 1197 1987 1216 -1 2031 2001 1975 -1 1975 2000 2031 -1 1870 1981 2032 -1 2032 1935 1870 -1 2033 1223 1225 -1 2015 2034 2016 -1 2029 2028 1989 -1 2017 2001 2035 -1 2035 2036 2017 -1 2037 1223 2033 -1 2007 2018 2038 -1 2036 2019 2017 -1 2039 2040 2034 -1 2033 1225 2041 -1 2028 2039 2034 -1 2042 2039 2028 -1 2041 1225 1228 -1 2043 2028 2029 -1 2043 2042 2028 -1 2028 2034 2015 -1 2034 2040 2016 -1 2037 2030 1223 -1 1227 2030 2044 -1 2044 1234 1227 -1 2020 2007 2038 -1 2045 2020 2046 -1 2021 2020 2045 -1 2047 1991 2048 -1 2021 2045 2049 -1 2050 2024 2023 -1 2022 2021 2049 -1 2049 2051 2052 -1 1232 2022 2049 -1 2050 2053 2027 -1 2049 2052 1232 -1 2048 1991 1212 -1 2048 2052 2051 -1 2050 2025 2024 -1 2027 2025 2050 -1 2052 2048 1233 -1 2022 1232 1218 -1 1232 2052 1233 -1 1233 2048 1238 -1 1238 2048 1212 -1 1936 1935 2054 -1 1982 1936 2054 -1 2047 2029 1991 -1 1216 2016 2055 -1 2055 1235 1216 -1 2001 2031 2056 -1 2056 2035 2001 -1 2013 2057 1957 -1 2013 1930 2058 -1 2004 2003 2059 -1 2014 2058 1930 -1 1977 2004 2005 -1 2005 2060 1978 -1 1978 2060 1979 -1 1979 2060 2061 -1 2006 1979 2061 -1 1983 2062 1959 -1 1959 2062 2009 -1 2063 2009 2062 -1 2063 2018 2009 -1 2009 2018 2010 -1 2039 2042 2040 -1 2048 2051 2064 -1 2065 1234 2044 -1 2063 2062 2066 -1 2066 2067 2063 -1 2018 2063 2067 -1 2067 2038 2018 -1 2035 2056 2068 -1 2069 2070 2071 -1 2043 2047 2070 -1 2003 2019 2072 -1 2059 2003 2072 -1 2043 2073 2042 -1 2073 2074 2040 -1 2016 2040 2074 -1 2047 2043 2029 -1 2020 2038 2075 -1 2046 2020 2075 -1 2075 2069 2046 -1 2046 2069 2071 -1 2049 2045 2051 -1 2016 2076 2055 -1 2077 2078 2079 -1 2077 2080 2044 -1 2065 2044 2080 -1 2044 2078 2077 -1 1237 2055 2076 -1 2037 2078 2030 -1 2081 2041 2082 -1 2041 2037 2033 -1 2082 2041 1228 -1 1981 1980 2083 -1 2032 1981 2083 -1 1935 2032 2084 -1 1983 1982 2085 -1 2062 1983 2085 -1 2086 2087 2066 -1 2087 2067 2066 -1 2067 2087 2088 -1 2089 2067 2088 -1 2089 2090 2069 -1 2091 2072 2019 -1 2070 2069 2090 -1 2060 2092 2061 -1 2038 2067 2089 -1 2089 2069 2075 -1 2075 2038 2089 -1 1980 2006 2093 -1 2093 2083 1980 -1 2047 2071 2070 -1 2094 2095 2096 -1 2094 2043 2097 -1 2094 2096 2073 -1 2043 2094 2073 -1 2096 2074 2073 -1 2098 2086 2085 -1 2062 2085 2086 -1 2066 2062 2086 -1 2096 2099 2074 -1 2076 2016 2074 -1 2079 2078 2037 -1 2100 2079 2037 -1 2076 2101 1237 -1 2082 1237 2101 -1 2081 2082 2101 -1 2100 2037 2041 -1 2081 2100 2041 -1 2102 2103 2104 -1 2102 2104 2077 -1 2077 2104 2080 -1 2079 2102 2077 -1 2080 2104 2105 -1 2080 2105 2065 -1 1935 2084 2054 -1 2013 2058 2057 -1 2057 2058 2106 -1 2054 2084 2098 -1 2055 1237 1235 -1 2054 2098 1982 -1 2059 2107 2004 -1 2082 1228 1237 -1 2085 1982 2098 -1 2107 2005 2004 -1 2076 2074 2108 -1 2040 2042 2073 -1 2030 2078 2044 -1 2051 2045 2071 -1 2071 2045 2046 -1 2051 2071 2064 -1 2071 2047 2064 -1 2047 2048 2064 -1 2091 2035 2068 -1 2036 2035 2091 -1 2036 2091 2019 -1 2109 2104 2103 -1 2110 2093 2006 -1 2111 2100 2112 -1 2079 2100 2113 -1 2114 2097 2043 -1 2070 2114 2043 -1 2115 2116 2114 -1 2074 2099 2108 -1 2117 2115 2090 -1 2115 2114 2090 -1 2108 2112 2101 -1 2081 2101 2112 -1 2088 2117 2089 -1 2089 2117 2090 -1 2118 2119 2103 -1 2070 2090 2114 -1 2120 2118 2102 -1 2102 2118 2103 -1 2120 2102 2079 -1 2121 2122 2123 -1 2123 2124 2121 -1 2104 2109 2105 -1 2124 2123 2095 -1 2124 2097 2125 -1 2095 2094 2124 -1 2097 2124 2094 -1 2095 2123 2099 -1 2095 2099 2096 -1 2097 2114 2116 -1 2084 2032 2126 -1 2127 2084 2126 -1 2127 2128 2084 -1 2084 2128 2098 -1 2128 2129 2098 -1 2086 2098 2129 -1 2129 2087 2086 -1 2099 2130 2108 -1 2112 2108 2130 -1 2006 2061 2110 -1 2088 2131 2117 -1 2117 2131 2115 -1 2115 2132 2116 -1 2124 2125 2121 -1 2118 2120 2133 -1 2118 2134 2119 -1 2133 2134 2118 -1 2059 2135 2107 -1 2032 2083 2136 -1 2126 2032 2136 -1 2092 2060 2005 -1 2061 2092 2137 -1 2128 2127 2138 -1 2137 2110 2061 -1 2138 2139 2128 -1 2128 2139 2129 -1 2140 2141 2139 -1 2129 2139 2141 -1 2142 2141 2140 -1 2141 2088 2129 -1 2141 2142 2131 -1 2131 2088 2141 -1 2142 2132 2131 -1 2131 2132 2115 -1 2143 2132 2142 -1 2097 2116 2125 -1 2144 2123 2122 -1 2116 2132 2143 -1 2123 2144 2099 -1 2143 2125 2116 -1 2087 2129 2088 -1 2145 2099 2144 -1 2130 2099 2145 -1 2146 2147 2148 -1 2148 2111 2149 -1 2148 2147 2111 -1 2147 2113 2111 -1 2120 2079 2113 -1 2149 2112 2130 -1 2149 2111 2112 -1 2111 2113 2100 -1 2150 2151 2125 -1 2125 2151 2121 -1 2122 2151 2152 -1 2121 2151 2122 -1 2144 2122 2152 -1 2153 2130 2145 -1 2153 2146 2148 -1 2130 2153 2149 -1 2153 2148 2149 -1 2091 2068 2154 -1 2154 2155 2091 -1 2091 2155 2072 -1 2101 2076 2108 -1 2112 2100 2081 -1 2156 2145 2144 -1 2157 2145 2156 -1 2157 2156 2158 -1 2146 2157 2158 -1 2158 2159 2146 -1 2146 2159 2147 -1 2134 2133 2160 -1 2068 2161 2154 -1 2136 2083 2162 -1 2159 2133 2113 -1 2072 2135 2059 -1 2147 2159 2113 -1 2126 2136 2163 -1 2163 2164 2126 -1 2165 2005 2107 -1 2126 2164 2127 -1 2164 2138 2127 -1 2166 2167 2168 -1 2093 2162 2083 -1 2166 2169 2170 -1 2169 2150 2170 -1 2138 2167 2171 -1 2171 2139 2138 -1 2171 2140 2139 -1 2140 2171 2172 -1 2172 2142 2140 -1 2167 2166 2171 -1 2171 2166 2172 -1 2166 2170 2172 -1 2142 2172 2143 -1 2143 2172 2170 -1 2173 2174 2175 -1 2176 2174 2150 -1 2150 2174 2151 -1 2152 2151 2174 -1 2177 2178 2152 -1 2177 2152 2174 -1 2152 2178 2144 -1 2179 2133 2159 -1 2136 2162 2163 -1 2164 2163 2180 -1 2138 2164 2180 -1 2138 2181 2167 -1 2135 2072 2182 -1 2168 2183 2166 -1 2183 2169 2166 -1 2184 2175 2185 -1 2137 2186 2110 -1 2093 2110 2186 -1 2187 2093 2186 -1 2162 2093 2187 -1 2173 2188 2189 -1 2190 2188 2184 -1 2176 2185 2174 -1 2174 2185 2175 -1 2189 2191 2177 -1 2174 2173 2177 -1 2150 2169 2176 -1 2192 2176 2169 -1 2184 2188 2175 -1 2156 2144 2178 -1 2150 2125 2170 -1 2193 2156 2178 -1 2194 2158 2193 -1 2193 2158 2156 -1 2179 2159 2194 -1 2158 2194 2159 -1 2179 2160 2133 -1 2113 2133 2120 -1 2180 2195 2181 -1 2168 2181 2195 -1 2195 2183 2168 -1 2180 2181 2138 -1 2168 2167 2181 -1 2183 2192 2169 -1 2196 2155 2154 -1 2143 2170 2125 -1 2188 2173 2175 -1 2153 2145 2157 -1 2146 2153 2157 -1 2176 2192 2197 -1 2177 2173 2189 -1 2191 2178 2177 -1 2198 2199 2190 -1 2199 2200 2190 -1 2190 2200 2201 -1 2107 2135 2165 -1 2092 2005 2165 -1 2202 2203 2204 -1 2205 2206 2092 -1 2137 2092 2206 -1 2207 2208 2203 -1 2186 2137 2206 -1 2206 2209 2186 -1 2209 2210 2186 -1 2186 2210 2187 -1 2202 2211 2191 -1 2210 2212 2187 -1 2187 2212 2162 -1 2202 2204 2211 -1 2211 2204 2179 -1 2213 2198 2190 -1 2204 2203 2208 -1 2213 2190 2184 -1 2213 2185 2214 -1 2213 2184 2185 -1 2201 2188 2190 -1 2212 2163 2162 -1 2212 2215 2163 -1 2188 2201 2189 -1 2216 2215 2217 -1 2197 2217 2218 -1 2218 2219 2197 -1 2197 2219 2176 -1 2180 2163 2215 -1 2216 2180 2215 -1 2195 2180 2216 -1 2217 2195 2216 -1 2182 2072 2155 -1 2219 2185 2176 -1 2202 2191 2189 -1 2210 2220 2212 -1 2220 2215 2212 -1 2221 2203 2222 -1 2092 2165 2223 -1 2205 2092 2223 -1 2205 2224 2206 -1 2224 2225 2206 -1 2221 2226 2203 -1 2225 2209 2206 -1 2209 2225 2227 -1 2203 2226 2207 -1 2210 2209 2227 -1 2228 2210 2227 -1 2228 2229 2220 -1 2210 2228 2220 -1 2218 2217 2215 -1 2220 2229 2218 -1 2220 2218 2215 -1 2219 2218 2229 -1 2229 2214 2219 -1 2199 2230 2231 -1 2199 2198 2230 -1 2231 2200 2199 -1 2213 2232 2198 -1 2233 2201 2200 -1 2234 2201 2233 -1 2214 2232 2213 -1 2219 2214 2185 -1 2161 2235 2154 -1 2155 2196 2182 -1 2214 2236 2232 -1 2189 2201 2234 -1 2237 2234 2238 -1 2237 2189 2234 -1 2238 2222 2237 -1 2222 2239 2221 -1 2195 2217 2183 -1 2217 2197 2183 -1 2192 2183 2197 -1 2202 2189 2237 -1 2237 2222 2202 -1 2202 2222 2203 -1 2191 2211 2193 -1 2193 2178 2191 -1 2240 2229 2228 -1 2214 2229 2240 -1 2179 2204 2160 -1 2208 2160 2204 -1 2193 2211 2194 -1 2211 2179 2194 -1 2154 2235 2196 -1 2241 2242 2230 -1 2165 2135 2243 -1 2242 2244 2230 -1 2231 2230 2244 -1 2241 2230 2232 -1 2223 2165 2243 -1 2243 2245 2223 -1 2205 2223 2246 -1 2244 2247 2231 -1 2205 2246 2224 -1 2224 2246 2248 -1 2225 2224 2248 -1 2227 2225 2248 -1 2249 2227 2248 -1 2241 2232 2250 -1 2249 2251 2240 -1 2249 2240 2228 -1 2249 2228 2227 -1 2198 2232 2230 -1 2231 2252 2200 -1 2253 2200 2252 -1 2240 2251 2236 -1 2250 2236 2251 -1 2200 2253 2233 -1 2250 2232 2236 -1 2234 2233 2238 -1 2238 2233 2239 -1 2239 2254 2221 -1 2255 2256 2254 -1 2254 2256 2226 -1 2254 2226 2221 -1 2238 2239 2222 -1 2182 2257 2135 -1 2243 2135 2257 -1 2223 2245 2246 -1 2246 2245 2258 -1 2258 2248 2246 -1 2258 2259 2248 -1 2251 2259 2260 -1 2259 2249 2248 -1 2261 2262 2263 -1 2264 2241 2265 -1 2264 2242 2241 -1 2264 2261 2242 -1 2266 2252 2247 -1 2261 2263 2247 -1 2263 2266 2247 -1 2231 2247 2252 -1 2252 2266 2267 -1 2267 2268 2255 -1 2252 2267 2253 -1 2267 2269 2253 -1 2269 2233 2253 -1 2255 2269 2267 -1 2269 2255 2270 -1 2270 2233 2269 -1 2270 2255 2254 -1 2270 2254 2233 -1 2233 2254 2239 -1 2250 2251 2265 -1 2250 2265 2241 -1 2251 2249 2259 -1 2236 2214 2240 -1 2242 2261 2247 -1 2244 2242 2247 -1 2271 2272 2262 -1 2272 2273 2262 -1 2271 2262 2261 -1 2264 2271 2261 -1 2196 2235 2274 -1 2263 2262 2273 -1 2196 2275 2182 -1 2275 2257 2182 -1 2266 2263 2276 -1 2277 2257 2275 -1 2278 2257 2277 -1 2243 2257 2278 -1 2264 2279 2271 -1 2278 2280 2243 -1 2245 2243 2280 -1 2265 2279 2264 -1 2280 2258 2245 -1 2258 2280 2281 -1 2280 2282 2260 -1 2260 2281 2280 -1 2282 2283 2260 -1 2276 2284 2266 -1 2266 2284 2267 -1 2265 2283 2279 -1 2260 2283 2265 -1 2268 2284 2276 -1 2281 2259 2258 -1 2260 2259 2281 -1 2260 2265 2251 -1 2285 2286 2287 -1 2287 2268 2285 -1 2268 2267 2284 -1 2288 2289 2290 -1 2273 2272 2289 -1 2288 2273 2289 -1 2287 2255 2268 -1 2288 2291 2273 -1 2292 2291 2293 -1 2275 2196 2274 -1 2274 2294 2275 -1 2294 2277 2275 -1 2278 2277 2295 -1 2296 2297 2298 -1 2278 2295 2296 -1 2299 2272 2271 -1 2280 2278 2296 -1 2299 2271 2279 -1 2296 2282 2280 -1 2273 2291 2276 -1 2276 2263 2273 -1 2291 2292 2276 -1 2289 2300 2301 -1 2290 2289 2301 -1 2285 2268 2276 -1 2300 2289 2272 -1 2288 2293 2291 -1 2285 2276 2302 -1 2302 2276 2292 -1 2296 2298 2282 -1 2297 2299 2298 -1 2279 2298 2299 -1 2282 2298 2283 -1 2279 2283 2298 -1 2303 2294 2274 -1 2294 2303 2304 -1 2277 2294 2304 -1 2295 2277 2304 -1 2295 2297 2296 -1 2297 2305 2299 -1 2306 2303 2274 -1 2305 2300 2272 -1 2299 2305 2272 -1 2303 2307 2304 -1 2305 2308 2300 -1 2309 2308 2305 -1 2304 2307 2310 -1 2311 2310 2307 -1 2310 2312 2304 -1 2304 2312 2295 -1 2312 2310 2313 -1 2309 2313 2310 -1 2312 2313 2297 -1 2313 2309 2305 -1 2313 2305 2297 -1 2297 2295 2312 -1 2314 2315 2316 -1 2317 2318 2319 -1 2320 2318 2317 -1 2321 2322 2323 -1 2322 2324 2323 -1 2322 2325 2324 -1 2326 2324 2325 -1 2327 2317 2319 -1 2328 2317 2327 -1 2329 2330 2321 -1 2321 2330 2322 -1 2325 2322 2330 -1 2329 2321 2323 -1 2323 2331 2329 -1 2325 2332 2326 -1 2332 2333 2326 -1 2333 2334 2335 -1 2336 2337 2338 -1 275 2339 2340 -1 2316 2315 2341 -1 2316 2341 2342 -1 2320 2343 2344 -1 2343 2314 2316 -1 2344 2345 2318 -1 2318 2345 2319 -1 2345 2346 2319 -1 2344 2318 2320 -1 2327 2347 2328 -1 2339 275 258 -1 2337 2336 2348 -1 2348 2336 2349 -1 2344 2316 2342 -1 2350 2342 2338 -1 2350 2337 2351 -1 2338 2337 2350 -1 2337 2348 2351 -1 2346 2351 2348 -1 2350 2351 2345 -1 2350 2344 2342 -1 2345 2344 2350 -1 2346 2345 2351 -1 2319 2346 2352 -1 2316 2344 2343 -1 2352 2327 2319 -1 2347 2327 2353 -1 2347 2353 2354 -1 2331 2328 2347 -1 2347 2354 2331 -1 2354 2329 2331 -1 2334 2333 2332 -1 2334 2355 2335 -1 2355 2356 2335 -1 2357 2356 2358 -1 2335 2356 2357 -1 2359 2357 2358 -1 2338 2360 2336 -1 2361 2354 2362 -1 2353 2362 2354 -1 2354 2363 2329 -1 2364 2363 2365 -1 2363 2354 2361 -1 2366 2364 2367 -1 2363 2364 2368 -1 2369 2368 2364 -1 2367 2370 2366 -1 2366 2369 2364 -1 2370 2371 2372 -1 2330 2329 2363 -1 2368 2330 2363 -1 2370 2334 2366 -1 2373 2349 2374 -1 2370 2355 2334 -1 2375 2374 2349 -1 2349 2336 2375 -1 2376 2372 2371 -1 2355 2370 2372 -1 2349 2377 2348 -1 2358 2355 2372 -1 2376 2378 2358 -1 2379 2348 2377 -1 2378 2380 2381 -1 2360 2382 2383 -1 2380 2384 2381 -1 2385 2381 2384 -1 2386 2381 2385 -1 2376 2358 2372 -1 2387 2375 2383 -1 2358 2378 2388 -1 2360 2383 2336 -1 2383 2375 2336 -1 2378 2381 2388 -1 2388 2381 2389 -1 2360 2341 2382 -1 2381 2386 2389 -1 2389 2340 2339 -1 2340 2389 2386 -1 2390 2391 2386 -1 2386 2391 2340 -1 2342 2341 2360 -1 272 2340 2391 -1 2360 2338 2342 -1 272 275 2340 -1 2392 2348 2379 -1 2393 2392 2379 -1 2348 2392 2394 -1 2394 2392 2395 -1 2394 2352 2346 -1 2348 2394 2346 -1 2353 2352 2394 -1 2395 2396 2353 -1 2394 2395 2353 -1 2396 2362 2353 -1 2397 2398 2399 -1 2398 2397 2365 -1 2397 2400 2365 -1 2400 2397 2401 -1 2402 2367 2400 -1 2402 2403 2404 -1 2402 2404 2367 -1 2404 2405 2371 -1 2367 2365 2400 -1 2406 2407 2387 -1 2364 2365 2367 -1 2373 2374 2407 -1 2408 2387 2383 -1 2367 2404 2370 -1 2371 2370 2404 -1 2387 2407 2375 -1 2375 2407 2374 -1 2409 2410 2411 -1 2412 2371 2405 -1 2409 2411 2413 -1 2412 2414 2415 -1 2414 2416 2415 -1 2409 2413 2377 -1 2417 2415 2416 -1 2418 2377 2413 -1 2379 2377 2418 -1 2419 2393 2379 -1 2412 2415 2376 -1 2371 2412 2376 -1 2415 2417 2378 -1 2408 2383 2382 -1 2420 334 2421 -1 2421 334 336 -1 2395 2392 2393 -1 2349 2373 2377 -1 2409 2377 2373 -1 2395 2393 2396 -1 2422 2393 2423 -1 2423 2424 2422 -1 2393 2422 2396 -1 2396 2422 2362 -1 2327 2352 2353 -1 2424 2425 2426 -1 2422 2424 2427 -1 2427 2362 2422 -1 2424 2426 2427 -1 2361 2362 2427 -1 2426 2361 2427 -1 2426 2398 2363 -1 2398 2365 2363 -1 2363 2361 2426 -1 2330 2368 2325 -1 2369 2366 2334 -1 2325 2369 2332 -1 2368 2369 2325 -1 2334 2332 2369 -1 2378 2376 2415 -1 2380 2378 2417 -1 2417 2384 2380 -1 2417 2428 2384 -1 2429 2428 2420 -1 2428 2385 2384 -1 2385 2429 2430 -1 2428 2429 2385 -1 2386 2385 2430 -1 2430 2390 2386 -1 2420 2421 2429 -1 2429 2421 2430 -1 2430 2421 2390 -1 2421 336 2391 -1 2391 2390 2421 -1 2358 2356 2355 -1 2388 2359 2358 -1 2389 2359 2388 -1 336 272 2391 -1 2418 2431 2419 -1 2410 2432 2433 -1 2414 2405 2434 -1 2435 2436 2437 -1 2437 2438 2435 -1 2405 2414 2412 -1 2439 2407 2406 -1 2414 2440 2416 -1 2441 2439 2442 -1 2440 2443 2416 -1 2441 2407 2439 -1 2442 2432 2441 -1 2416 2444 2417 -1 2441 2432 2409 -1 2432 2410 2409 -1 2420 2417 2444 -1 2444 364 2420 -1 2373 2441 2409 -1 2417 2420 2428 -1 2407 2441 2373 -1 2411 2410 2435 -1 2420 364 334 -1 2413 2411 2445 -1 2413 2445 2418 -1 2438 2411 2435 -1 2445 2411 2438 -1 2445 2438 2446 -1 2445 2446 2425 -1 2418 2445 2431 -1 2379 2418 2419 -1 2419 2431 2423 -1 2431 2447 2423 -1 2393 2419 2423 -1 2423 2447 2424 -1 2425 2424 2447 -1 2448 2426 2425 -1 2449 2426 2448 -1 2450 2451 2449 -1 2449 2451 2399 -1 2401 2399 2451 -1 2403 2401 2452 -1 2452 2434 2403 -1 2434 2405 2403 -1 2449 2398 2426 -1 2449 2399 2398 -1 2399 2401 2397 -1 2401 2403 2402 -1 2400 2401 2402 -1 2404 2403 2405 -1 2434 2453 2440 -1 2434 2440 2414 -1 2440 2453 2443 -1 2444 2416 2443 -1 2433 2454 2410 -1 2454 2435 2410 -1 2433 2455 2456 -1 2433 2432 2455 -1 2454 2433 2456 -1 2457 2458 2459 -1 2460 2435 2454 -1 2435 2460 2458 -1 2458 2436 2435 -1 2461 2437 2436 -1 2438 2437 2461 -1 2461 2446 2438 -1 2425 2431 2445 -1 2431 2425 2447 -1 2461 2436 2457 -1 2461 2462 2463 -1 2463 2446 2461 -1 2463 2425 2446 -1 2464 2465 2466 -1 2465 2467 2466 -1 2468 2469 2467 -1 2470 2469 2468 -1 2471 2470 2472 -1 2473 2471 2474 -1 2475 2476 2477 -1 2442 2439 2478 -1 2463 2464 2448 -1 2448 2464 2450 -1 2450 2466 2451 -1 2464 2466 2450 -1 2425 2463 2448 -1 2449 2448 2450 -1 2466 2467 2469 -1 2466 2469 2479 -1 2480 2479 2469 -1 2480 2469 2470 -1 2471 2481 2470 -1 2470 2481 2482 -1 2482 2480 2470 -1 2479 2451 2466 -1 2479 2480 2452 -1 2401 2451 2479 -1 2401 2479 2452 -1 2482 2452 2480 -1 2434 2452 2482 -1 2453 2434 2482 -1 2473 2481 2471 -1 2481 2473 2483 -1 2481 2483 2482 -1 2473 2476 2484 -1 2483 2473 2484 -1 2485 2486 2478 -1 2482 2483 2453 -1 2486 2455 2442 -1 2478 2486 2442 -1 2483 2484 2453 -1 2453 2484 2443 -1 2455 2432 2442 -1 2475 2487 2476 -1 2476 2487 2484 -1 2484 2487 2488 -1 2487 2475 415 -1 414 2488 2487 -1 2487 415 414 -1 2457 2436 2458 -1 2484 2488 2443 -1 2489 2443 2488 -1 2490 2488 414 -1 2490 2489 2488 -1 2443 2489 2444 -1 2490 364 2489 -1 2489 364 2444 -1 414 428 2490 -1 2490 428 365 -1 365 364 2490 -1 2457 2491 2461 -1 2462 2461 2491 -1 2462 2465 2463 -1 2465 2492 2467 -1 2468 2467 2493 -1 2468 2494 2472 -1 2494 2495 2496 -1 2494 2496 2472 -1 2468 2472 2470 -1 2472 2496 2471 -1 2463 2465 2464 -1 2496 2474 2471 -1 2485 2497 2486 -1 2497 2498 2486 -1 2474 2499 2476 -1 2486 2498 2455 -1 2498 2500 2501 -1 2476 2473 2474 -1 2477 2476 2499 -1 2456 2498 2501 -1 2456 2455 2498 -1 2477 2502 2475 -1 415 2475 2502 -1 2502 452 415 -1 2459 2460 2503 -1 2459 2504 2457 -1 2460 2459 2458 -1 2454 2503 2460 -1 2456 2505 2454 -1 2491 2457 2504 -1 2506 2507 2508 -1 2509 2465 2462 -1 2506 2508 2509 -1 2510 2508 2507 -1 2507 2511 2510 -1 2465 2508 2510 -1 2512 2513 2514 -1 2515 2512 2514 -1 2465 2510 2492 -1 2511 2516 2492 -1 2510 2511 2492 -1 2513 2516 2514 -1 2513 2517 2516 -1 2517 2513 2518 -1 2501 2503 2505 -1 2512 2519 2520 -1 2491 2504 2509 -1 2504 2506 2509 -1 2521 2522 2519 -1 2520 2519 2522 -1 2509 2508 2465 -1 2523 2522 2521 -1 2524 2521 2525 -1 2524 2526 2521 -1 2526 2523 2521 -1 2524 502 2526 -1 2524 500 502 -1 2527 2528 2529 -1 2527 2497 2528 -1 2528 2497 2485 -1 2497 2527 2500 -1 2500 2498 2497 -1 2500 2527 2530 -1 2531 2500 2530 -1 2500 2531 2501 -1 2526 502 2532 -1 2501 2531 2533 -1 2532 502 452 -1 2503 2533 2459 -1 2533 2534 2459 -1 2534 2535 2504 -1 2504 2535 2506 -1 2534 2504 2459 -1 2456 2501 2505 -1 2503 2454 2505 -1 2462 2491 2509 -1 2492 2516 2493 -1 2492 2493 2467 -1 2516 2517 2493 -1 2493 2517 2494 -1 2518 2494 2517 -1 2494 2468 2493 -1 2494 2518 2495 -1 2513 2512 2518 -1 2536 2518 2512 -1 2512 2520 2536 -1 2518 2536 2495 -1 2536 2520 2495 -1 2496 2495 2474 -1 2520 2522 2499 -1 2499 2495 2520 -1 2495 2499 2474 -1 2522 2523 2499 -1 2523 2477 2499 -1 2532 2523 2526 -1 2523 2532 2502 -1 2502 2477 2523 -1 2502 2532 452 -1 2537 2538 2539 -1 2540 2537 2539 -1 2541 2524 2525 -1 2542 2538 2543 -1 2543 2538 2544 -1 2545 2546 2547 -1 2524 532 500 -1 2541 532 2524 -1 2527 2547 2546 -1 2546 2530 2527 -1 2548 2530 2546 -1 2529 2547 2527 -1 2503 2501 2533 -1 2534 2533 2549 -1 2542 2550 2538 -1 2538 2537 2544 -1 2551 2540 2552 -1 2543 2544 2553 -1 2554 2544 2537 -1 2555 2554 2537 -1 2553 2556 2543 -1 2554 2553 2544 -1 2553 2554 2557 -1 2555 2557 2554 -1 2537 2540 2558 -1 2555 2537 2558 -1 2555 2559 2557 -1 2535 2560 2507 -1 2535 2507 2506 -1 2507 2514 2511 -1 2511 2514 2516 -1 2519 2512 2515 -1 2519 2561 2525 -1 2519 2525 2521 -1 2561 2562 2525 -1 2541 2525 2562 -1 2563 2564 2565 -1 2566 2563 2567 -1 2567 2568 2569 -1 2568 2570 2569 -1 2564 2571 2565 -1 2545 2571 2546 -1 2564 2546 2571 -1 2564 2563 2566 -1 2566 2567 2572 -1 2572 2567 2573 -1 2569 2573 2567 -1 2550 2539 2538 -1 2574 2539 2550 -1 2552 2539 2574 -1 2574 2575 2552 -1 2552 2540 2539 -1 2552 2576 2577 -1 2552 2577 2551 -1 2578 2553 2557 -1 2579 2551 2580 -1 2581 2579 2580 -1 2557 2559 2582 -1 2583 2582 2584 -1 2582 2559 2585 -1 2585 2584 2582 -1 2583 2584 2560 -1 2584 2585 2586 -1 2584 2586 2560 -1 2559 2587 2585 -1 2587 2579 2581 -1 2585 2587 2581 -1 2588 2586 2585 -1 2589 2586 2588 -1 2589 2588 2590 -1 2589 2590 2591 -1 2592 2593 2594 -1 2591 2590 2595 -1 2596 2594 2597 -1 2594 2598 2597 -1 2561 2591 2595 -1 2561 2515 2591 -1 2595 2599 2561 -1 2600 2561 2599 -1 533 2600 2599 -1 2589 2507 2586 -1 2507 2589 2514 -1 2589 2591 2514 -1 2514 2591 2515 -1 2515 2561 2519 -1 2562 2561 2600 -1 2562 2600 617 -1 2562 617 532 -1 532 2541 2562 -1 2600 533 617 -1 2601 2569 2570 -1 2570 2556 2601 -1 2601 2556 2578 -1 2564 2548 2546 -1 2548 2564 2602 -1 2564 2566 2602 -1 2602 2530 2548 -1 2572 2602 2566 -1 2602 2531 2530 -1 2572 2531 2602 -1 2531 2572 2533 -1 2572 2573 2549 -1 2549 2533 2572 -1 2603 2569 2601 -1 2573 2569 2604 -1 2569 2603 2604 -1 2605 2603 2601 -1 2601 2578 2605 -1 2603 2605 2604 -1 2573 2604 2606 -1 2606 2549 2573 -1 2535 2549 2606 -1 2535 2534 2549 -1 2556 2553 2578 -1 2607 2540 2551 -1 2558 2540 2607 -1 2559 2555 2558 -1 2558 2607 2559 -1 2579 2607 2551 -1 2587 2559 2607 -1 2579 2587 2607 -1 2578 2557 2605 -1 2583 2604 2605 -1 2605 2557 2582 -1 2605 2582 2583 -1 2604 2583 2560 -1 2560 2606 2604 -1 2606 2560 2535 -1 2507 2560 2586 -1 2608 2609 2592 -1 2610 2593 2609 -1 2611 2612 2542 -1 2613 2614 2615 -1 2616 2615 2614 -1 2608 2592 2617 -1 2615 2616 2612 -1 2618 2612 2616 -1 2618 2616 2614 -1 2609 2593 2592 -1 2612 2618 2550 -1 2574 2550 2618 -1 2618 2575 2574 -1 2575 2619 2576 -1 2576 2552 2575 -1 2576 2619 2577 -1 2620 2594 2593 -1 2620 2621 2594 -1 2622 2565 2571 -1 2590 2597 2595 -1 2621 2598 2594 -1 2580 2551 2577 -1 2580 2623 2581 -1 2581 2623 2624 -1 2585 2581 2588 -1 2581 2624 2588 -1 2611 2615 2612 -1 2625 2626 2627 -1 2626 2628 2627 -1 2629 2613 2630 -1 2630 2613 2615 -1 2631 2608 2617 -1 2629 2632 2614 -1 2614 2613 2629 -1 2633 2593 2610 -1 682 2633 683 -1 2610 683 2633 -1 2614 2632 2634 -1 2632 2635 2634 -1 2634 2618 2614 -1 2575 2618 2634 -1 2575 2634 2619 -1 2632 2636 2635 -1 2634 2635 2637 -1 2637 2619 2634 -1 2619 2637 2577 -1 2638 2639 2631 -1 2638 2631 2623 -1 2631 2640 2623 -1 2631 2641 2640 -1 2617 2641 2631 -1 2641 2617 2594 -1 2617 2592 2594 -1 2640 2641 2596 -1 2594 2596 2641 -1 2633 2620 2593 -1 704 2620 2633 -1 2620 704 2621 -1 2633 682 704 -1 2590 2596 2597 -1 2598 2595 2597 -1 2598 2621 706 -1 2621 704 706 -1 2595 2598 2599 -1 2599 2598 706 -1 618 2599 706 -1 618 533 2599 -1 2550 2542 2612 -1 2635 2636 2642 -1 2638 2577 2637 -1 2577 2638 2580 -1 2580 2638 2623 -1 2624 2640 2596 -1 2623 2640 2624 -1 2596 2590 2624 -1 2624 2590 2588 -1 2625 2627 2629 -1 2643 2637 2635 -1 2644 2608 2639 -1 2631 2639 2608 -1 2625 2629 2630 -1 2643 2639 2638 -1 2638 2637 2643 -1 844 2645 2646 -1 2645 2647 2646 -1 2646 2648 2649 -1 2646 2647 2648 -1 2650 2647 2651 -1 2648 2647 2652 -1 2647 2650 2652 -1 2653 2650 2651 -1 2654 2655 2656 -1 2655 2654 2657 -1 2657 2658 2659 -1 2657 2654 2660 -1 2660 2654 2661 -1 2662 2661 2654 -1 2657 2660 2658 -1 2663 2662 2664 -1 2664 2665 2663 -1 2662 2663 2661 -1 2664 2666 2665 -1 2665 2666 2667 -1 2661 2663 2668 -1 2669 2652 2650 -1 2661 2658 2660 -1 2651 2670 2671 -1 2651 2672 2670 -1 2671 2673 2651 -1 2673 2674 2651 -1 2645 844 893 -1 844 2646 894 -1 2645 2672 2647 -1 2672 2651 2647 -1 2651 2674 2653 -1 2646 2649 894 -1 2673 2675 2674 -1 2675 2676 2674 -1 2675 2677 2676 -1 2676 2678 2656 -1 2656 2655 2676 -1 2655 2674 2676 -1 2674 2655 2653 -1 2650 2653 2669 -1 2653 2679 2669 -1 2679 2653 2680 -1 2653 2655 2680 -1 2657 2680 2655 -1 2680 2657 2659 -1 2656 2681 2654 -1 2681 2682 2662 -1 2662 2654 2681 -1 2682 2664 2662 -1 2682 2683 2664 -1 2645 893 957 -1 2672 2645 957 -1 2668 2663 2665 -1 2667 2668 2665 -1 2666 2664 2684 -1 2668 2667 2685 -1 2686 2687 2688 -1 2681 2656 2689 -1 2681 2686 2682 -1 2683 2690 2691 -1 2684 2683 2691 -1 2684 2664 2683 -1 2692 2693 2694 -1 2695 2692 2694 -1 2696 941 2697 -1 2697 2698 2696 -1 941 2696 2699 -1 2699 922 941 -1 2696 2698 2700 -1 2700 2699 2696 -1 2699 957 922 -1 2699 2700 957 -1 2692 2701 2693 -1 2701 2692 2698 -1 2702 2698 2692 -1 2692 2695 2702 -1 2698 2702 2700 -1 2700 2702 2703 -1 2695 2694 2704 -1 2695 2703 2702 -1 2695 2704 2705 -1 2700 2703 2670 -1 957 2700 2670 -1 957 2670 2672 -1 2695 2705 2671 -1 2671 2703 2695 -1 2671 2670 2703 -1 2673 2671 2705 -1 2704 2706 2705 -1 2673 2705 2706 -1 2673 2706 2675 -1 2675 2706 2677 -1 2706 2707 2678 -1 2678 2707 2708 -1 2678 2677 2706 -1 2677 2678 2676 -1 2689 2678 2708 -1 2687 2708 2707 -1 2708 2687 2709 -1 2689 2709 2710 -1 2708 2709 2689 -1 2687 2686 2709 -1 2686 2710 2709 -1 2678 2689 2656 -1 2681 2689 2710 -1 2710 2686 2681 -1 2686 2683 2682 -1 2686 2688 2683 -1 2688 2690 2683 -1 973 2711 942 -1 2712 942 2711 -1 942 2713 2697 -1 2697 2713 2701 -1 2701 2713 2693 -1 2713 2714 2693 -1 2694 2693 2714 -1 2714 2715 2694 -1 2715 2704 2694 -1 2716 2704 2715 -1 2717 2718 2688 -1 2697 941 942 -1 2698 2697 2701 -1 2704 2716 2706 -1 2719 2706 2716 -1 2706 2719 2707 -1 2688 2687 2717 -1 2720 2688 2718 -1 2721 2690 2720 -1 2690 2688 2720 -1 2722 2690 2721 -1 2691 2690 2722 -1 2723 2724 2725 -1 2726 2727 2728 -1 2729 2730 1039 -1 1039 2731 2729 -1 2711 2730 2729 -1 2711 1040 2730 -1 2731 2725 2729 -1 2729 2725 2732 -1 2711 2729 2712 -1 2712 2729 2732 -1 2724 2732 2725 -1 2733 2732 2724 -1 2728 2733 2724 -1 2728 2727 2734 -1 2734 2733 2728 -1 2735 2727 2736 -1 2735 2734 2727 -1 2734 2735 2737 -1 2735 2738 2737 -1 2735 2739 2738 -1 2739 2740 2741 -1 2739 2741 2738 -1 2707 2719 2738 -1 2738 2741 2707 -1 2742 2707 2741 -1 2743 2740 2744 -1 2740 2743 2745 -1 2741 2740 2745 -1 2745 2746 2742 -1 2747 2743 2748 -1 2746 2745 2743 -1 2747 2746 2743 -1 2741 2745 2742 -1 2742 2746 2749 -1 2750 2718 2751 -1 1038 1039 2730 -1 1038 2730 1040 -1 2750 2752 2721 -1 2721 2752 2722 -1 2753 2731 1039 -1 2723 2725 2754 -1 2711 973 1040 -1 942 2712 2713 -1 2712 2732 2755 -1 2755 2713 2712 -1 2714 2713 2755 -1 2732 2733 2755 -1 2733 2714 2755 -1 2734 2715 2733 -1 2733 2715 2714 -1 2734 2737 2715 -1 2737 2716 2715 -1 2716 2737 2719 -1 2737 2738 2719 -1 2707 2742 2687 -1 2742 2749 2687 -1 2746 2747 2717 -1 2747 2718 2717 -1 2749 2746 2717 -1 2717 2687 2749 -1 2718 2750 2720 -1 2720 2750 2721 -1 1037 2756 2753 -1 1037 2753 1039 -1 2757 2758 2759 -1 2756 2759 2753 -1 2731 2753 2759 -1 2759 2760 2754 -1 2754 2731 2759 -1 2760 2723 2754 -1 2760 2761 2723 -1 2731 2754 2725 -1 2762 2761 2763 -1 2724 2723 2761 -1 2726 2764 2727 -1 2736 2727 2764 -1 2726 2728 2761 -1 2761 2728 2724 -1 2764 2765 2736 -1 2736 2766 2739 -1 2739 2766 2767 -1 2739 2767 2768 -1 2744 2768 2767 -1 2744 2748 2743 -1 2736 2739 2735 -1 2768 2740 2739 -1 2740 2768 2744 -1 2748 2769 2770 -1 2718 2748 2770 -1 2718 2747 2748 -1 2718 2770 2751 -1 2750 2771 2752 -1 2751 2771 2750 -1 2772 2773 2774 -1 2772 2774 2757 -1 2772 2757 2775 -1 2774 2776 2757 -1 2776 2774 2773 -1 2776 2758 2757 -1 2777 2778 2779 -1 2778 2777 2780 -1 2776 2781 2758 -1 2782 2783 2763 -1 2762 2763 2783 -1 2784 2762 2783 -1 2726 2762 2784 -1 2785 2786 2787 -1 2788 2789 2790 -1 2786 2789 2788 -1 2791 2792 2777 -1 2777 2785 2791 -1 2791 2785 2787 -1 2793 2786 2788 -1 2794 2793 2788 -1 2793 2794 2795 -1 2795 2794 2796 -1 2793 2795 2769 -1 2795 2796 2797 -1 2798 1096 1095 -1 1095 2799 2798 -1 2798 2799 2772 -1 2800 2781 2773 -1 2773 2799 2800 -1 2799 2773 2772 -1 2781 2776 2773 -1 2781 2801 2758 -1 2763 2758 2801 -1 2763 2801 2782 -1 2782 2802 2783 -1 2784 2783 2802 -1 2784 2803 2804 -1 2784 2802 2803 -1 2759 2775 2757 -1 2759 2758 2760 -1 2758 2763 2760 -1 2761 2760 2763 -1 2759 2756 2775 -1 2726 2761 2762 -1 2726 2784 2804 -1 2726 2804 2764 -1 2778 2765 2804 -1 2778 2780 2765 -1 2765 2780 2766 -1 2765 2764 2804 -1 2792 2780 2777 -1 2767 2766 2780 -1 2780 2792 2767 -1 2791 2767 2792 -1 2736 2765 2766 -1 2805 2791 2787 -1 2744 2767 2791 -1 2805 2744 2791 -1 2805 2748 2744 -1 2805 2806 2748 -1 2787 2786 2806 -1 2806 2805 2787 -1 2806 2786 2793 -1 2769 2748 2806 -1 2806 2793 2769 -1 1096 2798 1115 -1 1115 2798 1116 -1 2770 2769 2795 -1 2751 2770 2795 -1 1116 2772 2775 -1 2798 2772 1116 -1 2751 2795 2797 -1 1116 2775 2756 -1 2756 1035 1116 -1 2756 1037 1035 -1 2807 2751 2797 -1 2751 2807 2771 -1 2808 2809 2810 -1 2811 2812 2813 -1 2813 2812 2810 -1 2809 2808 2814 -1 2800 2801 2781 -1 2815 2816 2817 -1 2782 2818 2802 -1 2801 2818 2782 -1 2803 2802 2818 -1 2819 2820 2821 -1 2819 2817 2820 -1 2819 2822 2823 -1 2823 2817 2819 -1 2824 2823 2822 -1 2817 2823 2825 -1 2826 2779 2825 -1 2827 2825 2823 -1 2810 2809 2813 -1 2828 2823 2824 -1 2823 2828 2827 -1 2827 2828 2829 -1 2824 2830 2828 -1 2831 2813 2809 -1 2832 2833 2826 -1 2778 2804 2779 -1 2808 2810 2834 -1 2835 2828 2830 -1 2830 2836 2835 -1 2833 2835 2837 -1 1095 1173 2838 -1 2814 2808 2839 -1 2785 2826 2833 -1 2833 2837 2785 -1 1095 2800 2799 -1 2837 2840 2785 -1 2840 2841 2842 -1 2842 2843 2790 -1 2840 2789 2786 -1 2844 2816 2845 -1 2820 2816 2844 -1 2794 2788 2846 -1 2817 2816 2820 -1 2813 2847 2811 -1 2848 2810 2812 -1 2849 2850 2815 -1 2815 2850 2816 -1 2851 2815 2817 -1 2815 2851 2852 -1 2803 2852 2851 -1 2779 2803 2851 -1 2853 2854 2855 -1 2855 2821 2853 -1 2854 2856 2855 -1 2857 2811 2847 -1 2858 2811 2857 -1 2812 2811 2858 -1 2813 2831 2847 -1 2825 2851 2817 -1 2859 2860 2861 -1 2851 2825 2779 -1 2825 2832 2826 -1 2859 2831 2860 -1 2831 2809 2860 -1 2814 2860 2809 -1 2825 2827 2832 -1 2827 2829 2832 -1 2832 2829 2833 -1 2828 2835 2829 -1 2829 2835 2833 -1 2836 2862 2835 -1 2836 2863 2862 -1 2835 2862 2837 -1 2837 2862 2840 -1 2814 2861 2860 -1 2841 2862 2863 -1 2839 1177 2861 -1 2862 2841 2840 -1 1095 1174 1173 -1 2841 2864 2842 -1 2864 2843 2842 -1 2865 2843 2866 -1 2843 2865 2867 -1 2861 2814 2839 -1 2846 2867 2865 -1 2867 2790 2843 -1 1177 2839 1173 -1 2838 1173 2839 -1 2848 2868 2810 -1 2834 2810 2868 -1 2869 2834 2868 -1 2870 2871 2872 -1 2872 2871 2869 -1 2845 2871 2870 -1 2871 2845 2850 -1 2849 2871 2850 -1 2873 2874 2844 -1 2874 2853 2821 -1 2875 2845 2876 -1 2845 2870 2876 -1 2875 2844 2845 -1 2877 2844 2875 -1 2850 2845 2816 -1 2834 2839 2808 -1 2839 2834 2878 -1 2839 2878 2838 -1 2834 2869 2878 -1 2838 2878 2800 -1 2878 2869 2879 -1 2878 2879 2800 -1 2849 2869 2871 -1 2869 2849 2879 -1 2818 2879 2849 -1 2844 2874 2821 -1 2821 2820 2844 -1 2800 2879 2801 -1 2815 2818 2849 -1 2818 2815 2852 -1 2818 2801 2879 -1 2803 2818 2852 -1 2779 2804 2803 -1 2821 2855 2819 -1 2819 2855 2822 -1 2779 2826 2777 -1 2785 2777 2826 -1 2786 2785 2840 -1 2866 2843 2864 -1 2840 2842 2789 -1 2789 2842 2790 -1 2790 2867 2788 -1 2846 2788 2867 -1 2859 2861 1183 -1 1183 2861 1184 -1 2861 1177 1184 -1 2838 2800 1095 -1 2880 2873 2881 -1 2873 2880 2882 -1 2883 2884 2885 -1 2883 2857 2886 -1 2881 2873 2877 -1 2857 2883 2858 -1 2885 2887 2858 -1 2848 2888 2889 -1 2889 2868 2848 -1 2844 2877 2873 -1 2859 2890 2831 -1 2890 2847 2831 -1 2812 2858 2887 -1 2812 2887 2848 -1 2891 2888 2892 -1 2857 2893 2886 -1 2892 2894 2891 -1 2895 2892 2896 -1 2897 2893 2857 -1 2895 2894 2892 -1 2898 2899 2880 -1 2898 2880 2881 -1 2900 2847 2890 -1 2847 2897 2857 -1 2900 2897 2847 -1 2901 2880 2899 -1 2899 2902 2901 -1 2896 2903 2895 -1 2903 2881 2877 -1 2895 2903 2877 -1 2904 2905 2906 -1 2907 2905 2904 -1 1202 1211 2908 -1 2909 2910 2908 -1 2908 2900 2890 -1 2901 2902 2907 -1 2907 2904 2901 -1 2901 2904 2911 -1 2912 2913 2884 -1 2884 2914 2887 -1 2887 2885 2884 -1 2888 2887 2914 -1 2888 2848 2887 -1 2915 2916 2886 -1 2916 2912 2884 -1 2886 2916 2883 -1 2884 2883 2916 -1 2899 2917 2902 -1 2901 2854 2880 -1 2874 2873 2882 -1 2882 2880 2853 -1 2880 2854 2853 -1 2874 2882 2853 -1 2905 2907 2902 -1 2854 2901 2856 -1 2901 2911 2856 -1 2883 2885 2858 -1 2908 1211 2900 -1 2872 2889 2891 -1 2891 2889 2888 -1 2872 2891 2918 -1 2891 2894 2918 -1 2894 2895 2876 -1 2876 2918 2894 -1 2889 2872 2868 -1 2869 2868 2872 -1 2872 2918 2870 -1 2908 2910 1202 -1 2876 2870 2918 -1 2910 1164 1202 -1 2876 2895 2875 -1 2895 2877 2875 -1 1164 2910 1183 -1 2908 2890 2909 -1 2859 2910 2909 -1 2890 2859 2909 -1 2859 1183 2910 -1 2863 2866 2864 -1 2864 2841 2863 -1 2919 2865 2866 -1 2920 2916 2921 -1 2916 2920 2912 -1 2912 2920 2913 -1 2921 2915 2922 -1 2922 2915 2923 -1 2915 2921 2916 -1 2920 2921 2924 -1 2914 2913 2925 -1 2913 2914 2884 -1 2926 2927 2928 -1 2926 2898 2929 -1 2929 2898 2930 -1 2881 2930 2898 -1 2903 2930 2881 -1 2928 2931 2905 -1 2931 2906 2905 -1 1224 1234 2932 -1 1224 2932 1205 -1 1208 1205 2932 -1 2886 2923 2915 -1 2893 2923 2886 -1 1208 2932 2933 -1 2934 2933 2935 -1 1208 2933 1209 -1 2934 1209 2933 -1 1211 1209 2934 -1 2893 2936 2937 -1 2937 2923 2893 -1 2936 1211 2934 -1 2920 2938 2913 -1 2922 2939 2921 -1 2925 2913 2938 -1 2920 2924 2938 -1 2940 2931 2928 -1 2941 2939 2922 -1 2939 2924 2921 -1 2925 2942 2943 -1 2925 2943 2914 -1 2944 2945 2942 -1 2929 2945 2944 -1 2942 2945 2943 -1 2946 2932 1234 -1 2932 2946 2933 -1 2947 2948 2946 -1 2935 2946 2948 -1 2949 2927 2929 -1 2929 2927 2926 -1 2950 2940 2927 -1 2951 2922 2923 -1 2945 2929 2930 -1 2948 2952 2935 -1 2937 2935 2952 -1 2952 2951 2937 -1 2940 2928 2927 -1 2951 2923 2937 -1 2935 2933 2946 -1 2937 2936 2935 -1 2949 2944 2953 -1 2929 2944 2949 -1 2954 2942 2925 -1 2917 2926 2928 -1 2898 2926 2899 -1 2902 2917 2928 -1 2926 2917 2899 -1 2935 2936 2934 -1 2888 2914 2943 -1 2888 2943 2892 -1 1211 2936 2900 -1 2943 2945 2896 -1 2897 2936 2893 -1 2900 2936 2897 -1 2945 2930 2896 -1 2892 2943 2896 -1 2930 2903 2896 -1 2950 2955 2940 -1 2902 2928 2905 -1 2956 2957 2958 -1 2959 2938 2924 -1 2960 2953 2961 -1 2960 2962 2927 -1 2938 2954 2925 -1 2954 2961 2953 -1 2949 2953 2960 -1 2963 1234 2065 -1 2958 2957 2964 -1 2946 1234 2963 -1 2947 2946 2963 -1 2964 2957 2951 -1 2965 2941 2951 -1 2941 2922 2951 -1 2963 2956 2958 -1 2957 2965 2951 -1 2963 2958 2947 -1 2947 2958 2948 -1 2958 2964 2948 -1 2951 2952 2964 -1 2948 2964 2952 -1 2953 2942 2954 -1 2944 2942 2953 -1 2927 2949 2960 -1 2962 2950 2927 -1 2966 1907 1834 -1 1834 1835 2967 -1 2968 2969 2609 -1 2968 2609 2608 -1 2970 2968 2971 -1 2968 2970 2969 -1 2972 2609 2969 -1 2609 2972 2610 -1 2610 2972 683 -1 680 683 2973 -1 1834 2967 2966 -1 2974 2975 2976 -1 2977 2970 2978 -1 2972 2969 2970 -1 2979 2628 2980 -1 2981 2982 2983 -1 2983 2982 715 -1 2979 2627 2628 -1 2983 715 2984 -1 2979 2985 2627 -1 2627 2985 2986 -1 2984 715 714 -1 2975 2986 2985 -1 2976 2975 2985 -1 715 2982 716 -1 717 716 2982 -1 2974 2976 2987 -1 2988 2989 2974 -1 2990 2974 2989 -1 2989 2991 2990 -1 2990 2991 2643 -1 2992 2643 2991 -1 2643 2992 2639 -1 2993 2977 2994 -1 2994 2978 2995 -1 2994 2977 2978 -1 2996 2997 2993 -1 2995 2978 2998 -1 2997 2977 2993 -1 2977 2997 2999 -1 2998 2978 2971 -1 2999 2970 2977 -1 2998 2992 2991 -1 2992 2998 2644 -1 2970 2999 2972 -1 2973 2972 2999 -1 2973 683 2972 -1 720 2973 3000 -1 1937 1911 3001 -1 2980 3002 3003 -1 2980 2628 3002 -1 3004 2987 2976 -1 2998 2991 2995 -1 2639 2992 2644 -1 2970 2971 2978 -1 2644 2998 2971 -1 3005 2979 2980 -1 3005 2985 2979 -1 2644 2971 2608 -1 2608 2971 2968 -1 3004 2976 2985 -1 2629 2627 2986 -1 2986 2632 2629 -1 2986 2975 2636 -1 2975 2974 2642 -1 2642 2636 2975 -1 2990 2642 2974 -1 2636 2632 2986 -1 680 2973 720 -1 2643 2635 2990 -1 2990 2635 2642 -1 1907 3001 1911 -1 3001 1907 3006 -1 1907 2966 3006 -1 3007 3006 2966 -1 2966 2967 3007 -1 701 3008 1835 -1 701 753 3008 -1 2982 2981 3009 -1 1937 3001 3010 -1 2983 3011 2981 -1 3012 3011 3013 -1 3012 3014 2981 -1 3012 2981 3011 -1 3015 2967 1835 -1 1835 3008 3015 -1 3016 3017 2984 -1 3016 2984 714 -1 3009 717 2982 -1 3009 757 717 -1 3018 3019 3020 -1 3021 2987 3022 -1 3019 2994 2995 -1 2988 2974 2987 -1 3023 2988 2987 -1 3023 3024 3025 -1 3025 2988 3023 -1 3024 3018 3025 -1 3026 3025 3018 -1 2997 2996 3027 -1 3028 3029 3027 -1 2988 3025 2989 -1 3028 3030 3029 -1 3029 3030 3017 -1 3031 3032 2993 -1 3019 3031 2994 -1 2994 3031 2993 -1 3027 3029 3000 -1 3029 3017 3016 -1 3016 3000 3029 -1 3030 2984 3017 -1 2984 3011 2983 -1 3013 3011 2984 -1 2996 3033 3034 -1 3009 3035 757 -1 3036 757 3035 -1 3012 3037 3014 -1 3014 3037 3038 -1 757 3036 759 -1 3039 3014 3038 -1 761 759 3036 -1 3013 3040 3012 -1 3040 3013 3041 -1 3039 2981 3014 -1 3042 3035 3039 -1 3043 3044 3003 -1 3039 3009 2981 -1 3039 3035 3009 -1 3045 3003 3044 -1 3046 2967 3015 -1 3047 3048 3049 -1 3047 755 3050 -1 3051 3045 3052 -1 3049 755 3047 -1 3052 3053 3054 -1 3052 3054 3051 -1 3051 3054 3022 -1 755 3049 754 -1 3050 755 752 -1 3054 3055 3021 -1 3021 3022 3054 -1 3056 3021 3057 -1 3056 2987 3021 -1 3056 3023 2987 -1 3056 3058 3059 -1 3058 3060 3059 -1 3058 3061 3060 -1 3060 3061 3062 -1 3059 3023 3056 -1 3059 3060 3024 -1 3034 3027 2996 -1 3018 3024 3060 -1 3034 3063 3027 -1 3059 3024 3023 -1 3063 3064 3028 -1 3028 3027 3063 -1 3065 3032 3066 -1 3030 3028 3064 -1 3060 3062 3018 -1 3067 3019 3018 -1 3019 3066 3031 -1 3066 3032 3031 -1 3030 3041 2984 -1 3041 3013 2984 -1 3033 2996 2993 -1 3032 3033 2993 -1 2991 3025 3026 -1 2989 3025 2991 -1 2014 1967 3068 -1 3068 1937 3010 -1 1967 1937 3068 -1 3026 3018 3020 -1 3067 3018 3062 -1 2995 3020 3019 -1 3063 3069 3064 -1 3069 3070 3064 -1 3026 3020 2991 -1 3070 3030 3064 -1 2991 3020 2995 -1 3041 3030 3070 -1 3000 2997 3027 -1 2999 2997 3000 -1 3071 3035 3042 -1 3035 3071 3036 -1 3071 766 3036 -1 2999 3000 2973 -1 720 3000 3016 -1 2967 3046 3007 -1 761 3036 766 -1 3016 714 720 -1 3054 3053 3055 -1 3052 3045 3044 -1 3045 3051 3004 -1 3005 3003 3045 -1 3003 3005 2980 -1 3005 3045 2985 -1 3045 3004 2985 -1 3022 3004 3051 -1 3004 3022 2987 -1 3072 3073 3074 -1 3075 3076 3077 -1 3078 3066 3079 -1 3077 3048 3075 -1 3078 3065 3066 -1 3078 3073 3065 -1 3080 3075 3048 -1 3080 3048 3050 -1 3050 3048 3047 -1 3072 3065 3073 -1 3048 3077 3049 -1 3065 3072 3032 -1 3049 3077 3081 -1 3079 3082 3083 -1 3082 3079 3062 -1 3067 3062 3079 -1 765 3049 3081 -1 3066 3067 3079 -1 3033 3032 3072 -1 754 3049 765 -1 3033 3084 3034 -1 3085 3086 3087 -1 3088 3089 3090 -1 3088 3090 3091 -1 3091 3090 3037 -1 3053 3092 3093 -1 3094 3090 3089 -1 3057 3055 3093 -1 3090 3094 3038 -1 3091 3095 3096 -1 3055 3057 3021 -1 3057 3097 3098 -1 3098 3056 3057 -1 3098 3097 3082 -1 3097 3083 3082 -1 3098 3082 3061 -1 3095 3091 3040 -1 3040 3091 3012 -1 3012 3091 3037 -1 3037 3090 3038 -1 3042 3039 3038 -1 3099 3100 3101 -1 3050 3099 3101 -1 752 766 3050 -1 3102 3001 3103 -1 3001 3006 3103 -1 3046 3104 3007 -1 3105 753 786 -1 3008 753 3105 -1 3106 3076 3075 -1 3076 3107 3077 -1 3107 3108 3077 -1 3109 3110 3074 -1 3110 3111 3074 -1 3106 3075 3080 -1 3074 3111 3112 -1 3109 3074 3078 -1 3081 3077 3108 -1 3074 3112 3072 -1 3083 3113 3079 -1 3113 3078 3079 -1 3078 3074 3073 -1 3072 3112 3084 -1 3084 3033 3072 -1 3114 3115 3116 -1 3034 3117 3118 -1 3117 3119 3120 -1 3120 3118 3117 -1 3121 3122 3087 -1 3087 3123 3121 -1 3095 3120 3119 -1 3088 3124 3089 -1 3124 3125 3089 -1 3089 3126 3094 -1 3126 3127 3094 -1 3096 3088 3091 -1 3087 3092 3085 -1 3053 3085 3092 -1 3092 3114 3093 -1 3038 3094 3128 -1 3114 3116 3093 -1 3038 3128 3042 -1 3129 3093 3116 -1 3042 3128 3130 -1 3131 3130 3128 -1 3129 3057 3093 -1 3097 3057 3129 -1 3130 3101 3100 -1 3050 3101 3080 -1 3015 3008 3132 -1 3132 3008 3105 -1 3133 3076 3134 -1 3076 3133 3107 -1 3133 3108 3107 -1 2058 2014 3135 -1 3135 2106 2058 -1 2014 3068 3136 -1 3136 3135 2014 -1 3068 3010 3136 -1 3001 3137 3010 -1 789 3081 3138 -1 3113 3139 3140 -1 3141 3113 3140 -1 3081 789 765 -1 3113 3141 3078 -1 3139 3113 3083 -1 3142 3143 3144 -1 3117 3084 3144 -1 3122 3121 3145 -1 3144 3143 3117 -1 3084 3117 3034 -1 3146 3142 3147 -1 3146 3143 3142 -1 3096 3146 3147 -1 3146 3119 3143 -1 3143 3119 3117 -1 3096 3119 3146 -1 3096 3095 3119 -1 3062 3061 3082 -1 3122 3092 3087 -1 3067 3066 3019 -1 3114 3092 3115 -1 3118 3120 3069 -1 3034 3118 3063 -1 3063 3118 3069 -1 3069 3095 3070 -1 3120 3095 3069 -1 3095 3041 3070 -1 3089 3125 3126 -1 3127 3128 3094 -1 3131 3128 3127 -1 3087 3086 3123 -1 3123 3086 3148 -1 3086 3149 3148 -1 3149 3086 3044 -1 3044 3043 3149 -1 3052 3044 3086 -1 3085 3052 3086 -1 3106 3080 3150 -1 3130 3150 3101 -1 3085 3053 3052 -1 3150 3080 3101 -1 3095 3040 3041 -1 3151 3129 3116 -1 3129 3151 3140 -1 3129 3140 3139 -1 3093 3055 3053 -1 3130 3100 3042 -1 3042 3100 3071 -1 3097 3129 3083 -1 3100 3099 3071 -1 3139 3083 3129 -1 3099 766 3071 -1 3099 3050 766 -1 3006 3007 3104 -1 3104 3103 3006 -1 3056 3098 3058 -1 3058 3098 3061 -1 3046 3015 3152 -1 3153 3154 3155 -1 3156 3155 3154 -1 3109 3156 3157 -1 3158 3159 3157 -1 3160 3161 3162 -1 3159 3163 3110 -1 3160 3162 3164 -1 3164 3162 3134 -1 3165 3162 3161 -1 3157 3159 3110 -1 3166 3167 3168 -1 3157 3110 3109 -1 3169 3111 3163 -1 3163 3170 3169 -1 3171 3167 3172 -1 3173 3168 3167 -1 3167 3171 3173 -1 3174 3175 3126 -1 3165 3133 3162 -1 3176 3174 3125 -1 3165 3108 3133 -1 3177 3108 3165 -1 3178 3108 3177 -1 3179 3180 3171 -1 3176 3125 3124 -1 3178 3181 3138 -1 3171 3180 3115 -1 3182 3115 3180 -1 3125 3174 3126 -1 3183 3126 3175 -1 3116 3115 3182 -1 796 3138 3181 -1 3181 800 796 -1 3116 3182 3184 -1 3154 3153 3184 -1 3127 3126 3183 -1 3185 3127 3183 -1 3169 3186 3187 -1 3188 3159 3158 -1 3159 3188 3163 -1 3188 3170 3163 -1 3189 3124 3147 -1 3127 3185 3131 -1 3152 3015 3132 -1 802 3190 786 -1 3152 3191 3046 -1 3192 3193 3194 -1 3195 3193 3192 -1 3195 3196 3193 -1 3104 3046 3197 -1 3197 3046 3191 -1 3198 3194 3160 -1 3194 3193 3160 -1 3196 3161 3193 -1 3198 3199 3200 -1 3198 3160 3164 -1 3201 3167 3166 -1 3193 3161 3160 -1 3169 3202 3186 -1 3202 3189 3186 -1 3165 3161 3196 -1 3199 3198 3164 -1 3179 3203 3180 -1 3204 3205 3206 -1 3165 3207 3177 -1 3180 3203 3208 -1 3206 3205 3175 -1 3209 3175 3205 -1 3206 3210 3204 -1 3210 3206 3211 -1 3211 3176 3212 -1 3206 3174 3211 -1 3211 3174 3176 -1 3105 786 3213 -1 3175 3174 3206 -1 3179 3171 3172 -1 3137 3001 3102 -1 3175 3209 3183 -1 3209 3214 3183 -1 3180 3208 3215 -1 3216 3183 3214 -1 3180 3215 3182 -1 3181 3178 3217 -1 3189 3176 3124 -1 3218 3182 3215 -1 3181 3217 802 -1 3219 3220 3218 -1 3215 3219 3218 -1 802 800 3181 -1 3220 3221 3222 -1 3221 3223 3222 -1 3183 3216 3185 -1 3222 3218 3220 -1 3184 3218 3222 -1 3182 3218 3184 -1 3224 3185 3216 -1 3184 3222 3154 -1 3185 3224 3225 -1 3224 3226 3199 -1 3199 3225 3224 -1 3199 3164 3225 -1 3227 3228 3229 -1 3229 3158 3230 -1 3185 3225 3131 -1 3164 3106 3225 -1 3158 3229 3188 -1 3229 3231 3188 -1 3231 3170 3188 -1 3103 3104 3197 -1 3133 3134 3162 -1 3164 3134 3106 -1 3076 3106 3134 -1 3145 3173 3122 -1 3168 3173 3145 -1 3108 3178 3138 -1 3135 3232 2106 -1 3108 3138 3081 -1 3233 3232 3135 -1 3135 3136 3233 -1 3177 3217 3178 -1 3167 3201 3234 -1 3235 3233 3136 -1 3171 3122 3173 -1 3136 3010 3235 -1 3122 3171 3092 -1 789 3138 796 -1 3137 3235 3010 -1 3171 3115 3092 -1 3151 3116 3184 -1 3151 3184 3153 -1 3151 3153 3140 -1 3236 3230 3158 -1 3237 3238 3172 -1 3234 3237 3172 -1 3167 3234 3172 -1 3157 3223 3236 -1 3236 3158 3157 -1 3157 3156 3223 -1 3156 3222 3223 -1 3222 3156 3154 -1 3163 3111 3110 -1 3170 3202 3169 -1 3189 3202 3239 -1 3239 3212 3189 -1 3189 3212 3176 -1 3141 3155 3156 -1 3153 3155 3140 -1 3141 3140 3155 -1 3156 3109 3141 -1 3141 3109 3078 -1 3111 3169 3112 -1 3084 3112 3187 -1 3187 3112 3169 -1 3144 3187 3186 -1 3142 3144 3186 -1 3186 3189 3142 -1 3142 3189 3147 -1 3144 3084 3187 -1 3088 3147 3124 -1 3147 3088 3096 -1 3131 3225 3150 -1 3225 3106 3150 -1 3150 3130 3131 -1 786 3190 3213 -1 3240 3152 3241 -1 3152 3132 3241 -1 3152 3240 3191 -1 3242 3243 3210 -1 3244 3243 3245 -1 3246 3207 3247 -1 3210 3243 3204 -1 3217 3246 3190 -1 3248 3249 3250 -1 3210 3248 3250 -1 3248 3210 3211 -1 3132 3105 3213 -1 3204 3244 3205 -1 3243 3244 3204 -1 3251 3205 3244 -1 3209 3205 3251 -1 3217 3190 802 -1 3248 3211 3212 -1 3252 3253 3237 -1 3209 3254 3214 -1 3238 3237 3253 -1 3254 3255 3226 -1 3214 3226 3216 -1 3216 3226 3224 -1 3238 3253 3256 -1 3257 3200 3199 -1 3256 3258 3259 -1 3256 3259 3238 -1 3260 3192 3261 -1 3262 3259 3258 -1 3259 3262 3263 -1 3192 3264 3195 -1 3260 3264 3192 -1 3192 3200 3261 -1 3192 3194 3200 -1 3259 3263 3203 -1 3195 3264 3196 -1 3198 3200 3194 -1 3263 3208 3203 -1 3208 3263 3265 -1 3266 3208 3265 -1 3102 3103 3267 -1 3267 3268 3102 -1 3267 3197 3191 -1 3103 3197 3267 -1 3208 3266 3269 -1 3266 3270 3269 -1 3196 3207 3165 -1 3269 3270 3221 -1 3196 3271 3207 -1 3269 3219 3208 -1 3219 3215 3208 -1 3246 3177 3207 -1 3207 3271 3247 -1 3219 3269 3220 -1 3269 3221 3220 -1 3272 3247 3273 -1 3274 3275 3227 -1 3227 3275 3228 -1 3276 3227 3230 -1 3277 3228 3275 -1 3228 3277 3231 -1 3270 3278 3236 -1 3236 3221 3270 -1 3230 3236 3278 -1 3229 3230 3227 -1 3228 3231 3229 -1 3239 3231 3279 -1 3279 3280 3239 -1 3280 3249 3248 -1 3132 3281 3241 -1 3132 3213 3281 -1 3282 3137 3268 -1 3137 3102 3268 -1 3241 3281 3272 -1 3283 3284 3285 -1 3286 3246 3281 -1 3287 3285 3284 -1 3245 3288 3244 -1 3263 3262 3265 -1 3288 3251 3244 -1 3281 3213 3286 -1 3246 3286 3190 -1 3274 3287 3275 -1 3289 3275 3287 -1 3190 3286 3213 -1 3254 3209 3251 -1 3276 3290 3274 -1 3227 3276 3274 -1 3261 3200 3291 -1 3275 3289 3277 -1 3292 3276 3230 -1 3291 3200 3257 -1 3242 3293 3243 -1 3214 3254 3226 -1 3278 3292 3230 -1 3293 3294 3245 -1 3289 3295 3277 -1 3245 3243 3293 -1 3277 3279 3231 -1 3296 3297 3264 -1 3288 3245 3298 -1 3297 3196 3264 -1 3297 3299 3196 -1 3268 3267 3300 -1 3300 3267 3301 -1 3302 2106 3232 -1 3273 3303 3240 -1 3301 3191 3303 -1 3191 3301 3267 -1 3240 3303 3191 -1 3271 3273 3247 -1 3304 3260 3305 -1 3273 3240 3272 -1 3281 3247 3272 -1 3281 3246 3247 -1 3306 3307 3308 -1 3272 3240 3241 -1 3260 3304 3264 -1 3309 3307 3306 -1 3264 3304 3296 -1 3307 3310 3262 -1 3258 3256 3307 -1 3266 3265 3311 -1 3311 3312 3266 -1 3313 3196 3299 -1 3311 3314 3312 -1 3271 3196 3313 -1 3312 3270 3266 -1 3313 3315 3271 -1 3271 3315 3273 -1 3290 3285 3274 -1 3274 3285 3287 -1 3217 3177 3246 -1 3316 3292 3314 -1 3292 3312 3314 -1 3290 3292 3316 -1 3232 3233 3317 -1 3290 3276 3292 -1 3278 3270 3312 -1 3235 3317 3233 -1 3312 3292 3278 -1 3235 3318 3317 -1 3235 3137 3318 -1 3318 3137 3282 -1 3252 3319 3253 -1 3256 3253 3319 -1 3277 3295 3279 -1 3295 3320 3279 -1 3279 3321 3322 -1 3320 3321 3279 -1 3256 3308 3307 -1 3249 3322 3321 -1 3258 3307 3262 -1 3262 3310 3265 -1 3179 3172 3238 -1 3280 3279 3322 -1 3311 3265 3310 -1 3238 3259 3203 -1 3203 3179 3238 -1 3249 3280 3322 -1 3223 3221 3236 -1 3231 3239 3170 -1 3170 3239 3202 -1 3212 3239 3280 -1 3212 3280 3248 -1 3210 3250 3242 -1 3288 3323 3251 -1 3323 3324 3325 -1 3254 3251 3323 -1 3325 3254 3323 -1 3326 3325 3324 -1 3325 3326 3291 -1 3326 3261 3291 -1 3254 3325 3255 -1 3325 3291 3255 -1 3257 3255 3291 -1 3226 3255 3257 -1 3226 3257 3199 -1 3308 3256 3327 -1 3328 3329 3330 -1 3306 3308 3331 -1 3332 3318 3333 -1 3318 3332 3317 -1 3328 3334 3329 -1 3320 3295 3335 -1 3335 3321 3320 -1 3336 3337 3338 -1 3339 3340 3304 -1 3341 3337 3336 -1 3342 3304 3340 -1 3337 3341 3294 -1 3256 3319 3327 -1 3343 3342 3340 -1 3304 3305 3339 -1 3344 3339 3305 -1 3338 3337 3345 -1 3309 3310 3307 -1 3297 3296 3299 -1 3309 3306 3346 -1 3337 3293 3345 -1 3299 3347 3348 -1 3348 3313 3299 -1 3342 3296 3304 -1 3309 3346 3349 -1 3346 3350 3349 -1 3351 3294 3352 -1 3294 3293 3337 -1 3310 3309 3311 -1 3260 3344 3305 -1 3347 3353 3348 -1 3354 3344 3261 -1 3294 3351 3298 -1 3261 3344 3260 -1 3354 3261 3326 -1 3355 3356 3353 -1 3348 3353 3356 -1 3357 3345 3242 -1 3357 3242 3328 -1 3242 3345 3293 -1 3356 3355 3315 -1 3303 3315 3355 -1 3300 3301 3355 -1 3301 3303 3355 -1 3358 3359 3283 -1 3318 3282 3333 -1 3333 3282 3360 -1 3298 3245 3294 -1 3283 3361 3362 -1 3303 3273 3315 -1 3283 3359 3284 -1 3363 3353 3347 -1 3364 3350 3346 -1 3350 3364 3365 -1 3360 3268 3300 -1 3282 3268 3360 -1 3366 3365 3364 -1 3367 3368 3324 -1 3283 3366 3361 -1 3367 3324 3323 -1 3366 3283 3285 -1 3327 3319 3369 -1 3368 3370 3324 -1 3284 3371 3287 -1 3354 3324 3370 -1 3372 3350 3365 -1 3372 3349 3350 -1 3349 3372 3314 -1 3316 3314 3372 -1 3365 3316 3372 -1 3327 3373 3331 -1 3365 3366 3290 -1 3290 3366 3285 -1 3374 3371 3375 -1 3376 3306 3331 -1 3327 3331 3308 -1 3289 3287 3371 -1 3374 3289 3371 -1 3374 3375 3377 -1 3374 3377 3329 -1 3329 3335 3374 -1 3289 3374 3295 -1 3335 3295 3374 -1 3335 3329 3334 -1 3330 3329 3377 -1 3339 3378 3340 -1 3296 3343 3347 -1 3363 3379 3353 -1 3380 3363 3347 -1 3381 3300 3379 -1 3382 3363 3380 -1 3383 3381 3382 -1 3382 3381 3363 -1 3363 3381 3379 -1 3343 3380 3347 -1 3384 3306 3376 -1 3385 3306 3384 -1 3385 3386 3346 -1 3387 3336 3388 -1 3332 3333 3389 -1 3306 3385 3346 -1 3389 3333 3390 -1 3336 3387 3341 -1 3341 3387 3352 -1 3364 3346 3386 -1 3355 3379 3300 -1 3354 3370 3344 -1 3296 3342 3343 -1 3294 3341 3352 -1 3391 3392 3358 -1 3358 3362 3391 -1 3338 3345 3357 -1 3393 3359 3392 -1 3392 3359 3358 -1 3361 3394 3362 -1 3394 3364 3386 -1 3299 3296 3347 -1 3351 3367 3298 -1 3330 3357 3328 -1 3383 3380 3395 -1 3382 3380 3383 -1 3396 3351 3397 -1 3359 3393 3284 -1 3351 3396 3367 -1 3362 3358 3283 -1 3396 3368 3367 -1 3398 3381 3383 -1 3393 3399 3371 -1 3375 3371 3399 -1 3400 3401 3344 -1 3344 3370 3400 -1 3284 3393 3371 -1 3360 3390 3333 -1 3390 3360 3381 -1 3364 3394 3361 -1 3364 3361 3366 -1 3353 3379 3355 -1 3402 3302 3232 -1 3381 3360 3300 -1 3402 3232 3403 -1 3404 3405 3406 -1 3407 3405 3404 -1 3357 3330 3408 -1 3401 3406 3378 -1 3401 3378 3339 -1 3406 3405 3378 -1 3405 3407 3378 -1 3378 3407 3409 -1 3344 3401 3339 -1 3378 3409 3340 -1 3343 3340 3409 -1 3399 3410 3375 -1 3313 3356 3315 -1 3348 3356 3313 -1 3411 3410 3412 -1 3410 3411 3408 -1 3365 3290 3316 -1 3375 3410 3408 -1 3375 3408 3377 -1 3377 3408 3330 -1 3413 3373 3414 -1 3373 3369 3414 -1 3397 3368 3396 -1 3370 3368 3400 -1 3232 3317 3403 -1 3403 3317 3332 -1 3369 3373 3327 -1 3373 3415 3416 -1 3415 3417 3416 -1 3373 3416 3331 -1 3417 3376 3416 -1 3416 3376 3331 -1 3385 3384 3418 -1 3418 3386 3385 -1 3252 3369 3319 -1 3311 3309 3349 -1 3311 3349 3314 -1 3334 3321 3335 -1 3334 3328 3321 -1 3321 3328 3249 -1 3328 3242 3250 -1 3250 3249 3328 -1 3367 3288 3298 -1 3367 3323 3288 -1 3326 3324 3354 -1 3419 3391 3420 -1 3421 3422 3420 -1 3423 3424 3425 -1 3406 3426 3404 -1 3420 3391 3362 -1 3426 3427 3404 -1 3302 3402 3428 -1 3420 3386 3421 -1 3402 3403 3429 -1 3394 3386 3420 -1 3420 3362 3394 -1 3425 3407 3404 -1 3427 3425 3404 -1 3425 3430 3407 -1 3393 3431 3399 -1 3432 3433 3391 -1 3391 3433 3392 -1 3434 3399 3431 -1 3435 3392 3433 -1 3430 3409 3407 -1 3392 3435 3393 -1 3412 3434 3436 -1 3388 3437 3438 -1 3412 3436 3439 -1 3387 3388 3440 -1 3395 3343 3409 -1 3434 3412 3410 -1 3399 3434 3410 -1 3439 3411 3412 -1 3415 3441 3442 -1 3439 3443 3437 -1 3398 3444 3445 -1 3437 3388 3336 -1 3444 3383 3395 -1 3439 3437 3338 -1 3338 3437 3336 -1 3398 3383 3444 -1 3389 3446 3445 -1 3447 3352 3387 -1 3446 3389 3390 -1 3398 3446 3390 -1 3448 3441 3373 -1 3343 3395 3380 -1 3441 3415 3373 -1 3408 3439 3357 -1 3357 3439 3338 -1 3449 3352 3447 -1 3381 3398 3390 -1 3352 3449 3397 -1 3415 3450 3451 -1 3352 3397 3351 -1 3397 3452 3368 -1 3415 3451 3417 -1 3453 3406 3400 -1 3400 3406 3401 -1 3452 3400 3368 -1 3451 3384 3417 -1 3376 3417 3384 -1 3422 3418 3451 -1 3384 3451 3418 -1 3302 3428 3454 -1 3455 3456 3457 -1 3458 3459 3460 -1 3423 3459 3458 -1 3461 3460 3459 -1 3423 3458 3462 -1 3423 3462 3424 -1 3461 3459 3426 -1 3406 3461 3426 -1 3425 3424 3430 -1 3463 3464 3465 -1 3464 3466 3465 -1 3465 3467 3463 -1 3463 3467 3468 -1 3428 3402 3469 -1 3432 3470 3468 -1 3429 3469 3402 -1 3471 3472 3473 -1 3398 3445 3446 -1 3474 3393 3435 -1 3474 3431 3393 -1 3475 3476 3477 -1 3478 3451 3450 -1 3479 3475 3438 -1 3438 3475 3440 -1 3480 3481 3477 -1 3482 3483 3484 -1 3421 3418 3422 -1 3386 3418 3421 -1 3475 3477 3440 -1 3440 3477 3481 -1 3438 3443 3485 -1 3468 3467 3432 -1 3443 3438 3437 -1 3432 3467 3433 -1 3438 3440 3388 -1 3435 3467 3465 -1 3433 3467 3435 -1 3474 3435 3465 -1 3443 3436 3485 -1 3486 3487 3419 -1 3419 3422 3486 -1 3387 3440 3481 -1 3470 3419 3487 -1 3481 3480 3483 -1 3470 3432 3391 -1 3447 3387 3483 -1 3483 3387 3481 -1 3482 3447 3483 -1 3431 3474 3488 -1 3434 3431 3488 -1 3488 3489 3434 -1 3485 3436 3489 -1 3434 3489 3436 -1 3490 3484 3491 -1 3484 3490 3482 -1 3491 3457 3490 -1 3490 3457 3456 -1 3492 3456 3455 -1 3461 3455 3457 -1 3419 3420 3422 -1 3470 3391 3419 -1 3443 3439 3436 -1 3411 3439 3408 -1 3482 3449 3447 -1 3482 3490 3449 -1 3449 3490 3493 -1 3490 3456 3493 -1 3493 3397 3449 -1 3397 3493 3452 -1 3456 3492 3494 -1 3494 3493 3456 -1 3461 3406 3455 -1 3493 3494 3453 -1 3494 3492 3453 -1 3453 3452 3493 -1 3452 3453 3400 -1 3453 3455 3406 -1 3492 3455 3453 -1 3413 3448 3373 -1 3427 3426 3425 -1 3425 3426 3423 -1 3423 3426 3459 -1 3415 3442 3495 -1 3450 3415 3495 -1 3478 3496 3451 -1 3424 3497 3430 -1 3430 3497 3409 -1 3497 3473 3498 -1 3451 3496 3422 -1 3498 3409 3497 -1 3496 3486 3422 -1 3395 3409 3498 -1 3473 3472 3498 -1 3445 3498 3472 -1 3499 3500 3429 -1 3472 3500 3499 -1 3499 3429 3403 -1 3403 3332 3499 -1 3472 3499 3445 -1 3444 3395 3498 -1 3444 3498 3445 -1 3389 3445 3499 -1 3389 3499 3332 -1 3454 3428 3501 -1 3475 3502 3503 -1 3504 3458 3505 -1 3506 3505 3458 -1 3507 3506 3460 -1 3506 3458 3460 -1 3508 3509 3510 -1 3458 3504 3462 -1 3511 3462 3504 -1 3512 3513 3486 -1 3478 3486 3496 -1 3512 3486 3478 -1 3486 3513 3487 -1 3514 3487 3513 -1 3514 3468 3470 -1 3466 3474 3465 -1 3474 3466 3515 -1 3507 3460 3516 -1 3474 3515 3488 -1 3461 3516 3460 -1 3515 3509 3488 -1 3515 3510 3509 -1 3424 3462 3511 -1 3489 3488 3509 -1 3509 3485 3489 -1 3511 3517 3424 -1 3503 3518 3476 -1 3497 3424 3517 -1 3519 3517 3520 -1 3521 3517 3519 -1 3479 3509 3508 -1 3502 3475 3479 -1 3475 3503 3476 -1 3428 3469 3501 -1 3501 3522 3523 -1 3522 3501 3469 -1 3521 3497 3517 -1 3497 3521 3473 -1 3476 3524 3477 -1 3521 3523 3471 -1 3509 3479 3485 -1 3438 3485 3479 -1 3473 3521 3471 -1 3524 3480 3477 -1 3523 3522 3471 -1 3471 3522 3500 -1 3429 3522 3469 -1 3500 3522 3429 -1 3472 3471 3500 -1 3525 3484 3524 -1 3526 3527 3525 -1 3484 3480 3524 -1 3480 3484 3483 -1 3525 3527 3484 -1 3491 3484 3527 -1 3527 3526 3491 -1 3526 3507 3491 -1 3491 3507 3516 -1 3457 3491 3516 -1 3461 3457 3516 -1 3528 3529 3510 -1 3508 3510 3529 -1 3504 3520 3511 -1 3524 3530 3531 -1 3524 3476 3530 -1 3519 3532 3533 -1 3508 3502 3479 -1 3517 3511 3520 -1 3519 3533 3523 -1 3523 3521 3519 -1 3534 3535 3531 -1 3536 3535 3534 -1 3501 3523 3533 -1 3536 3537 3506 -1 3525 3524 3531 -1 3531 3535 3526 -1 3531 3526 3525 -1 3536 3506 3507 -1 3538 3539 3505 -1 3506 3538 3505 -1 3504 3505 3539 -1 3466 3528 3515 -1 3528 3510 3515 -1 3532 3519 3520 -1 3470 3487 3514 -1 3536 3507 3535 -1 3526 3535 3507 -1 3540 3537 3534 -1 3536 3534 3537 -1 3532 3520 3541 -1 3532 3542 3533 -1 3530 3534 3531 -1 3543 3544 2931 -1 2931 3545 3546 -1 2940 3543 2931 -1 2939 3547 2924 -1 3544 3545 2931 -1 2955 3543 2940 -1 3548 3546 3545 -1 3547 3549 2959 -1 3550 3549 3547 -1 3551 3550 2939 -1 2939 3550 3547 -1 3547 2959 2924 -1 2941 3551 2939 -1 2962 3552 2950 -1 2962 2960 3553 -1 3554 3555 3544 -1 3555 3556 3557 -1 3558 3554 3544 -1 3549 3559 3560 -1 3560 2959 3549 -1 2956 2963 2065 -1 2956 3561 2957 -1 3562 3551 2965 -1 3563 2959 3560 -1 3564 3565 3566 -1 3566 3567 3564 -1 2965 3551 2941 -1 2938 2959 3563 -1 2954 2938 3563 -1 2965 2957 3561 -1 2961 2954 3563 -1 3563 3564 3567 -1 3563 3567 2961 -1 3567 3566 3553 -1 2961 3567 2960 -1 3567 3553 2960 -1 3568 3569 3552 -1 3570 3552 2962 -1 3552 3569 3558 -1 2962 3571 3570 -1 3571 2962 3553 -1 3572 3550 3551 -1 3572 3573 3550 -1 3549 3550 3573 -1 3545 3555 3557 -1 3555 3545 3544 -1 3557 3548 3545 -1 3549 3573 3559 -1 3570 3568 3552 -1 3566 3571 3553 -1 3552 3558 2955 -1 3543 2955 3558 -1 2955 2950 3552 -1 3574 3556 3575 -1 3576 3575 3554 -1 3554 3575 3556 -1 3577 3556 3574 -1 3555 3554 3556 -1 3558 3576 3554 -1 3544 3543 3558 -1 3578 3579 3575 -1 3574 3579 3577 -1 3580 3581 3565 -1 3565 3581 3582 -1 3583 3584 3585 -1 3586 3583 3587 -1 3588 3589 3559 -1 3572 3588 3573 -1 3584 3583 3568 -1 3583 3569 3568 -1 3582 3584 3570 -1 3572 3551 3562 -1 3584 3568 3570 -1 3560 3590 3563 -1 3591 2065 2105 -1 2065 3591 2956 -1 3590 3580 3563 -1 3561 2956 3591 -1 3591 3592 3561 -1 2965 3561 3592 -1 3563 3580 3564 -1 3565 3564 3580 -1 3592 3562 2965 -1 3578 3586 3593 -1 3575 3579 3574 -1 3594 3595 3596 -1 3594 3597 3598 -1 3587 3583 3597 -1 2103 3599 2109 -1 3586 3587 3593 -1 3600 2105 2109 -1 3600 3601 3602 -1 3559 3603 3560 -1 2105 3600 3591 -1 3590 3560 3603 -1 3600 3602 3591 -1 3602 3562 3591 -1 3604 3605 3580 -1 3591 3562 3592 -1 3580 3605 3581 -1 2119 2134 3606 -1 3607 3602 3601 -1 3585 3597 3583 -1 3605 3584 3581 -1 3581 3584 3582 -1 3608 3609 3572 -1 3599 2103 2119 -1 3608 3572 3562 -1 3602 3607 3562 -1 3607 3608 3562 -1 3609 3610 3589 -1 3610 3611 3589 -1 3609 3589 3588 -1 3572 3609 3588 -1 3612 3589 3611 -1 3559 3589 3612 -1 3603 3559 3612 -1 3587 3596 3595 -1 3595 3613 3587 -1 3594 3596 3597 -1 3587 3597 3596 -1 3587 3613 3593 -1 3613 3614 3593 -1 3578 3593 3614 -1 3614 3615 3616 -1 3614 3616 3578 -1 3578 3616 3579 -1 3615 3577 3616 -1 3616 3577 3579 -1 3588 3559 3573 -1 3617 3590 3603 -1 3605 3604 3618 -1 3617 3618 3604 -1 3580 3617 3604 -1 3590 3617 3580 -1 3585 3598 3597 -1 3585 3584 3605 -1 3558 3583 3586 -1 3558 3569 3583 -1 3582 3566 3565 -1 3571 3582 3570 -1 3582 3571 3566 -1 3576 3586 3578 -1 3575 3576 3578 -1 3558 3586 3576 -1 3607 3601 3619 -1 3619 3608 3607 -1 3620 3621 3622 -1 3620 3622 3623 -1 3623 3611 3620 -1 3612 3623 3624 -1 3623 3612 3611 -1 3612 3624 3603 -1 3625 3626 3624 -1 3624 3626 3627 -1 3627 3626 3598 -1 3627 3598 3585 -1 3628 3606 2208 -1 3627 3618 3624 -1 3628 3629 3606 -1 3585 3618 3627 -1 3605 3618 3585 -1 3630 3631 3595 -1 2208 3606 2160 -1 3595 3594 3630 -1 3632 3606 3629 -1 3599 3606 3632 -1 2134 2160 3606 -1 3633 3595 3631 -1 3599 2119 3606 -1 3598 3634 3594 -1 3599 3635 3636 -1 3636 2109 3599 -1 3637 3614 3638 -1 3636 3639 3601 -1 3640 3621 3620 -1 3633 3638 3614 -1 3641 3640 3610 -1 3640 3620 3610 -1 3610 3620 3611 -1 3642 3614 3637 -1 3639 3619 3601 -1 3641 3610 3609 -1 3636 3600 2109 -1 3601 3600 3636 -1 3621 3643 3644 -1 3644 3622 3621 -1 3645 3646 3647 -1 3630 3646 3631 -1 3648 3649 3650 -1 3631 3651 3633 -1 3650 3649 3629 -1 3625 3624 3623 -1 3650 3629 3628 -1 3626 3652 3598 -1 3630 3634 3653 -1 3634 3630 3594 -1 3634 3598 3652 -1 3632 3629 3649 -1 3651 3638 3633 -1 3637 3638 3654 -1 3655 3656 3640 -1 3640 3656 3621 -1 3635 3599 3632 -1 3639 3636 3635 -1 3655 3640 3641 -1 3639 3657 3619 -1 3619 3658 3608 -1 3658 3641 3609 -1 3659 3622 3660 -1 3651 3645 3661 -1 3645 3631 3646 -1 3631 3645 3651 -1 3659 3623 3622 -1 3625 3623 3659 -1 3652 3659 3662 -1 3653 3652 3662 -1 3659 3652 3626 -1 3626 3625 3659 -1 3634 3652 3653 -1 3633 3613 3595 -1 3638 3651 3661 -1 3663 3638 3661 -1 3632 3664 3635 -1 3665 3638 3663 -1 3643 3621 3666 -1 3667 3665 3668 -1 3666 3621 3656 -1 3654 3638 3665 -1 3665 3667 3654 -1 3669 3639 3635 -1 3657 3670 3658 -1 3641 3658 3670 -1 3669 3657 3639 -1 3658 3619 3657 -1 3613 3633 3614 -1 3609 3608 3658 -1 3614 3642 3615 -1 3617 3603 3624 -1 3617 3624 3618 -1 3671 3672 3673 -1 3673 3672 3648 -1 3673 3648 3674 -1 3648 3672 3649 -1 3674 3648 2207 -1 3672 3675 3676 -1 3676 3649 3672 -1 3677 3666 3678 -1 3678 3666 3679 -1 3643 3666 3677 -1 3680 3681 3682 -1 3682 3681 3647 -1 3683 3682 3647 -1 2207 3648 3650 -1 3628 2207 3650 -1 2208 2207 3628 -1 3661 3647 3681 -1 3632 3649 3676 -1 3684 3632 3676 -1 3632 3684 3664 -1 3664 3684 3685 -1 3663 3661 3686 -1 3687 3688 3663 -1 3689 3679 3655 -1 3656 3679 3666 -1 3655 3679 3656 -1 3670 3689 3655 -1 3664 3690 3669 -1 3690 3670 3669 -1 3677 3691 3643 -1 3643 3691 3644 -1 3660 3622 3644 -1 3662 3660 3692 -1 3693 3694 3662 -1 3653 3662 3694 -1 3683 3695 3696 -1 3695 3683 3646 -1 3683 3647 3646 -1 3653 3695 3630 -1 3630 3695 3646 -1 3694 3695 3653 -1 3663 3668 3665 -1 3663 3688 3668 -1 3697 3698 3677 -1 3672 3671 3675 -1 3699 3673 3700 -1 3699 3671 3673 -1 3674 2256 3673 -1 2207 2226 3674 -1 3684 3701 3685 -1 3701 3702 3685 -1 3701 3684 3676 -1 3703 3704 3697 -1 3697 3704 3698 -1 3703 3697 3705 -1 3705 3697 3678 -1 3678 3697 3677 -1 3694 3696 3695 -1 3706 3698 3704 -1 3706 3691 3698 -1 3691 3677 3698 -1 3691 3707 3644 -1 2256 3674 2226 -1 3708 3709 3680 -1 3708 3710 3711 -1 3708 3680 3710 -1 3712 3713 3714 -1 3715 3710 3682 -1 3710 3680 3682 -1 2256 3700 3673 -1 3716 3700 2256 -1 3680 3709 3717 -1 3680 3717 3681 -1 3715 3682 3683 -1 3715 3683 3696 -1 3718 3692 3719 -1 3644 3719 3660 -1 3692 3660 3719 -1 3718 3696 3693 -1 3693 3692 3718 -1 3662 3692 3693 -1 3686 3717 3720 -1 3662 3659 3660 -1 3700 3712 3699 -1 3699 3712 3714 -1 3693 3696 3694 -1 3647 3661 3645 -1 3702 3721 3722 -1 3723 3722 3721 -1 3717 3686 3681 -1 3724 3725 3686 -1 3709 3720 3717 -1 3725 3663 3686 -1 3661 3681 3686 -1 3685 3702 3722 -1 3725 3726 3687 -1 3687 3663 3725 -1 3722 3723 3689 -1 3685 3722 3690 -1 3722 3689 3690 -1 3670 3690 3689 -1 3678 3679 3723 -1 3723 3679 3689 -1 3664 3685 3690 -1 3641 3670 3655 -1 3635 3664 3669 -1 3670 3657 3669 -1 3727 3728 3729 -1 3729 3728 3704 -1 3730 3729 3705 -1 3728 3706 3704 -1 3705 3729 3703 -1 3729 3704 3703 -1 3731 3713 3732 -1 3733 3675 3671 -1 3734 3675 3733 -1 3675 3734 3735 -1 3735 3676 3675 -1 3734 3736 3737 -1 3734 3737 3735 -1 3738 3708 3711 -1 3738 3739 3708 -1 3709 3739 3740 -1 3701 3735 3741 -1 3708 3739 3709 -1 3735 3742 3741 -1 3701 3676 3735 -1 3743 3741 3742 -1 3707 3691 3706 -1 3744 3707 3706 -1 3707 3745 3746 -1 3744 3745 3707 -1 3741 3747 3702 -1 3741 3743 3747 -1 3702 3747 3721 -1 3747 3705 3723 -1 3723 3721 3747 -1 3644 3707 3719 -1 3723 3705 3678 -1 3707 3746 3718 -1 3707 3718 3719 -1 3696 3718 3746 -1 3748 3711 3715 -1 3745 3748 3715 -1 3715 3711 3710 -1 3745 3715 3746 -1 3715 3696 3746 -1 3713 3731 3714 -1 3731 3749 3714 -1 3750 3713 3712 -1 3750 3712 3716 -1 3751 3720 3752 -1 3714 3749 3753 -1 3716 3712 3700 -1 3714 3753 3733 -1 3733 3699 3714 -1 3671 3699 3733 -1 3720 3751 3724 -1 3751 3754 3755 -1 3755 3724 3751 -1 3724 3755 3725 -1 3755 3726 3725 -1 3728 3756 3757 -1 3758 3759 3760 -1 3758 3727 3759 -1 3728 3757 3706 -1 3761 3757 3762 -1 3763 3764 3732 -1 3765 3732 3764 -1 3738 3766 3739 -1 3765 3731 3732 -1 3731 3765 3767 -1 3748 3738 3711 -1 3763 3732 3713 -1 3756 3728 3768 -1 3731 3767 3749 -1 3769 3770 3771 -1 3767 3772 3749 -1 3773 3770 3769 -1 3769 3754 3773 -1 3774 3739 3775 -1 3775 3739 3766 -1 3776 3768 3777 -1 3774 3778 3779 -1 3780 3781 3782 -1 3777 3727 3758 -1 3781 3783 3784 -1 3784 3783 3785 -1 3784 3785 3786 -1 3750 3763 3713 -1 3753 3749 3772 -1 3777 3768 3727 -1 3727 3768 3728 -1 3752 3720 3787 -1 3716 2255 3750 -1 3788 3770 3773 -1 3752 3788 3751 -1 3773 3751 3788 -1 3754 3751 3773 -1 3686 3720 3724 -1 2256 2255 3716 -1 3753 3789 3734 -1 3753 3734 3733 -1 3789 3790 3736 -1 3736 3734 3789 -1 3736 3791 3792 -1 3736 3792 3737 -1 3729 3759 3727 -1 3793 3759 3730 -1 3759 3729 3730 -1 3791 3736 3790 -1 3790 3794 3791 -1 3794 3793 3795 -1 3792 3791 3743 -1 3791 3794 3743 -1 3794 3795 3743 -1 3793 3730 3795 -1 3705 3795 3730 -1 3737 3792 3742 -1 3742 3735 3737 -1 3702 3701 3741 -1 3743 3742 3792 -1 3705 3743 3795 -1 3747 3743 3705 -1 3774 3779 3787 -1 3787 3740 3774 -1 3787 3796 3752 -1 3788 3752 3796 -1 3796 3797 3770 -1 3770 3788 3796 -1 3770 3797 3771 -1 3744 3706 3757 -1 3761 3744 3757 -1 3798 3761 3762 -1 3798 3799 3761 -1 3799 3745 3761 -1 3745 3744 3761 -1 3748 3745 3799 -1 3740 3739 3774 -1 3740 3787 3720 -1 3738 3748 3799 -1 3740 3720 3709 -1 3784 3786 3800 -1 3786 3801 3800 -1 3776 3802 3768 -1 3768 3802 3803 -1 3804 3767 3805 -1 3804 3772 3767 -1 3804 3753 3772 -1 3787 3779 3806 -1 3782 3781 3807 -1 3808 3809 3810 -1 3811 3812 3813 -1 3779 3809 3808 -1 3812 3753 3804 -1 3753 3812 3789 -1 3784 3800 3807 -1 3811 3790 3812 -1 3784 3807 3781 -1 3814 3776 3777 -1 3814 3777 3758 -1 3815 3811 3813 -1 3811 3815 3816 -1 3808 3806 3779 -1 3814 3758 3760 -1 3806 3808 3817 -1 3817 3808 3818 -1 3818 3800 3817 -1 3801 3817 3800 -1 3819 3817 3801 -1 3796 3787 3806 -1 3806 3817 3796 -1 3796 3817 3819 -1 3796 3819 3797 -1 3786 3785 3820 -1 3820 3801 3786 -1 3812 3790 3789 -1 3801 3820 3821 -1 3776 3814 3822 -1 3801 3821 3819 -1 3794 3790 3811 -1 3811 3816 3794 -1 3816 3760 3759 -1 3794 3816 3793 -1 3816 3759 3793 -1 3765 3805 3767 -1 3805 3823 3804 -1 3824 3809 3779 -1 3825 3803 3802 -1 3803 3826 3827 -1 3797 3819 3821 -1 3803 3756 3768 -1 3827 3756 3803 -1 3797 3821 3828 -1 3828 3771 3797 -1 3775 3829 3774 -1 3829 3778 3774 -1 3824 3779 3778 -1 3830 3756 3827 -1 3830 3757 3756 -1 3830 3762 3757 -1 3762 3831 3798 -1 3832 3798 3831 -1 3798 3832 3799 -1 3832 3775 3766 -1 3799 3766 3738 -1 3832 3766 3799 -1 3833 3780 3782 -1 3833 3834 3780 -1 3835 3809 3836 -1 3810 3835 3837 -1 3838 3782 3837 -1 3837 3782 3807 -1 3812 3823 3813 -1 3839 3822 3814 -1 3807 3840 3837 -1 3810 3840 3818 -1 3818 3808 3810 -1 3800 3818 3840 -1 3800 3840 3807 -1 3802 3841 3825 -1 3825 3842 3843 -1 3844 3843 3845 -1 3846 3847 3848 -1 3846 3848 3829 -1 3843 3803 3825 -1 3826 3803 3843 -1 3849 3850 3841 -1 3851 3849 3822 -1 3852 3853 3839 -1 3853 3854 3839 -1 3822 3849 3776 -1 3854 3822 3839 -1 3804 3823 3812 -1 3823 3852 3813 -1 3802 3849 3841 -1 3849 3802 3776 -1 3855 3852 3823 -1 3815 3813 3852 -1 3852 3839 3815 -1 3847 3836 3824 -1 3824 3836 3809 -1 3816 3815 3839 -1 3839 3814 3760 -1 3824 3848 3847 -1 3760 3816 3839 -1 3856 3843 3844 -1 3856 3826 3843 -1 3857 3826 3856 -1 3844 3858 3859 -1 3860 3857 3856 -1 3859 3856 3844 -1 3856 3859 3860 -1 3826 3857 3830 -1 3830 3827 3826 -1 3860 3859 3861 -1 3857 3860 3831 -1 3831 3830 3857 -1 3861 3831 3860 -1 3858 3829 3859 -1 3824 3778 3848 -1 3848 3778 3829 -1 3859 3829 3775 -1 3859 3775 3861 -1 3861 3775 3832 -1 3835 3810 3809 -1 3840 3810 3837 -1 3830 3831 3762 -1 3831 3861 3832 -1 3862 3863 3864 -1 3851 3850 3849 -1 3845 3843 3842 -1 3858 3844 3845 -1 3847 3865 3836 -1 3846 3865 3847 -1 3855 3853 3852 -1 3858 3846 3829 -1 3866 3854 3853 -1 3862 3864 3836 -1 3854 3851 3822 -1 3838 3835 3864 -1 3837 3835 3838 -1 3864 3833 3838 -1 3833 3782 3838 -1 3864 3834 3833 -1 3836 3865 3867 -1 3868 3867 3865 -1 3869 3870 3871 -1 3868 3865 3869 -1 3872 3873 3862 -1 3873 3874 3862 -1 3873 3875 3874 -1 3876 3874 3875 -1 3874 3876 3877 -1 3878 3877 3876 -1 3877 3863 3874 -1 3877 3864 3863 -1 3864 3877 3834 -1 3834 3877 3879 -1 3879 3877 3878 -1 3836 3867 3880 -1 3880 3862 3836 -1 3880 3872 3862 -1 3862 3874 3863 -1 3842 3881 3845 -1 3881 3882 3845 -1 3883 3845 3882 -1 3882 3870 3883 -1 3845 3883 3858 -1 3870 3869 3883 -1 3865 3846 3869 -1 3883 3869 3846 -1 3883 3846 3858 -1 3864 3835 3836 -1 3869 3871 3868 -1 3884 3872 3885 -1 3886 3884 3885 -1 3884 3887 3888 -1 3886 3887 3884 -1 3872 3884 3875 -1 3875 3873 3872 -1 3888 3875 3884 -1 3889 3886 3890 -1 3889 3887 3886 -1 3891 3888 3887 -1 3892 3875 3888 -1 3891 3892 3888 -1 3876 3893 3878 -1 3892 3876 3875 -1 3893 3876 3892 -1 3894 3895 3896 -1 3897 3898 3896 -1 3899 3898 3897 -1 3896 3441 3894 -1 3441 3896 3442 -1 3896 3898 3442 -1 3899 3900 3898 -1 3898 3900 3442 -1 3442 3900 3495 -1 3901 3894 3413 -1 3413 3894 3448 -1 3894 3441 3448 -1 3902 3899 3903 -1 3904 3900 3899 -1 3899 3902 3904 -1 3900 3904 3495 -1 3904 3512 3450 -1 3450 3495 3904 -1 3512 3478 3450 -1 3905 3463 3906 -1 3463 3905 3464 -1 3905 3907 3464 -1 3908 3514 3909 -1 3514 3908 3468 -1 3897 3910 3911 -1 3908 3906 3463 -1 3464 3907 3466 -1 3468 3908 3463 -1 3901 3912 3895 -1 3913 3896 3895 -1 3901 3895 3894 -1 3911 3903 3897 -1 3897 3913 3910 -1 3913 3897 3896 -1 3897 3903 3899 -1 3914 3502 3915 -1 3503 3502 3914 -1 3916 3917 3906 -1 3918 3503 3914 -1 3503 3918 3518 -1 3906 3917 3905 -1 3530 3518 3918 -1 3919 3914 3915 -1 3914 3919 3918 -1 3518 3530 3476 -1 3530 3918 3920 -1 3921 3922 3923 -1 3924 3909 3925 -1 3908 3909 3924 -1 3908 3916 3906 -1 3911 3926 3927 -1 3905 3928 3907 -1 3911 3929 3903 -1 3928 3905 3917 -1 3930 3928 3931 -1 3928 3930 3907 -1 3528 3907 3930 -1 3903 3929 3932 -1 3933 3934 3935 -1 3528 3466 3907 -1 3936 3925 3909 -1 3936 3909 3513 -1 3909 3514 3513 -1 3529 3930 3934 -1 3930 3529 3528 -1 3934 3933 3529 -1 3529 3933 3508 -1 3502 3508 3933 -1 3937 3921 3938 -1 3922 3921 3937 -1 3937 3939 3922 -1 3937 3938 3940 -1 3938 3926 3910 -1 3910 3940 3938 -1 3926 3911 3910 -1 3939 3937 3940 -1 3939 3940 3941 -1 3913 3941 3940 -1 3940 3910 3913 -1 3913 3895 3941 -1 3941 3895 3912 -1 3932 3902 3903 -1 3932 3925 3902 -1 3925 3936 3902 -1 3902 3936 3904 -1 3904 3936 3512 -1 3513 3512 3936 -1 3930 3935 3934 -1 3942 3931 3943 -1 3943 3931 3917 -1 3919 3920 3918 -1 3924 3944 3916 -1 3933 3915 3502 -1 3924 3916 3908 -1 3928 3917 3931 -1 3931 3945 3930 -1 3930 3945 3935 -1 3921 3946 3938 -1 3926 3938 3946 -1 3927 3929 3911 -1 3947 3929 3927 -1 3932 3929 3947 -1 3932 3924 3925 -1 3948 3949 3950 -1 3950 3951 3948 -1 3948 3951 3952 -1 3953 3950 3949 -1 3951 3954 3955 -1 3956 3957 3958 -1 3954 3959 3955 -1 3960 3961 3962 -1 3960 3962 3963 -1 3962 3959 3963 -1 3954 3951 3964 -1 3950 3964 3951 -1 3965 3950 3953 -1 3953 3966 3965 -1 3965 3966 3967 -1 3968 3969 3970 -1 3971 3970 3969 -1 3967 3942 3965 -1 3972 3971 3969 -1 3966 3973 3967 -1 3972 3974 3975 -1 3976 3977 3978 -1 3976 3978 3979 -1 3980 3978 3981 -1 3981 3982 3980 -1 3974 3983 3984 -1 3985 3982 3986 -1 3987 3988 3984 -1 3974 3984 3989 -1 3981 3978 3977 -1 3960 3987 3961 -1 3988 3987 3960 -1 3990 3976 3979 -1 3986 3982 3991 -1 3991 3982 3915 -1 3976 3990 3920 -1 3990 3958 3957 -1 3920 3990 3957 -1 3960 3963 3992 -1 3954 3993 3959 -1 3954 3964 3993 -1 3993 3964 3943 -1 3942 3943 3964 -1 3964 3950 3965 -1 3965 3942 3964 -1 3994 3963 3944 -1 3963 3959 3944 -1 3917 3993 3943 -1 3959 3993 3916 -1 3993 3917 3916 -1 3959 3916 3944 -1 3971 3972 3975 -1 3947 3994 3924 -1 3975 3974 3995 -1 3944 3924 3994 -1 3970 3971 3923 -1 3971 3975 3926 -1 3923 3971 3946 -1 3971 3926 3946 -1 3942 3967 3996 -1 3975 3995 3926 -1 3996 3931 3942 -1 3967 3973 3997 -1 3995 3974 3989 -1 3927 3926 3995 -1 3989 3927 3995 -1 3996 3967 3997 -1 3997 3973 3986 -1 3989 3984 3998 -1 3988 3998 3984 -1 3988 3960 3992 -1 3931 3996 3945 -1 3946 3921 3923 -1 3996 3997 3945 -1 3945 3997 3935 -1 3997 3986 3935 -1 3989 3998 3927 -1 3927 3998 3947 -1 3998 3988 3992 -1 3992 3947 3998 -1 3994 3947 3992 -1 3992 3963 3994 -1 3924 3932 3947 -1 3915 3982 3981 -1 3915 3981 3919 -1 3920 3977 3976 -1 3981 3977 3919 -1 3920 3919 3977 -1 3991 3935 3986 -1 3991 3933 3935 -1 3915 3933 3991 -1 3530 3920 3957 -1 3999 3530 3957 -1 3957 3956 3999 -1 3999 3956 3540 -1 3534 3530 3999 -1 3540 3534 3999 -1 3962 4000 3955 -1 4000 3952 3955 -1 4001 3983 3974 -1 3955 3952 3951 -1 3983 4002 3987 -1 3983 3987 3984 -1 3962 3955 3959 -1 3952 4000 4003 -1 3966 3953 4004 -1 3952 4005 3948 -1 3949 3948 4005 -1 3966 4006 3985 -1 3969 4007 3972 -1 3953 3949 4008 -1 4009 4010 3974 -1 3966 3985 3973 -1 3985 3986 3973 -1 3953 4008 4004 -1 4011 4012 4013 -1 3979 4011 4014 -1 3980 3985 4006 -1 4003 3987 4002 -1 3987 4003 3961 -1 4013 4012 3978 -1 3980 4013 3978 -1 4012 3979 3978 -1 4012 4011 3979 -1 4000 3961 4003 -1 3961 4000 3962 -1 3982 3985 3980 -1 3990 4015 3958 -1 4016 4017 3949 -1 4018 4019 4020 -1 4021 4019 4018 -1 4021 4016 4005 -1 3949 4005 4016 -1 4019 4021 4005 -1 4022 4020 4019 -1 4022 4019 3952 -1 4019 4005 3952 -1 4017 4023 4024 -1 4024 3949 4017 -1 4008 3949 4024 -1 4024 4025 4008 -1 4026 4027 4028 -1 4026 4028 4029 -1 4029 4028 4030 -1 4025 4031 4032 -1 4031 4033 4032 -1 4030 4034 4035 -1 4036 4035 4034 -1 4032 4008 4025 -1 4032 4033 4037 -1 4037 4033 4038 -1 4029 4030 3968 -1 4039 4040 4041 -1 4042 4041 4033 -1 4043 4001 4044 -1 4014 4011 4040 -1 4045 4046 4022 -1 4041 4038 4033 -1 4001 4043 4047 -1 4045 4047 4043 -1 4041 4040 4013 -1 4002 4045 4022 -1 4045 4002 4047 -1 4038 4041 3980 -1 4013 3980 4041 -1 4038 3980 4006 -1 4011 4013 4040 -1 4022 3952 4003 -1 4022 4003 4002 -1 4032 4037 4008 -1 4008 4037 4004 -1 4037 4038 4006 -1 4006 4004 4037 -1 4028 4034 4030 -1 4034 4048 4036 -1 4044 4036 4048 -1 3968 4030 4007 -1 4007 4030 4035 -1 3972 4007 4035 -1 3969 3968 4007 -1 4004 4006 3966 -1 4009 4035 4036 -1 4036 4044 4010 -1 4010 4009 4036 -1 4044 4001 4010 -1 4009 3972 4035 -1 4009 3974 3972 -1 4001 4047 3983 -1 4010 4001 3974 -1 3983 4047 4002 -1 4015 3990 3979 -1 4023 4017 4049 -1 4031 4050 4033 -1 4051 4042 4052 -1 4052 4042 4050 -1 4053 4054 4055 -1 4056 4054 4057 -1 4058 4059 4056 -1 4041 4042 4039 -1 4044 4060 4043 -1 4061 4043 4060 -1 4043 4061 4045 -1 4062 4063 4049 -1 4064 4065 4066 -1 4023 4049 4063 -1 4057 4054 4053 -1 4067 4068 4069 -1 4058 4057 4070 -1 4058 4056 4057 -1 4070 4071 4072 -1 4073 4074 4075 -1 4070 4072 4058 -1 4074 4073 4076 -1 4074 4076 4077 -1 4077 4076 4078 -1 4058 4072 4059 -1 4077 4078 4079 -1 4079 4080 4077 -1 4081 4080 4079 -1 4082 4059 4072 -1 4083 4081 4079 -1 4083 4084 4085 -1 4059 4082 4018 -1 4084 4086 4087 -1 4018 4082 4088 -1 4018 4088 4021 -1 4085 4081 4083 -1 4084 4087 4085 -1 4023 4089 4069 -1 4089 4067 4069 -1 4090 4087 4086 -1 4090 4086 4091 -1 4090 4055 4087 -1 4055 4090 4053 -1 4082 4062 4088 -1 4062 4049 4088 -1 4063 4089 4023 -1 4016 4088 4049 -1 4059 4020 4056 -1 4056 4020 4046 -1 4059 4018 4020 -1 4088 4016 4021 -1 4049 4017 4016 -1 4024 4023 4069 -1 4024 4069 4025 -1 4069 4068 4025 -1 4092 4025 4068 -1 4068 4052 4092 -1 4050 4092 4052 -1 4046 4020 4022 -1 4025 4092 4031 -1 4050 4031 4092 -1 4079 4078 4083 -1 4033 4050 4042 -1 4081 4093 4080 -1 4093 4081 4094 -1 4094 4095 4093 -1 4081 4085 4094 -1 4034 4094 4085 -1 4085 4087 4034 -1 4095 4094 4027 -1 4095 4027 4026 -1 4027 4094 4034 -1 4027 4034 4028 -1 4087 4055 4048 -1 4055 4054 4048 -1 4048 4034 4087 -1 4048 4054 4044 -1 4054 4060 4044 -1 4060 4054 4056 -1 4060 4056 4061 -1 4061 4056 4046 -1 4045 4061 4046 -1 4096 4051 4052 -1 4097 4098 4062 -1 4062 4099 4063 -1 4071 4100 4101 -1 4100 4071 4070 -1 4097 4062 4082 -1 4071 4097 4082 -1 4065 4073 4075 -1 4073 4065 4102 -1 4082 4072 4071 -1 4099 4103 4063 -1 4104 4105 4106 -1 4103 4089 4063 -1 4090 4091 4106 -1 4068 4067 4107 -1 4108 4096 4107 -1 4107 4096 4052 -1 4107 4052 4068 -1 4067 4089 4103 -1 4109 4110 4053 -1 4108 4111 4112 -1 4109 4053 4090 -1 4067 4108 4107 -1 4113 4053 4110 -1 4053 4113 4100 -1 4113 4101 4100 -1 4100 4057 4053 -1 4057 4100 4070 -1 4114 4115 4116 -1 4114 4116 4098 -1 4114 4098 4097 -1 4115 4117 4118 -1 4118 4116 4115 -1 4116 4118 4103 -1 4116 4103 4099 -1 4103 4118 4111 -1 4065 4064 4119 -1 4120 4110 4114 -1 4097 4120 4114 -1 4121 4122 4119 -1 4065 4119 4102 -1 4119 4123 4102 -1 4111 4067 4103 -1 4122 4123 4119 -1 4122 4124 4123 -1 4125 4126 4123 -1 4127 4128 4111 -1 4112 4111 4128 -1 4123 4124 4125 -1 4125 4124 4129 -1 4105 4104 4125 -1 4105 4130 4131 -1 4131 4130 4132 -1 4105 4131 4106 -1 4109 4106 4131 -1 4109 4131 4110 -1 4132 4110 4131 -1 4114 4110 4132 -1 4111 4118 4127 -1 4110 4120 4113 -1 4113 4120 4101 -1 4071 4101 4120 -1 4099 4098 4116 -1 4120 4097 4071 -1 4098 4099 4062 -1 4102 4123 4126 -1 4133 4073 4102 -1 4076 4073 4133 -1 4133 4078 4076 -1 4126 4133 4102 -1 4133 4126 4134 -1 4133 4134 4084 -1 4086 4084 4134 -1 4108 4067 4111 -1 4125 4129 4105 -1 4126 4125 4134 -1 4135 4134 4104 -1 4104 4134 4125 -1 4136 4105 4129 -1 4108 4112 4096 -1 4135 4104 4091 -1 4104 4106 4091 -1 4134 4135 4086 -1 4091 4086 4135 -1 4133 4083 4078 -1 4084 4083 4133 -1 4106 4109 4090 -1 4132 4137 4114 -1 4115 4114 4137 -1 4138 4139 4137 -1 4139 4140 4141 -1 4141 4137 4139 -1 4117 4141 4142 -1 4143 4117 4142 -1 4141 4117 4115 -1 4130 4105 4136 -1 4136 4138 4130 -1 4130 4138 4132 -1 4137 4141 4115 -1 4138 4137 4132 -1 4144 1998 1996 -1 2000 1998 4144 -1 4145 2011 4146 -1 4145 4147 4148 -1 4147 4149 4148 -1 1996 4149 4150 -1 4148 1994 4145 -1 1994 2011 4145 -1 4148 4149 1996 -1 4148 1996 1994 -1 4144 1996 4150 -1 4144 4150 4151 -1 4151 4152 4144 -1 4152 2000 4144 -1 4152 2031 2000 -1 4153 2027 2053 -1 2027 4153 4146 -1 2026 2027 4146 -1 2026 4146 2011 -1 4147 4154 4155 -1 4147 4156 4149 -1 4157 4158 4159 -1 4153 4154 4146 -1 4154 4147 4146 -1 4146 4147 4145 -1 4156 4160 4149 -1 4160 4159 4149 -1 4149 4159 4150 -1 4150 4159 4158 -1 4150 4158 4151 -1 4151 4158 4161 -1 4162 4151 4161 -1 4152 4151 4162 -1 4162 2031 4152 -1 4155 4156 4147 -1 4160 4157 4159 -1 4161 4158 4163 -1 4161 4163 4164 -1 4165 4162 4161 -1 4165 4166 4162 -1 2031 4162 4166 -1 2056 2031 4166 -1 4167 4168 4169 -1 4167 4170 4168 -1 4170 4171 2053 -1 4172 4173 4157 -1 4174 4157 4173 -1 4174 4158 4157 -1 4158 4174 4163 -1 4164 4165 4161 -1 2056 4166 4175 -1 2068 2056 4175 -1 4176 4177 4178 -1 4176 4167 4177 -1 4179 4171 4176 -1 4176 4170 4167 -1 4176 4171 4170 -1 4180 4181 4182 -1 4181 4183 4182 -1 4184 4180 4182 -1 4180 4185 4179 -1 4184 4185 4180 -1 4186 4184 4182 -1 4186 4187 4184 -1 4186 4188 4187 -1 4187 4188 4172 -1 4188 4189 4173 -1 4173 4172 4188 -1 4173 4189 4190 -1 4185 4191 4171 -1 4174 4173 4190 -1 4174 4190 4192 -1 4163 4174 4192 -1 4164 4163 4192 -1 4171 4179 4185 -1 4183 4186 4182 -1 4188 4193 4194 -1 4188 4194 4189 -1 4171 4191 2053 -1 2053 4191 4153 -1 4153 4191 4154 -1 4191 4185 4154 -1 4154 4184 4155 -1 4185 4184 4154 -1 4156 4155 4184 -1 4184 4187 4156 -1 4156 4187 4160 -1 4187 4172 4160 -1 4160 4172 4157 -1 4195 4196 4197 -1 4198 4199 4200 -1 4201 4178 4202 -1 4179 4176 4178 -1 4203 4196 4195 -1 4203 4195 4204 -1 4205 4196 4181 -1 4181 4201 4205 -1 4201 4181 4180 -1 4181 4196 4183 -1 4196 4203 4183 -1 4200 4203 4204 -1 4183 4203 4200 -1 4200 4204 4198 -1 4206 4200 4199 -1 4193 4200 4206 -1 4201 4179 4178 -1 4201 4180 4179 -1 4183 4193 4186 -1 4207 4193 4206 -1 4207 4208 4193 -1 4194 4193 4208 -1 4209 4189 4210 -1 4190 4189 4209 -1 4209 4211 4190 -1 4211 4192 4190 -1 4212 4192 4213 -1 4164 4192 4212 -1 4212 4165 4164 -1 4199 4198 4214 -1 4206 4199 4215 -1 4216 4202 4217 -1 4218 4216 4217 -1 4205 4202 4216 -1 4202 4205 4201 -1 4216 4197 4205 -1 4196 4205 4197 -1 4165 4212 4219 -1 4217 4202 4178 -1 4193 4183 4200 -1 4186 4193 4188 -1 4194 4208 4210 -1 4194 4210 4189 -1 4213 4192 4211 -1 2068 4175 2161 -1 4207 4206 4215 -1 4215 4220 4207 -1 4214 4215 4199 -1 4208 4207 4220 -1 4210 4208 4220 -1 4215 4214 4221 -1 4220 4222 4210 -1 4209 4210 4222 -1 4223 4209 4222 -1 4211 4209 4223 -1 4213 4211 4223 -1 4213 4223 4224 -1 4224 4212 4213 -1 4212 4224 4219 -1 4165 4219 4225 -1 4166 4165 4225 -1 4166 4225 4175 -1 4220 4215 4226 -1 4226 4227 4220 -1 4228 2161 4175 -1 4226 4215 4221 -1 4227 4222 4220 -1 4175 4225 4228 -1 4223 4222 4229 -1 4229 4230 4223 -1 4224 4223 4230 -1 4230 4231 4224 -1 4219 4224 4231 -1 4231 4232 4219 -1 4232 4225 4219 -1 4226 4221 4233 -1 4222 4227 4229 -1 4228 4225 4234 -1 4228 2235 2161 -1 4230 4229 4235 -1 4235 4236 4230 -1 4231 4230 4236 -1 4236 4232 4231 -1 4237 4238 3764 -1 3764 4238 4239 -1 4239 3765 3764 -1 4240 4234 4232 -1 4225 4232 4234 -1 4237 2286 4241 -1 2286 4237 3763 -1 2286 3763 3750 -1 2287 2286 3750 -1 2255 2287 3750 -1 4242 4243 4238 -1 3763 4237 3764 -1 3765 4239 3805 -1 4226 4244 4227 -1 4229 4227 4244 -1 4244 4245 4229 -1 4246 4247 4228 -1 2235 4228 4247 -1 4248 4249 4242 -1 2274 2235 4247 -1 4250 2302 4251 -1 2302 2292 4251 -1 4252 4242 4238 -1 4238 4250 4252 -1 4250 4238 4237 -1 4253 4254 2301 -1 4254 2290 2301 -1 4254 4255 2293 -1 2286 2285 4241 -1 2290 4254 2288 -1 2293 2288 4254 -1 4241 4250 4237 -1 4249 4256 4243 -1 4243 4242 4249 -1 4238 4243 4257 -1 4257 4239 4238 -1 4257 4258 4239 -1 4239 4258 3855 -1 4239 3823 3805 -1 4239 3855 3823 -1 4235 4229 4245 -1 4245 4259 4235 -1 2302 4241 2285 -1 4235 4260 4236 -1 4241 2302 4250 -1 4236 4260 4261 -1 4261 4240 4236 -1 4232 4236 4240 -1 4262 3841 3850 -1 4263 4248 4264 -1 4263 4249 4248 -1 4252 4248 4242 -1 4263 4256 4249 -1 4256 4265 4266 -1 4251 4252 4250 -1 2292 4267 4251 -1 4244 4226 4268 -1 4260 4235 4269 -1 4262 3825 3841 -1 3842 3825 4262 -1 4234 4240 4270 -1 4266 4243 4256 -1 4234 4271 4228 -1 4246 4228 4271 -1 4266 4257 4243 -1 4266 4272 4257 -1 2274 4247 2306 -1 4273 4257 4272 -1 4253 4274 4254 -1 4275 4253 2301 -1 2293 4255 4267 -1 4267 2292 2293 -1 4233 4268 4226 -1 4262 4276 4277 -1 4278 4279 4280 -1 3871 4277 4281 -1 4277 3871 3870 -1 3872 4282 4283 -1 4245 4244 4284 -1 4260 4269 4285 -1 4286 4287 4264 -1 3867 4288 4282 -1 4285 4261 4260 -1 4282 3872 3880 -1 4289 4234 4270 -1 4234 4289 4271 -1 4280 4286 4290 -1 4291 4292 4293 -1 4262 4293 4292 -1 4271 4294 4246 -1 4247 4246 4294 -1 4276 4262 4292 -1 4295 2306 4247 -1 4295 4296 2306 -1 4286 4264 4297 -1 4298 4299 4287 -1 4300 4301 4299 -1 4291 4302 4303 -1 4296 2303 2306 -1 2307 2303 4296 -1 4299 4301 4304 -1 4299 4304 4287 -1 4301 4300 4265 -1 4287 4304 4264 -1 4305 4306 4307 -1 4307 4308 4309 -1 4265 4310 4311 -1 4310 4312 4311 -1 4311 4312 4313 -1 4307 4309 4314 -1 4315 4305 2308 -1 4316 4291 4317 -1 4275 2308 4305 -1 4275 4305 4314 -1 2308 4318 4315 -1 4305 4307 4314 -1 4317 4291 4293 -1 4313 4312 4319 -1 4279 4309 4320 -1 4316 4321 4312 -1 4312 4321 4319 -1 4322 4319 4321 -1 4314 4309 4274 -1 4279 4274 4309 -1 4316 4317 4321 -1 4262 3850 4293 -1 2301 2300 4275 -1 4275 2300 2308 -1 3881 4262 4277 -1 4274 4255 4254 -1 3870 3882 4277 -1 4290 4267 4278 -1 4267 4290 4323 -1 4323 4286 4297 -1 4259 4269 4235 -1 3880 3867 4282 -1 4267 4323 4251 -1 4323 4297 4251 -1 4297 4264 4248 -1 4261 4324 4240 -1 4324 4270 4240 -1 4297 4248 4252 -1 4297 4252 4251 -1 2311 4318 2310 -1 2310 4318 2309 -1 4325 4313 4326 -1 4325 4326 4273 -1 4325 4273 4272 -1 4257 4273 4258 -1 3855 4258 3853 -1 4326 4319 4327 -1 3866 4273 4326 -1 4327 3866 4326 -1 4319 4322 4327 -1 4253 4275 4314 -1 4314 4274 4253 -1 3866 4327 3854 -1 4327 4322 3854 -1 4318 2308 2309 -1 4322 4321 3851 -1 3851 3854 4322 -1 3866 4258 4273 -1 4255 4274 4279 -1 3866 3853 4258 -1 4255 4279 4278 -1 3881 3842 4262 -1 4255 4278 4267 -1 4290 4278 4280 -1 4277 3882 3881 -1 4286 4323 4290 -1 4304 4301 4256 -1 4304 4263 4264 -1 4256 4263 4304 -1 4265 4256 4301 -1 4313 4325 4311 -1 4259 4245 4284 -1 4265 4311 4272 -1 4325 4272 4311 -1 4272 4266 4265 -1 4313 4319 4326 -1 3850 4321 4317 -1 4321 3850 3851 -1 3850 4317 4293 -1 4328 4329 4295 -1 4330 4331 4298 -1 4330 4332 4331 -1 4333 4303 4334 -1 4331 4332 4335 -1 4336 4337 4306 -1 4303 4333 4292 -1 4298 4331 4299 -1 4244 4268 4284 -1 4331 4335 4300 -1 4285 4338 4261 -1 4292 4291 4303 -1 4306 4337 4308 -1 4324 4261 4338 -1 4300 4299 4331 -1 4339 4289 4270 -1 4294 4271 4289 -1 4340 4288 4341 -1 4294 4328 4247 -1 4247 4328 4295 -1 4341 4288 3867 -1 4342 4343 4344 -1 4343 4342 4334 -1 4288 4283 4282 -1 4306 4308 4307 -1 4345 4343 4346 -1 4346 4343 4302 -1 4343 4334 4302 -1 4303 4302 4334 -1 4305 4315 4347 -1 4305 4347 4306 -1 4320 4308 4337 -1 4296 4295 4329 -1 4296 4329 4348 -1 4349 4348 4329 -1 4316 4302 4291 -1 4346 4302 4316 -1 4309 4308 4320 -1 4276 4281 4277 -1 4296 4348 2307 -1 4348 2311 2307 -1 4320 4350 4279 -1 4351 4265 4300 -1 4279 4350 4352 -1 4348 4315 4318 -1 4265 4351 4310 -1 4353 4312 4354 -1 4348 4318 2311 -1 3871 4281 3868 -1 4353 4346 4316 -1 4352 4355 4287 -1 4316 4312 4353 -1 4298 4287 4355 -1 4280 4279 4352 -1 4286 4280 4352 -1 4352 4287 4286 -1 4289 4356 4294 -1 4294 4356 4357 -1 4358 4333 4359 -1 4335 4360 4361 -1 4362 4363 4330 -1 4285 4269 4364 -1 4338 4285 4365 -1 4332 4363 4366 -1 4365 4367 4338 -1 4368 4361 4354 -1 4361 4369 4354 -1 4333 4358 4292 -1 4338 4367 4324 -1 4289 4339 4356 -1 4361 4368 4351 -1 4330 4363 4332 -1 4357 4356 4370 -1 4361 4300 4335 -1 4371 4276 4358 -1 4372 4371 4358 -1 4300 4361 4351 -1 4328 4294 4357 -1 4369 4373 4374 -1 4375 4371 4372 -1 4374 4354 4369 -1 4328 4357 4329 -1 4349 4329 4357 -1 4357 4370 4376 -1 4373 4377 4374 -1 4370 4378 4376 -1 4345 4374 4377 -1 4379 4376 4378 -1 4292 4358 4276 -1 4357 4376 4349 -1 4380 4344 4345 -1 4381 4382 4383 -1 4344 4384 4342 -1 4379 4349 4376 -1 4345 4344 4343 -1 4385 4306 4379 -1 4381 4340 4382 -1 4341 4382 4340 -1 4347 4379 4306 -1 4375 4382 4371 -1 4382 4341 4371 -1 4337 4386 4320 -1 4336 4385 4387 -1 4388 4342 4384 -1 4386 4389 4320 -1 4333 4342 4388 -1 4390 4336 4391 -1 4385 4336 4306 -1 4336 4390 4337 -1 4392 4393 4394 -1 4395 3890 4396 -1 4397 4392 4394 -1 4390 4398 4386 -1 4386 4337 4390 -1 4399 4389 4400 -1 4320 4389 4350 -1 4394 4340 4397 -1 4381 4397 4340 -1 4389 4399 4350 -1 4350 4399 4355 -1 4401 4355 4399 -1 4394 4402 4403 -1 4402 4394 4393 -1 4393 4404 4402 -1 4355 4401 4298 -1 4330 4298 4401 -1 4404 4405 4402 -1 4406 4407 4404 -1 4407 4405 4404 -1 4407 3890 4405 -1 4396 3890 4407 -1 4333 4334 4342 -1 4408 4372 4358 -1 4372 4409 4375 -1 4276 4371 4410 -1 4284 4411 4259 -1 4375 4383 4382 -1 4411 4364 4259 -1 4394 4283 4340 -1 4269 4259 4364 -1 4340 4283 4288 -1 4371 4341 4410 -1 4367 4339 4324 -1 3885 3872 4283 -1 4324 4339 4270 -1 4276 4410 4281 -1 4385 4379 4378 -1 4410 4341 4281 -1 3868 4341 3867 -1 4281 4341 3868 -1 4403 4402 4412 -1 4405 4412 4402 -1 4412 3885 4403 -1 4349 4379 4315 -1 4315 4379 4347 -1 4405 3890 4412 -1 3886 4412 3890 -1 3886 3885 4412 -1 4349 4315 4348 -1 4359 4333 4388 -1 4403 4283 4394 -1 4283 4403 3885 -1 4408 4358 4359 -1 4355 4352 4350 -1 4354 4374 4353 -1 4346 4353 4345 -1 4345 4353 4374 -1 4354 4310 4368 -1 4310 4351 4368 -1 4310 4354 4312 -1 4268 4233 4413 -1 4360 4335 4366 -1 4414 4336 4387 -1 4415 4336 4414 -1 4391 4336 4415 -1 4416 4417 4384 -1 4411 4284 4418 -1 4416 4384 4344 -1 4419 4420 4397 -1 4364 4365 4285 -1 4421 4365 4364 -1 4392 4397 4420 -1 4367 4422 4339 -1 4339 4422 4423 -1 4424 4425 4426 -1 4427 4339 4423 -1 4370 4356 4427 -1 4420 4428 4392 -1 4429 4384 4417 -1 4395 3889 3890 -1 4430 4431 4362 -1 4432 4431 4433 -1 4431 4432 4366 -1 4330 4401 4362 -1 4335 4332 4366 -1 4417 4416 4434 -1 4435 4422 4367 -1 4422 4435 4423 -1 4436 4437 4430 -1 4380 4438 4416 -1 4439 4434 4416 -1 4439 4416 4438 -1 4415 4414 4440 -1 4423 4435 4441 -1 4442 4415 4440 -1 4443 4417 4434 -1 4444 4445 4446 -1 4447 4448 4445 -1 4445 4444 4447 -1 4449 4450 4451 -1 4449 4451 4452 -1 4453 4414 4387 -1 4418 4454 4411 -1 4438 4380 4455 -1 4449 4452 4456 -1 4449 4456 4457 -1 4458 4459 4460 -1 4458 4461 4459 -1 4415 4442 4391 -1 4398 4391 4442 -1 4442 4462 4463 -1 4452 4451 4464 -1 4451 4465 4464 -1 4466 4464 4465 -1 4463 4398 4442 -1 4421 4435 4365 -1 4452 4464 4456 -1 4426 4456 4464 -1 4365 4435 4367 -1 4429 4417 4443 -1 4467 4426 4464 -1 4468 4423 4441 -1 4443 4469 4429 -1 4469 4445 4429 -1 4426 4467 4424 -1 4463 4470 4471 -1 4436 4472 4473 -1 4453 4474 4468 -1 4475 4424 4467 -1 4470 4472 4401 -1 4469 4446 4445 -1 4424 4475 4476 -1 4424 4476 4477 -1 4398 4463 4478 -1 4460 4459 4479 -1 4423 4468 4474 -1 4423 4474 4480 -1 4481 4479 4420 -1 4479 4459 4428 -1 4471 4478 4463 -1 4419 4481 4420 -1 4420 4479 4428 -1 4474 4453 4387 -1 4427 4423 4480 -1 4459 4450 4449 -1 4449 4428 4459 -1 4470 4401 4482 -1 4440 4483 4484 -1 4473 4437 4436 -1 4442 4440 4484 -1 4485 4419 4444 -1 4472 4436 4430 -1 4430 4437 4433 -1 4430 4433 4431 -1 4486 4487 4488 -1 4433 4489 4488 -1 4490 4491 4492 -1 4492 4491 4487 -1 4438 4491 4490 -1 4491 4438 4455 -1 4362 4472 4430 -1 4488 4432 4433 -1 4493 4432 4488 -1 4487 4493 4488 -1 4408 4409 4372 -1 4375 4409 4383 -1 4411 4454 4364 -1 4268 4418 4284 -1 4454 4421 4364 -1 4421 4454 4494 -1 4494 4435 4421 -1 4449 4457 4428 -1 4495 4395 4396 -1 4384 4429 4388 -1 4427 4480 4370 -1 4429 4445 4359 -1 4359 4388 4429 -1 4445 4448 4359 -1 4480 4474 4387 -1 4339 4427 4356 -1 4370 4480 4378 -1 4378 4480 4385 -1 4448 4408 4359 -1 4448 4447 4409 -1 4409 4408 4448 -1 4480 4387 4385 -1 4381 4444 4419 -1 4447 4444 4383 -1 4444 4381 4383 -1 4419 4397 4381 -1 4393 4392 4428 -1 4447 4383 4409 -1 4390 4391 4398 -1 4457 4393 4428 -1 4457 4456 4496 -1 4404 4457 4496 -1 4456 4426 4425 -1 4425 4496 4456 -1 4496 4425 4497 -1 4386 4398 4478 -1 4467 4498 4475 -1 4389 4386 4478 -1 4424 4497 4425 -1 4478 4471 4400 -1 4482 4400 4471 -1 4470 4482 4471 -1 4393 4457 4404 -1 4404 4496 4497 -1 4406 4404 4497 -1 4497 4424 4499 -1 4478 4400 4389 -1 4497 4499 4500 -1 4424 4477 4499 -1 4500 4406 4497 -1 4501 4407 4406 -1 4406 4500 4501 -1 4501 4396 4407 -1 4501 4495 4396 -1 4400 4482 4399 -1 4401 4399 4482 -1 4492 4487 4486 -1 4472 4362 4401 -1 4362 4431 4363 -1 4431 4366 4363 -1 4360 4366 4432 -1 4493 4360 4432 -1 4487 4502 4493 -1 4361 4360 4493 -1 4493 4502 4369 -1 4369 4361 4493 -1 4491 4502 4487 -1 4502 4491 4503 -1 4491 4455 4503 -1 4344 4380 4416 -1 4503 4455 4377 -1 4503 4369 4502 -1 4369 4503 4373 -1 4377 4373 4503 -1 4380 4377 4455 -1 4377 4380 4345 -1 4268 4413 4504 -1 4505 4506 4507 -1 4508 4507 4473 -1 4504 4509 4268 -1 4418 4268 4509 -1 4454 4418 4509 -1 4509 4510 4454 -1 4506 4511 4507 -1 4473 4507 4437 -1 4454 4510 4494 -1 4490 4512 4439 -1 4511 4437 4507 -1 4510 4513 4494 -1 4513 4441 4435 -1 4514 4489 4506 -1 4512 4515 4439 -1 4516 4486 4514 -1 4439 4515 4434 -1 4517 4515 4518 -1 4519 4468 4441 -1 4468 4519 4453 -1 4517 4520 4515 -1 4518 4515 4512 -1 4453 4519 4414 -1 4521 4483 4414 -1 4458 4460 4522 -1 4522 4460 4523 -1 4438 4490 4439 -1 4484 4483 4524 -1 4483 4440 4414 -1 4523 4460 4525 -1 4443 4434 4526 -1 4527 4442 4484 -1 4462 4442 4527 -1 4461 4450 4459 -1 4443 4528 4469 -1 4461 4451 4450 -1 4528 4529 4469 -1 4462 4530 4463 -1 4446 4469 4529 -1 4463 4530 4470 -1 4470 4473 4472 -1 4525 4460 4479 -1 4525 4479 4481 -1 4511 4489 4437 -1 4489 4433 4437 -1 4531 4481 4485 -1 4489 4514 4488 -1 4419 4485 4481 -1 4446 4485 4444 -1 4505 4508 4532 -1 4533 4534 4535 -1 4508 4505 4507 -1 4536 4537 4504 -1 4509 4504 4537 -1 4509 4537 4538 -1 4538 4510 4509 -1 4539 4538 4537 -1 4513 4510 4538 -1 4540 4513 4538 -1 4541 4542 4521 -1 4506 4543 4514 -1 4538 4541 4544 -1 4544 4540 4538 -1 4518 4545 4517 -1 4521 4544 4541 -1 4543 4518 4512 -1 4516 4514 4543 -1 4543 4512 4516 -1 4546 4547 4542 -1 4524 4483 4547 -1 4548 4549 4522 -1 4483 4542 4547 -1 4549 4548 4550 -1 4551 4549 4550 -1 4522 4549 4552 -1 4527 4484 4524 -1 4553 4517 4554 -1 4517 4553 4520 -1 4524 4555 4527 -1 4527 4555 4556 -1 4553 4557 4520 -1 4520 4557 4526 -1 4556 4508 4558 -1 4526 4557 4528 -1 4528 4557 4525 -1 4558 4508 4473 -1 4523 4548 4522 -1 4552 4549 4559 -1 4560 4525 4557 -1 4561 4562 4563 -1 4563 4564 4561 -1 4534 4565 4566 -1 4559 4561 4564 -1 4562 4561 4535 -1 4535 4561 4533 -1 4530 4558 4470 -1 4558 4473 4470 -1 4559 4549 4551 -1 4466 4467 4464 -1 4514 4486 4488 -1 4567 4559 4551 -1 4466 4568 4467 -1 4559 4567 4561 -1 4569 4541 4539 -1 4568 4498 4467 -1 4569 4542 4541 -1 4570 4557 4553 -1 4512 4490 4516 -1 4538 4539 4541 -1 4486 4516 4492 -1 4560 4557 4570 -1 4520 4526 4434 -1 4516 4490 4492 -1 4569 4546 4542 -1 4547 4546 4571 -1 4547 4571 4572 -1 4528 4443 4526 -1 4552 4559 4564 -1 4528 4531 4529 -1 4522 4552 4458 -1 4528 4525 4531 -1 4525 4560 4523 -1 4552 4564 4458 -1 4573 4547 4572 -1 4461 4458 4564 -1 4574 4567 4551 -1 4483 4521 4542 -1 4575 4561 4567 -1 4575 4576 4533 -1 4529 4531 4446 -1 4531 4485 4446 -1 4575 4533 4561 -1 4525 4481 4531 -1 4576 4565 4533 -1 4534 4533 4565 -1 4564 4563 4461 -1 4556 4555 4577 -1 4508 4556 4577 -1 4562 4535 4578 -1 4451 4461 4563 -1 4563 4465 4451 -1 4578 4563 4562 -1 4563 4578 4465 -1 4465 4578 4466 -1 4543 4506 4579 -1 4580 4535 4534 -1 4535 4580 4578 -1 4566 4581 4534 -1 4534 4581 4580 -1 4578 4580 4582 -1 4489 4511 4506 -1 4582 4581 4568 -1 4580 4581 4582 -1 4578 4582 4466 -1 4568 4466 4582 -1 4583 4543 4579 -1 4518 4543 4583 -1 4515 4520 4434 -1 4494 4513 4435 -1 4540 4441 4513 -1 4519 4544 4521 -1 4544 4441 4540 -1 4544 4519 4441 -1 4414 4519 4521 -1 4584 4527 4556 -1 4584 4462 4527 -1 4558 4584 4556 -1 4584 4530 4462 -1 4584 4558 4530 -1 4585 4586 4587 -1 4588 4536 4589 -1 4590 4588 4589 -1 4551 4591 4574 -1 4588 4590 4592 -1 4593 4594 4595 -1 4595 4596 4593 -1 4594 4587 4595 -1 4590 4597 4592 -1 4595 4587 4586 -1 4598 4599 4554 -1 4532 4596 4600 -1 4596 4595 4600 -1 4601 4602 4575 -1 4505 4532 4600 -1 4576 4575 4602 -1 4598 4603 4599 -1 4604 4576 4602 -1 4605 4599 4603 -1 4550 4548 4605 -1 4586 4600 4595 -1 4600 4586 4606 -1 4607 4608 4609 -1 4565 4576 4604 -1 4550 4591 4551 -1 4585 4610 4586 -1 4592 4597 4611 -1 4592 4611 4546 -1 4606 4586 4610 -1 4611 4608 4571 -1 4571 4546 4611 -1 4612 4554 4613 -1 4605 4548 4523 -1 4608 4607 4572 -1 4608 4572 4571 -1 4614 4615 4593 -1 4596 4614 4593 -1 4613 4554 4545 -1 4616 4617 4573 -1 4532 4617 4616 -1 4616 4614 4596 -1 4616 4596 4532 -1 4587 4594 4618 -1 4589 4619 4590 -1 4615 4620 4621 -1 4590 4619 4597 -1 4622 4593 4623 -1 4622 4594 4593 -1 4554 4624 4598 -1 4598 4625 4603 -1 4626 4607 4609 -1 4627 4603 4625 -1 4585 4612 4610 -1 4610 4612 4613 -1 4603 4627 4605 -1 4627 4628 4605 -1 4612 4624 4554 -1 4628 4550 4605 -1 4626 4616 4607 -1 4626 4620 4616 -1 4614 4616 4620 -1 4614 4620 4615 -1 4615 4623 4593 -1 4569 4588 4592 -1 4539 4537 4588 -1 4588 4537 4536 -1 4569 4539 4588 -1 4599 4605 4560 -1 4560 4605 4523 -1 4554 4599 4553 -1 4553 4599 4570 -1 4560 4570 4599 -1 4569 4592 4546 -1 4607 4573 4572 -1 4574 4601 4567 -1 4607 4616 4573 -1 4575 4567 4601 -1 4573 4555 4547 -1 4547 4555 4524 -1 4577 4555 4573 -1 4573 4617 4577 -1 4577 4617 4508 -1 4508 4617 4532 -1 4505 4600 4606 -1 4606 4506 4505 -1 4579 4606 4610 -1 4579 4506 4606 -1 4579 4610 4583 -1 4613 4583 4610 -1 4613 4545 4518 -1 4545 4554 4517 -1 4583 4613 4518 -1 4629 4630 4631 -1 1445 4630 4629 -1 4631 4630 1460 -1 1460 4630 1430 -1 4631 4632 4629 -1 4633 4634 4629 -1 4635 4633 4636 -1 4633 4629 4636 -1 1445 4629 4634 -1 1455 1445 4634 -1 4637 4638 4631 -1 4631 1460 4637 -1 1460 1461 4637 -1 4637 1461 1478 -1 4633 4635 4639 -1 1445 1430 4630 -1 4634 4633 4639 -1 4634 4639 4640 -1 1455 4634 4640 -1 4640 1493 1455 -1 4632 4631 4638 -1 4641 4642 4643 -1 4641 4644 4642 -1 4644 4645 4646 -1 4647 4648 4646 -1 4644 4649 4642 -1 4646 4649 4644 -1 4650 4646 4648 -1 4643 4642 4636 -1 4636 4642 4635 -1 4651 4650 4648 -1 4652 4650 4651 -1 4632 4636 4629 -1 4650 4640 4646 -1 4650 4652 1493 -1 4652 4653 1554 -1 4653 1555 1554 -1 1554 1494 4652 -1 4654 4638 4637 -1 4654 4637 4655 -1 4655 4637 1478 -1 4656 4657 4658 -1 4656 4641 4659 -1 4641 4656 4658 -1 4645 4647 4646 -1 4658 4660 4645 -1 4659 4641 4643 -1 4641 4658 4644 -1 4658 4645 4644 -1 4661 4662 4663 -1 4663 4664 4661 -1 4665 4666 4643 -1 4643 4636 4665 -1 4652 4651 4667 -1 4653 4652 4667 -1 4668 4653 4669 -1 4632 4665 4636 -1 4668 1555 4653 -1 4670 4638 4671 -1 4632 4638 4670 -1 1555 4668 1557 -1 4654 4671 4638 -1 4650 1493 4640 -1 1494 1493 4652 -1 4656 4672 4657 -1 4658 4657 4660 -1 4639 4649 4646 -1 4642 4649 4635 -1 4639 4635 4649 -1 4673 4647 4660 -1 4674 4662 4675 -1 4660 4647 4645 -1 4674 4647 4673 -1 4647 4674 4648 -1 4662 4661 4675 -1 4648 4675 4651 -1 4674 4675 4648 -1 4675 4661 4651 -1 4651 4661 4667 -1 4667 4661 4664 -1 4664 4669 4667 -1 4667 4669 4653 -1 4640 4639 4646 -1 4676 4677 4678 -1 4679 4662 4680 -1 4676 4681 4677 -1 4682 4683 4677 -1 4684 4680 4674 -1 4678 4677 4672 -1 4685 4678 4686 -1 4678 4672 4656 -1 4678 4656 4686 -1 4659 4686 4656 -1 4659 4643 4666 -1 4679 4687 4662 -1 4688 4666 4665 -1 4680 4662 4674 -1 4688 4632 4670 -1 4665 4632 4688 -1 4662 4687 4663 -1 4668 4669 4689 -1 4689 1609 4668 -1 1557 4668 1609 -1 4682 4677 4681 -1 4682 4681 4684 -1 4687 4679 4690 -1 4687 4690 4691 -1 4692 4693 4694 -1 4695 4687 4691 -1 4663 4687 4695 -1 4696 4663 4695 -1 4694 4693 4697 -1 4664 4663 4696 -1 4697 4693 4676 -1 4676 4693 4681 -1 4697 4676 4698 -1 4698 4676 4678 -1 4698 4678 4685 -1 4685 4686 4699 -1 4686 4659 4699 -1 4699 4659 4700 -1 4700 4659 4701 -1 4659 4666 4701 -1 4688 4701 4666 -1 4702 4670 4671 -1 4703 4693 4692 -1 4692 4704 4703 -1 4705 4703 4704 -1 4704 4706 4705 -1 4705 4707 4708 -1 4705 4708 4679 -1 4679 4709 4705 -1 4690 4679 4708 -1 4679 4680 4709 -1 4657 4672 4683 -1 4683 4672 4677 -1 4657 4682 4660 -1 4683 4682 4657 -1 4654 4710 4671 -1 4710 4654 4655 -1 4711 4655 1478 -1 4711 1478 1520 -1 4703 4705 4709 -1 4693 4703 4681 -1 4703 4709 4681 -1 4709 4684 4681 -1 4709 4680 4684 -1 4660 4682 4684 -1 4660 4684 4673 -1 4673 4684 4674 -1 4669 4664 4696 -1 4689 4669 4696 -1 4707 4712 4708 -1 4691 4690 4713 -1 4691 4713 4714 -1 4715 4691 4714 -1 4694 4697 4716 -1 4698 4717 4716 -1 4698 4716 4697 -1 4698 4685 4718 -1 4718 4685 4699 -1 4699 4700 4719 -1 4720 4704 4692 -1 4706 4704 4720 -1 4705 4706 4707 -1 4690 4708 4712 -1 4695 4691 4715 -1 4716 4721 4694 -1 4722 4692 4694 -1 4720 4692 4722 -1 4690 4712 4713 -1 4723 4715 4714 -1 4717 4698 4718 -1 4718 4699 4724 -1 4724 4699 4719 -1 4725 4715 4723 -1 4695 4715 4725 -1 4726 4700 4701 -1 4701 4688 4726 -1 4726 4688 4727 -1 4727 4688 4670 -1 4727 4670 4702 -1 4702 4671 4728 -1 4710 4655 4711 -1 4695 4725 4696 -1 4696 4725 4729 -1 4689 4696 4729 -1 4729 1692 4689 -1 1692 1609 4689 -1 4722 4694 4721 -1 4721 4716 4730 -1 4716 4717 4730 -1 4714 4713 4731 -1 4713 4732 4731 -1 4721 4730 4733 -1 4713 4712 4732 -1 4714 4734 4723 -1 4734 4735 4723 -1 4730 4717 4736 -1 4718 4736 4717 -1 4718 4724 4736 -1 4700 4726 4737 -1 4737 4738 4700 -1 4739 4737 4726 -1 4726 4727 4739 -1 4710 4728 4671 -1 4740 4741 4711 -1 4711 1520 4740 -1 4740 1520 1688 -1 4735 4725 4723 -1 4742 4725 4735 -1 4729 4725 4742 -1 4742 4743 4729 -1 4743 1763 4729 -1 1692 4729 1763 -1 4722 4721 4744 -1 4745 4724 4719 -1 4744 4746 4722 -1 4747 4734 4714 -1 4730 4736 4733 -1 4745 4748 4724 -1 4749 4745 4719 -1 4724 4748 4736 -1 4719 4700 4738 -1 4738 4749 4719 -1 4750 4727 4702 -1 4728 4750 4702 -1 4741 4728 4710 -1 4710 4711 4741 -1 4735 4751 4742 -1 4751 4743 4742 -1 4746 4744 4752 -1 4721 4733 4753 -1 1846 4754 4740 -1 4740 1688 1846 -1 4731 4755 4714 -1 4744 4721 4753 -1 4733 4736 4756 -1 4757 4758 1848 -1 4757 1848 1884 -1 1891 4758 4759 -1 1891 1848 4758 -1 4760 4731 4732 -1 4738 4737 4761 -1 4737 4739 4761 -1 4750 4739 4727 -1 4750 4728 4762 -1 4741 4754 4762 -1 4741 4762 4728 -1 4740 4754 4741 -1 4734 4751 4735 -1 1763 4743 4763 -1 4760 4755 4731 -1 4744 4764 4752 -1 4765 4766 4767 -1 4747 4714 4755 -1 4748 4756 4736 -1 4768 4750 4762 -1 4739 4750 4769 -1 4759 4767 4766 -1 4762 4754 4770 -1 1889 4766 4771 -1 4766 1889 4759 -1 1933 4772 4773 -1 4754 1846 4774 -1 4774 1846 1922 -1 1929 4775 4757 -1 4757 1884 1929 -1 1933 4773 1926 -1 4764 4744 4776 -1 4753 4733 4756 -1 4756 4748 4777 -1 4768 4778 4769 -1 4769 4750 4768 -1 4779 4765 4780 -1 4780 4781 4782 -1 4780 4765 4781 -1 4782 4767 4783 -1 4767 4781 4765 -1 4782 4781 4767 -1 4783 4767 4784 -1 4759 4784 4767 -1 4785 4771 4779 -1 4771 4765 4779 -1 4786 4771 4787 -1 4768 4762 4788 -1 4770 4788 4762 -1 4770 4774 4789 -1 4770 4754 4774 -1 4771 4786 4790 -1 4765 4771 4766 -1 4772 4790 4786 -1 4774 1922 4789 -1 4791 4789 1922 -1 4791 1923 4792 -1 1923 4791 1922 -1 4773 4792 1923 -1 1923 1926 4773 -1 4784 4775 4793 -1 4775 4784 4759 -1 1929 4793 4775 -1 1957 4793 1929 -1 4743 4751 4794 -1 4794 4763 4743 -1 4763 1960 1763 -1 4749 4738 4795 -1 4738 4761 4795 -1 4796 4795 4761 -1 4769 4796 4739 -1 4739 4796 4761 -1 4771 4785 4787 -1 4790 1889 4771 -1 1889 4790 1932 -1 4790 4772 1933 -1 1933 1932 4790 -1 4773 4772 4792 -1 4759 4758 4775 -1 4775 4758 4757 -1 1891 4759 1889 -1 4751 4734 4797 -1 4794 4751 4797 -1 4798 4755 4760 -1 4748 4745 4777 -1 4745 4749 4799 -1 4778 4800 4769 -1 4769 4800 4796 -1 4778 4768 4801 -1 4801 4768 4788 -1 4802 4803 4804 -1 4804 4803 4779 -1 4785 4779 4803 -1 4804 4780 4805 -1 4804 4779 4780 -1 4780 4806 4805 -1 4782 4806 4780 -1 4807 4806 4782 -1 4807 4782 4783 -1 4808 4783 4784 -1 4809 4785 4803 -1 4810 4811 4812 -1 4788 4770 4813 -1 4789 4813 4770 -1 4813 4814 4810 -1 4813 4789 4814 -1 4791 4814 4789 -1 4784 4793 4808 -1 4753 4776 4744 -1 4747 4755 4815 -1 4777 4745 4816 -1 4816 4745 4799 -1 4817 4804 4818 -1 4817 4802 4804 -1 4819 4800 4820 -1 4809 4802 4821 -1 4821 4822 4809 -1 4809 4822 4823 -1 4809 4803 4802 -1 4823 4824 4825 -1 4825 4826 4812 -1 4826 4827 4812 -1 4820 4800 4828 -1 4800 4778 4828 -1 4801 4828 4778 -1 4829 4801 4788 -1 4813 4829 4788 -1 4827 4829 4813 -1 4805 4818 4804 -1 4830 4818 4805 -1 4805 4806 4830 -1 4807 4830 4806 -1 4807 4783 4831 -1 4783 4808 4831 -1 4812 4827 4810 -1 4827 4813 4810 -1 4763 4794 4832 -1 4832 1960 4763 -1 1984 1960 4832 -1 4749 4795 4799 -1 4799 4795 4819 -1 4800 4819 4795 -1 4796 4800 4795 -1 4823 4822 4824 -1 4825 4824 4826 -1 4809 4823 4833 -1 4833 4787 4809 -1 4823 4825 4833 -1 4833 4825 4811 -1 4812 4811 4825 -1 4811 4810 4834 -1 4809 4787 4785 -1 4787 4833 4786 -1 4833 4811 4786 -1 4811 4834 4786 -1 4786 4834 4772 -1 4814 4834 4810 -1 4834 4814 4791 -1 4772 4834 4792 -1 4834 4791 4792 -1 4793 4835 4808 -1 4835 4793 1957 -1 4734 4747 4836 -1 4734 4836 4797 -1 4817 4837 4802 -1 4753 4756 4838 -1 4756 4777 4838 -1 4747 4815 4839 -1 4840 4747 4839 -1 4816 4799 4841 -1 4836 4747 4840 -1 4836 4169 4797 -1 4797 4168 4794 -1 4169 4168 4797 -1 4794 4168 4832 -1 4842 4837 4843 -1 4843 4837 4817 -1 2023 1984 4832 -1 4844 4845 4818 -1 4818 4845 4817 -1 4821 4837 4842 -1 4842 4846 4821 -1 4847 4848 4799 -1 4799 4819 4847 -1 4847 4820 4849 -1 4820 4847 4819 -1 4849 4820 4850 -1 4802 4837 4821 -1 4851 4852 4826 -1 4827 4826 4852 -1 4850 4820 4828 -1 4851 4853 4852 -1 4801 4850 4828 -1 4829 4850 4801 -1 4853 4850 4852 -1 4852 4850 4829 -1 4827 4852 4829 -1 4844 4818 4854 -1 4830 4854 4818 -1 4830 4807 4855 -1 4855 4807 4856 -1 4807 4831 4856 -1 4838 4777 4857 -1 4858 4857 4816 -1 4816 4841 4858 -1 4841 4799 4859 -1 4848 4859 4799 -1 4860 4842 4843 -1 4817 4861 4843 -1 4843 4861 4862 -1 4845 4861 4817 -1 4863 4864 4865 -1 4866 4863 4842 -1 4863 4865 4867 -1 4836 4840 4169 -1 4868 4865 4869 -1 4868 4867 4865 -1 4168 2023 4832 -1 4842 4863 4846 -1 4863 4867 4846 -1 4870 4851 4868 -1 4851 4867 4868 -1 4848 4847 4859 -1 4859 4847 4871 -1 4872 4871 4849 -1 4849 4871 4847 -1 4872 4870 4873 -1 4872 4849 4870 -1 4853 4849 4850 -1 4870 4849 4853 -1 4853 4851 4870 -1 4854 4830 4855 -1 4874 4808 4835 -1 1957 4874 4835 -1 4857 4777 4816 -1 4860 4866 4842 -1 4869 4873 4868 -1 4846 4867 4875 -1 4875 4867 4876 -1 4870 4868 4873 -1 4821 4846 4822 -1 4846 4875 4822 -1 4822 4875 4824 -1 4851 4876 4867 -1 4875 4876 4824 -1 4826 4876 4851 -1 4824 4876 4826 -1 4874 4831 4808 -1 4776 4753 4838 -1 4844 4854 4877 -1 4877 4854 4878 -1 4854 4855 4878 -1 4879 4880 4881 -1 4881 4882 4879 -1 4860 4881 4866 -1 4882 4881 4860 -1 4882 4860 4883 -1 4840 4839 4884 -1 4885 4840 4884 -1 4858 4886 4857 -1 4857 4887 4838 -1 4169 4840 4885 -1 4167 4169 4885 -1 4881 4880 4888 -1 4889 4888 4880 -1 4168 4170 2023 -1 4170 2050 2023 -1 2053 2050 4170 -1 4890 4891 4869 -1 4892 4869 4891 -1 4893 4858 4894 -1 4858 4841 4894 -1 4894 4841 4859 -1 4895 4869 4892 -1 4894 4895 4892 -1 4894 4859 4895 -1 4883 4860 4896 -1 4860 4843 4896 -1 4862 4897 4896 -1 4862 4896 4843 -1 4861 4845 4898 -1 4845 4844 4898 -1 4898 4844 4877 -1 4873 4869 4895 -1 4895 4859 4871 -1 4873 4895 4872 -1 4872 4895 4871 -1 4764 4776 4899 -1 4838 4887 4900 -1 4900 4776 4838 -1 4856 4831 4901 -1 4880 4902 4903 -1 4902 4880 4879 -1 4879 4904 4902 -1 4882 4904 4879 -1 4883 4904 4882 -1 4885 4884 4905 -1 4906 4907 4908 -1 4885 4905 4177 -1 4885 4177 4167 -1 4909 4907 4910 -1 4903 4908 4911 -1 4908 4907 4911 -1 4911 4880 4903 -1 4911 4907 4909 -1 4887 4886 4912 -1 4886 4887 4857 -1 4912 4886 4893 -1 4893 4886 4858 -1 4889 4880 4911 -1 4889 4911 4890 -1 4909 4890 4911 -1 4913 4890 4909 -1 4891 4890 4913 -1 4893 4891 4914 -1 4891 4893 4894 -1 4891 4894 4892 -1 4897 4862 4915 -1 4862 4861 4915 -1 4898 4915 4861 -1 1957 2057 4874 -1 4913 4909 4910 -1 4888 4889 4864 -1 4864 4890 4865 -1 4889 4890 4864 -1 4866 4881 4888 -1 4866 4888 4863 -1 4864 4863 4888 -1 4890 4869 4865 -1 4914 4891 4913 -1 4878 4855 4916 -1 4916 4855 4856 -1 4831 4874 4901 -1 4917 4908 4918 -1 4919 4900 4912 -1 4908 4903 4918 -1 4912 4900 4887 -1 4908 4917 4906 -1 4906 4920 4910 -1 4776 4900 4899 -1 4920 4906 4921 -1 4922 4918 4903 -1 4912 4923 4919 -1 4921 4906 4917 -1 4922 4903 4902 -1 4902 4904 4924 -1 4883 4924 4904 -1 4924 4883 4925 -1 4905 4217 4178 -1 4910 4907 4906 -1 4177 4905 4178 -1 4923 4910 4920 -1 4910 4923 4914 -1 4923 4912 4914 -1 4914 4913 4910 -1 4914 4912 4893 -1 4883 4896 4925 -1 4896 4897 4925 -1 4915 4898 4926 -1 4926 4898 4877 -1 4919 4899 4900 -1 4927 4917 4928 -1 4920 4921 4929 -1 4921 4917 4927 -1 4918 4928 4917 -1 4930 4922 4902 -1 4930 4902 4931 -1 4924 4931 4902 -1 4931 4924 4932 -1 4924 4925 4932 -1 4933 4919 4923 -1 4920 4933 4923 -1 4926 4897 4915 -1 4877 4878 4934 -1 4916 4856 4901 -1 4929 4921 4935 -1 4918 4922 4936 -1 4927 4935 4921 -1 4897 4937 4925 -1 4936 4928 4918 -1 4938 4927 4928 -1 4936 4930 4939 -1 4936 4922 4930 -1 4901 4874 4940 -1 4874 4941 4940 -1 4874 2057 4941 -1 3302 4941 2057 -1 2057 2106 3302 -1 4937 4942 4925 -1 4926 4937 4897 -1 4878 4943 4934 -1 4878 4916 4943 -1 4944 4916 4945 -1 4945 4916 4901 -1 4946 4926 4877 -1 4934 4946 4877 -1 4947 4937 4926 -1 4946 4947 4926 -1 4934 4943 4948 -1 4928 4936 4949 -1 4948 4943 4950 -1 4951 4901 4940 -1 4952 4939 4930 -1 4930 4931 4952 -1 4925 4942 4932 -1 4934 4948 4946 -1 4943 4916 4944 -1 4951 4945 4901 -1 4938 4928 4949 -1 4953 4949 4936 -1 4953 4936 4939 -1 4952 4931 4954 -1 4931 4932 4954 -1 4954 4932 4942 -1 4938 4949 4955 -1 4940 4941 3454 -1 4941 3302 3454 -1 4947 4956 4937 -1 4944 4950 4943 -1 4953 4939 4957 -1 4957 4939 4952 -1 4958 3454 3501 -1 4959 4951 4940 -1 4946 4960 4947 -1 4948 4950 4961 -1 4944 4945 4962 -1 4945 4951 4962 -1 4959 4962 4951 -1 4963 3504 4964 -1 4959 4940 4965 -1 4965 3454 4958 -1 4940 3454 4965 -1 4954 4942 4966 -1 4942 4937 4966 -1 4967 4956 4947 -1 4960 4967 4947 -1 4946 4948 4960 -1 4961 4960 4948 -1 4968 4961 4950 -1 4950 4944 4968 -1 4969 3538 4970 -1 4970 3538 4971 -1 3501 3533 4958 -1 4968 4962 4972 -1 4944 4962 4968 -1 4959 4972 4962 -1 3538 3506 4971 -1 3539 4969 4964 -1 3539 4964 3504 -1 4969 3539 3538 -1 4973 4957 4952 -1 4974 4973 4954 -1 4954 4973 4952 -1 4966 4937 4956 -1 4949 4975 4955 -1 4976 4977 4960 -1 4960 4961 4976 -1 4961 4968 4976 -1 4976 4968 4978 -1 4979 4980 4981 -1 3506 3537 4971 -1 3537 4982 4971 -1 3504 4963 3520 -1 4979 4983 4964 -1 4964 4969 4979 -1 3541 4984 4985 -1 4986 3542 4985 -1 4965 3542 4986 -1 4965 4986 4959 -1 4968 4972 4978 -1 4972 4987 4978 -1 4985 3532 3541 -1 4972 4986 4987 -1 4972 4959 4986 -1 4958 3542 4965 -1 4985 3542 3532 -1 3533 3542 4958 -1 4988 4985 4984 -1 4986 4985 4988 -1 4989 4953 4957 -1 4982 3956 4990 -1 4966 4956 4991 -1 4967 4991 4956 -1 4992 4993 4994 -1 4995 4992 4996 -1 4981 4992 4994 -1 4996 4992 4997 -1 4997 4992 4980 -1 4981 4980 4992 -1 4977 4976 4998 -1 4998 4976 4999 -1 4976 4978 4999 -1 5000 4999 4978 -1 4996 4997 5001 -1 4983 4979 4981 -1 4983 5002 5003 -1 5003 5002 5004 -1 5005 5004 5002 -1 5000 4978 4987 -1 5004 5005 4988 -1 5005 4987 4988 -1 4986 4988 4987 -1 4963 4984 3541 -1 4963 3541 3520 -1 5006 4974 4954 -1 4982 3540 3956 -1 5001 4982 4990 -1 3540 4982 3537 -1 4954 4966 5006 -1 4960 5007 4967 -1 5007 4960 4977 -1 4970 5001 4997 -1 4970 4971 5001 -1 4970 4980 4969 -1 4997 4980 4970 -1 4979 4969 4980 -1 5001 4971 4982 -1 5003 5004 4984 -1 5003 4964 4983 -1 4964 5003 4963 -1 5003 4984 4963 -1 5004 4988 4984 -1 4949 4953 5008 -1 4995 5009 4993 -1 5010 4993 5009 -1 5007 4991 4967 -1 5007 4977 5011 -1 5011 4977 4998 -1 5012 4975 5013 -1 4975 4949 5013 -1 4995 4993 4992 -1 4995 4996 5014 -1 4994 4993 5010 -1 4994 5015 4981 -1 5015 4983 4981 -1 5016 4983 5015 -1 4998 4999 5017 -1 5017 4999 5018 -1 5016 5019 5002 -1 5019 5020 5021 -1 5018 5000 5021 -1 5000 5018 4999 -1 5021 5000 5005 -1 4983 5016 5002 -1 3958 4015 5022 -1 5023 3958 5022 -1 5019 5021 5005 -1 5005 5002 5019 -1 5005 5000 4987 -1 3958 5023 3956 -1 5022 5014 4996 -1 4990 5023 5022 -1 4990 5022 4996 -1 4990 4996 5001 -1 5023 4990 3956 -1 4966 4991 5024 -1 4991 5025 5024 -1 5026 5009 5027 -1 5012 5013 5028 -1 5029 5009 5026 -1 4989 5008 4953 -1 4989 4957 5030 -1 5014 5022 5031 -1 5009 5029 5010 -1 5014 5027 4995 -1 5027 5009 4995 -1 5032 5010 5029 -1 5033 5032 5034 -1 5035 5010 5032 -1 5010 5035 4994 -1 5033 5035 5032 -1 5025 4991 5036 -1 4991 5007 5036 -1 5011 5036 5007 -1 5011 4998 5037 -1 5037 5017 5038 -1 5037 4998 5017 -1 5015 4994 5035 -1 5035 5039 5040 -1 5040 5039 5041 -1 5041 5042 5040 -1 5043 5041 5039 -1 5039 5038 5043 -1 5043 5020 5041 -1 5038 5017 5043 -1 4039 5044 4040 -1 4040 5044 5045 -1 4040 5045 4014 -1 5045 5046 4014 -1 5046 5047 5048 -1 5031 5048 5047 -1 5048 4014 5046 -1 5048 3979 4014 -1 5031 5049 5048 -1 5031 5050 5014 -1 5051 5039 5052 -1 5035 5040 5015 -1 5016 5015 5040 -1 5016 5042 5020 -1 5040 5042 5016 -1 5042 5041 5020 -1 5018 5043 5017 -1 5020 5019 5016 -1 5021 5020 5043 -1 5043 5018 5021 -1 4957 4973 5030 -1 5053 5030 4973 -1 5054 5053 4974 -1 4974 5053 4973 -1 5006 5054 4974 -1 5047 5050 5031 -1 3979 5048 4015 -1 5048 5049 4015 -1 5049 5031 5022 -1 5022 4015 5049 -1 5054 5006 5024 -1 4966 5024 5006 -1 5033 5039 5035 -1 5052 5039 5033 -1 5024 5025 5055 -1 5013 4949 5008 -1 5056 5057 5058 -1 5059 5057 5026 -1 5060 5056 5058 -1 5061 5013 5062 -1 5028 5013 5061 -1 5056 5060 5063 -1 5024 5064 5054 -1 5065 4051 5066 -1 5053 5054 5067 -1 5067 5054 5064 -1 5068 5065 5066 -1 4042 4051 4039 -1 5027 5059 5026 -1 5068 5044 5065 -1 5069 5070 5071 -1 5072 5073 5051 -1 5074 5051 5073 -1 5073 5075 5074 -1 5071 5059 5027 -1 5075 5025 5036 -1 5027 5014 5050 -1 5075 5036 5037 -1 5039 5076 5038 -1 5011 5037 5036 -1 5076 5037 5038 -1 5055 5025 5077 -1 5075 5077 5025 -1 5068 5066 5078 -1 5008 5062 5013 -1 5057 5079 5058 -1 5080 5081 5058 -1 5060 5058 5081 -1 5078 5066 5082 -1 5079 5083 5058 -1 5084 5008 4989 -1 4989 5030 5084 -1 5084 5030 5085 -1 5070 5079 5059 -1 5086 5067 5087 -1 5064 5087 5067 -1 5057 5059 5079 -1 5088 5066 4051 -1 5060 5089 5090 -1 5063 5060 5090 -1 5090 5034 5063 -1 5087 5064 5091 -1 5064 5024 5091 -1 5024 5055 5091 -1 5092 5090 5089 -1 5073 5090 5092 -1 5092 5093 5077 -1 5075 5073 5092 -1 5055 5077 5094 -1 5075 5092 5077 -1 5068 5095 5045 -1 5096 5095 5068 -1 5079 5070 5097 -1 5045 5095 5046 -1 5098 5046 5095 -1 5095 5099 5098 -1 5070 5098 5099 -1 5099 5097 5070 -1 5069 5098 5070 -1 5070 5059 5071 -1 5066 5100 5082 -1 5051 5076 5039 -1 5053 5085 5030 -1 5067 5086 5053 -1 5053 5086 5085 -1 4039 4051 5065 -1 4039 5065 5044 -1 5044 5068 5045 -1 5046 5098 5047 -1 5047 5069 5050 -1 5098 5069 5047 -1 5069 5071 5050 -1 5071 5027 5050 -1 5026 5057 5056 -1 5026 5056 5029 -1 5063 5029 5056 -1 5032 5029 5063 -1 5034 5032 5063 -1 5034 5090 5072 -1 5034 5072 5033 -1 5073 5072 5090 -1 5052 5033 5072 -1 5072 5051 5052 -1 5051 5074 5076 -1 5037 5074 5075 -1 5076 5074 5037 -1 5096 5068 5078 -1 5101 5079 5097 -1 5102 5083 5101 -1 5083 5079 5101 -1 5080 5058 5083 -1 5086 5103 5085 -1 5081 5089 5060 -1 5103 5086 5104 -1 5087 5105 5104 -1 5086 5087 5104 -1 5105 5091 5106 -1 5091 5105 5087 -1 5094 5106 5091 -1 5055 5094 5091 -1 5077 5093 5094 -1 5107 5108 5109 -1 5108 5107 5078 -1 5078 5082 5108 -1 4096 5088 4051 -1 5066 5088 5100 -1 5078 5107 5110 -1 5096 5078 5110 -1 5062 5008 5111 -1 5008 5084 5111 -1 5112 5113 5080 -1 5103 5114 5111 -1 5103 5111 5084 -1 5084 5085 5103 -1 5115 5112 5102 -1 5080 5113 5081 -1 5089 5081 5116 -1 5117 5104 5118 -1 5114 5104 5117 -1 5104 5114 5103 -1 5118 5104 5119 -1 5120 5089 5116 -1 5120 5118 5119 -1 5089 5120 5121 -1 5120 5119 5122 -1 5123 5124 5109 -1 5105 5119 5104 -1 5119 5105 5106 -1 5123 5109 5125 -1 5106 5122 5119 -1 4112 5123 5088 -1 5125 5109 5108 -1 5088 5123 5125 -1 5126 5127 5107 -1 5107 5127 5110 -1 5110 5127 5101 -1 5127 5102 5101 -1 5120 5122 5121 -1 5096 5128 5095 -1 5095 5128 5099 -1 5122 5093 5121 -1 5092 5089 5121 -1 5093 5092 5121 -1 5097 5099 5101 -1 5101 5099 5128 -1 5122 5106 5094 -1 5122 5094 5093 -1 5109 5124 5129 -1 5107 5109 5129 -1 5123 4112 4128 -1 5100 5088 5125 -1 5125 5108 5100 -1 5100 5108 5082 -1 4096 4112 5088 -1 5127 5126 5130 -1 5115 5102 5130 -1 5130 5102 5127 -1 5110 5128 5096 -1 5128 5110 5101 -1 5131 5132 5113 -1 5112 5115 5131 -1 5112 5131 5113 -1 5081 5113 5133 -1 5116 5081 5133 -1 5112 5083 5102 -1 5112 5080 5083 -1 5134 5116 5133 -1 5116 5134 5120 -1 5118 5120 5134 -1 5062 5111 5135 -1 5111 5117 5136 -1 5117 5111 5114 -1 5137 5138 5139 -1 5126 5138 5137 -1 5133 5140 5141 -1 5140 5136 5141 -1 5117 5141 5136 -1 4117 4143 5142 -1 5143 5132 5144 -1 5142 5145 4128 -1 5142 4128 4127 -1 5131 5144 5132 -1 5142 5146 5145 -1 5143 5147 5132 -1 5132 5147 5148 -1 5145 5124 4128 -1 5132 5148 5140 -1 5145 5149 5124 -1 5150 5140 5148 -1 5149 5151 5124 -1 5132 5140 5113 -1 5113 5140 5133 -1 5151 5139 5129 -1 5129 5124 5151 -1 5129 5139 5138 -1 5136 5135 5111 -1 5150 5152 5140 -1 5136 5140 5152 -1 5135 5136 5152 -1 4143 5146 5142 -1 4118 5142 4127 -1 5124 5123 4128 -1 5129 5138 5107 -1 5126 5107 5138 -1 5126 5137 5153 -1 5153 5143 5144 -1 5126 5153 5144 -1 5126 5144 5130 -1 5115 5130 5144 -1 5144 5131 5115 -1 5134 5133 5141 -1 5118 5134 5141 -1 5141 5117 5118 -1 5142 4118 4117 -1">
    <Coordinate point="90.4789 47.8588 -21.6615 89.5288 47.3256 -21.8346 90.8615 47.0987 -21.8779 86.1609 46.9935 -21.8484 85.9655 45.6711 -21.8913 86.2883 46.5028 -21.8472 99.8668 46.3035 -21.6834 100.682 45.9924 -21.8098 100.681 46.8716 -21.8674 91.7587 47.2429 -21.7091 93.0518 47.2666 -21.826 92.3642 46.6215 -21.7612 98.7007 46.6731 -21.8309 98.9758 47.1192 -21.8353 97.7141 47.4971 -21.7446 94.2253 47.0449 -21.7273 100.383 47.4199 -21.6539 102.756 46.8622 -21.9245 103.327 46.8555 -21.7522 103.04 47.1876 -21.7975 93.5229 47.5301 -21.6031 85.7544 47.0102 -21.5155 92.6951 47.7735 -21.5143 101.627 47.2877 -21.6326 91.8547 47.573 -21.3934 88.4275 47.4019 -21.687 88.7345 47.7106 -21.4258 95.5708 47.5139 -21.5695 95.0707 47.0494 -21.8708 96.1497 46.9059 -21.8081 102.545 47.4425 -21.5557 101.663 46.9214 -21.7648 103.01 45.682 -21.7957 103.379 45.5908 -21.6589 91.3771 45.0331 -21.7807 92.9519 44.6807 -21.7528 93.5162 45.5373 -21.8049 101.869 45.7534 -21.7964 103.013 44.2349 -21.6631 85.6345 44.6342 -21.671 85.8219 44.5818 -21.7453 85.5847 45.5797 -21.7346 86.0553 44.1772 -21.7372 99.9225 45.3823 -21.7236 87.0525 45.153 -21.8354 96.4426 45.2732 -21.7748 98.3853 45.521 -21.7315 97.2276 46.9606 -21.8698 89.7445 45.2611 -21.8087 90.7186 46.1581 -21.812 95.2859 44.8183 -21.7442 94.858 45.8432 -21.8136 100.89 43.9237 -21.6066 89.9891 46.9662 -21.9006 101.565 46.3665 -21.8167 93.9551 46.4686 -21.6702 87.5773 42.5434 -21.5539 87.576 47.0496 -21.9049 87.438 47.4017 -21.6879 86.219 47.2487 -21.7005 88.9888 47.0404 -21.8465 88.018 45.9451 -21.8477 97.3641 44.3849 -21.6667 95.2243 42.6877 -21.5227 91.1436 43.0902 -21.5783 96.3554 47.3817 -21.4797 103.599 45.5908 -21.3042 103.211 47.3534 -21.3609 99.0954 47.5726 -21.4066 103.513 47.1388 -20.904 90.8065 48.1119 -21.2153 86.9397 47.5802 -21.3652 92.319 42.5439 -21.5153 94.2452 41.7783 -21.428 103.332 43.8552 -21.5024 102.949 42.4726 -21.4543 103.38 42.2549 -21.3315 102.865 43.5182 -21.5867 96.8356 41.1906 -21.3137 99.1169 43.753 -21.5943 98.5751 41.7329 -21.3498 97.9026 42.9537 -21.4849 85.6003 43.0195 -21.4874 85.4163 43.9955 -21.4164 103.491 44.8553 -21.521 85.4185 45.6474 -21.501 99.4953 42.1343 -21.4168 101.615 41.6517 -21.3469 85.5998 41.3281 -21.3247 85.9524 42.3223 -21.5717 86.019 47.4092 -21.3285 85.358 46.3562 -20.9023 99.8776 47.7562 -21.2661 101.776 47.5555 -21.213 97.7756 47.8481 -21.1793 93.9354 47.7946 -20.8883 95.1086 47.7877 -20.9675 102.501 47.8027 -20.7531 87.9064 47.7384 -21.0443 89.4702 48.0931 -21.0814 92.1642 40.6258 -21.2865 95.014 40.4373 -21.2453 103.595 44.0816 -21.2247 103.657 44.3025 -20.991 88.4193 40.2247 -21.2407 89.4613 40.3408 -21.2636 88.0501 40.9068 -21.3475 90.7143 41.5873 -21.4118 103.587 42.4098 -21.1094 86.8931 41.9309 -21.4988 90.8217 40.1929 -21.2297 85.9587 40.353 -21.2871 85.3348 45.158 -21.2228 85.4383 42.8831 -21.2697 85.4249 40.9156 -21.0934 103.326 41.6015 -21.2896 103.118 40.9421 -21.2521 100.396 41.1389 -21.2641 98.9903 40.6145 -21.2283 91.7933 47.9026 -20.6029 96.3221 47.799 -20.5649 99.7991 47.8852 -20.7434 98.9351 47.9216 -20.4351 92.6896 47.8986 -20.7841 85.592 40.0869 -21.0896 90.5496 39.1643 -21.0111 94.9378 39.1847 -20.999 94.2856 40.0191 -21.1835 103.551 40.8261 -21.0411 98.5124 39.2149 -20.9528 97.0021 40.3842 -21.2029 96.9878 39.1602 -20.9929 85.343 42.9745 -20.9805 85.3166 41.6802 -20.7973 100.408 40.3906 -21.1636 100.52 39.238 -20.9331 85.9018 39.3844 -21.0094 102.916 40.3207 -21.1724 103.091 39.3193 -20.9058 88.6728 39.2883 -20.9968 103.655 45.5678 -20.6722 85.3362 47.0897 -20.4548 87.46 47.7434 -20.3827 88.3707 48.1059 -20.679 97.5484 47.9428 -20.6425 100.577 47.9099 -20.4708 89.1063 48.1798 -20.6067 85.3077 40.5857 -20.7355 90.7862 48.1647 -20.7757 103.684 41.7482 -20.7898 85.9456 38.469 -20.7636 86.9123 38.4276 -20.7172 103.695 42.7727 -20.7467 93.3699 47.8021 -20.1178 100.068 38.5957 -20.6758 85.5844 38.7171 -20.7371 85.4297 39.8204 -20.8549 89.174 38.3792 -20.7023 90.3734 38.3569 -20.7091 92.2437 38.3752 -20.7331 94.1806 38.3604 -20.7009 85.715 47.5103 -20.3414 101.622 47.7657 -20.3182 99.1059 38.092 -20.5767 101.852 38.0579 -20.5368 92.8466 34.6857 -20.6604 91.6172 35.5412 -20.6395 91.4104 34.6308 -20.6644 85.6958 35.9467 -20.5558 85.9927 35.1985 -20.5744 86.1708 37.1198 -20.7717 86.8602 36.6415 -20.7803 85.5736 37.2664 -20.6814 93.8813 36.9583 -20.7381 93.8379 35.5132 -20.622 94.851 37.0091 -20.7484 90.2112 35.0457 -20.5611 90.9723 35.4982 -20.6238 91.1432 36.665 -20.7379 95.9003 36.9823 -20.7096 92.7331 36.678 -20.7428 85.7609 38.0049 -20.6985 85.407 38.3601 -20.5101 85.2983 39.2624 -20.5237 85.2348 46.3898 -20.0582 94.3094 37.9603 -20.6654 95.6317 38.1473 -20.6345 95.1897 38.5979 -20.7449 97.2367 37.349 -20.6881 96.8837 38.1412 -20.6469 96.7824 38.5692 -20.7412 97.8283 38.1377 -20.5747 97.882 38.5577 -20.67 103.53 47.2299 -20.6445 96.8433 47.8787 -20.0402 88.0197 47.9812 -19.7516 88.4204 48.0607 -20.0542 102.556 47.684 -20.1358 86.0123 33.3163 -20.4388 85.6408 33.9013 -20.3483 86.4847 34.1559 -20.5593 85.2102 37.3306 -20.3037 85.2167 38.4643 -20.1871 85.2336 39.4194 -20.1737 85.298 36.1245 -20.3046 89.6085 48.1396 -20.2182 91.1158 48.0797 -20.3436 94.7249 47.6693 -20.0295 95.8378 47.8697 -20.1368 87.8291 35.4034 -20.6217 88.1582 33.7864 -20.5567 88.8617 34.5645 -20.5384 100.175 37.0311 -20.7262 90.9785 34.5647 -20.5872 87.2296 33.7287 -20.5298 87.6666 33.7222 -20.5572 89.0477 33.1371 -20.4041 90.5581 33.4041 -20.4045 87.0273 37.066 -20.7749 88.2544 36.6634 -20.7266 88.1326 37.1071 -20.7294 89.6363 37.1033 -20.7288 92.1507 37.1092 -20.7498 92.1396 37.9346 -20.6859 85.2175 43.7363 -19.8489 87.4079 37.9409 -20.6788 103.711 44.1073 -19.9748 88.9618 37.9407 -20.6634 90.9681 37.9342 -20.6653 86.4054 32.503 -20.3884 87.8863 32.1771 -20.4167 100.021 47.7875 -20.0276 92.1369 47.8369 -20.0933 86.0914 31.2388 -20.2241 85.4762 32.2582 -20.0792 99.0771 47.917 -20.1533 86.69 29.5677 -20.058 86.0985 30.1667 -20.0723 85.3987 33.9052 -20.1689 85.2624 34.8546 -20.1839 87.1776 31.0517 -20.2313 87.8575 30.0392 -20.2003 85.3698 31.629 -19.9187 91.1806 47.9317 -19.8565 92.9036 47.6389 -19.4954 85.6795 30.8504 -20.0236 93.9155 47.7538 -19.4723 98.4365 47.6429 -19.3259 85.1415 34.6269 -19.8385 85.1276 37.2749 -19.9114 86.077 28.5104 -19.9334 85.2538 46.9217 -19.8358 89.2094 47.958 -19.6892 77.5218 62.1733 -19.9912 76.0772 62.1726 -20.1128 76.7482 61.5691 -19.9253 85.215 40.0351 -19.6357 85.2135 41.7561 -19.6072 73.8348 62.1712 -20.1368 74.8321 61.4903 -19.9011 77.6794 61.6016 -19.9037 79.0701 62.1785 -20.2013 78.1105 61.4553 -19.9069 79.573 61.8881 -20.1151 80.4394 62.1688 -20.0835 80.7515 61.8227 -19.9853 81.6471 62.1812 -19.9597 103.755 42.3699 -19.6048 85.5329 47.454 -19.7269 87.2134 48.1461 -19.8998 95.1302 47.8778 -19.2652 99.6555 47.5066 -19.6183 73.3462 60.4029 -19.8017 74.5844 60.2029 -19.8266 74.9675 61.2697 -19.8636 73.5285 61.1822 -19.8856 92.1001 47.6237 -19.2817 85.5828 28.9231 -19.7799 85.3416 30.706 -19.6984 75.7462 60.3698 -19.7691 76.8096 61.1907 -19.8444 77.7159 60.5836 -19.7607 78.4047 60.9435 -19.7919 78.9148 60.0662 -19.8035 79.8086 61.1073 -19.808 81.3723 60.8826 -19.7879 81.6894 61.6624 -19.9432 81.7911 60.5846 -19.7505 85.1885 33.3627 -19.716 85.1179 36.2285 -19.7247 82.9317 62.2969 -19.9947 83.3098 61.0466 -19.7922 83.4492 62.159 -19.9965 84.8264 60.9928 -19.754 85.1682 62.2556 -19.9875 85.7008 62.1396 -19.942 86.4447 61.1558 -19.7881 87.153 62.1716 -19.7978 86.2343 47.8791 -19.4741 87.2925 48.104 -19.5245 82.4988 59.6683 -19.7865 81.9781 59.0011 -19.6751 83.3862 59.6365 -19.6853 80.4654 58.6587 -19.6245 80.5789 59.5934 -19.7137 79.8717 59.8795 -19.6941 81.2544 59.4359 -19.6379 85.3738 29.3572 -19.5935 84.7639 59.6508 -19.7782 84.2411 58.611 -19.463 85.6551 58.6141 -19.4474 85.9493 59.955 -19.6902 86.8906 59.9928 -19.7719 87.6983 58.4757 -19.4289 87.2752 59.9306 -19.7469 88.1371 59.4772 -19.5365 87.7113 60.6091 -19.7692 89.1264 59.258 -19.532 88.9773 60.1417 -19.6667 90.4476 60.7086 -19.7007 90.0459 59.3687 -19.5522 90.6517 59.6669 -19.5132 91.3009 60.0424 -19.6365 97.2753 47.4782 -19.048 88.285 61.2909 -19.7847 89.8647 61.5738 -19.7677 88.6089 62.1569 -19.71 89.6829 62.1698 -19.5515 101.317 47.7564 -19.0915 102.113 47.6219 -18.8508 85.1323 34.2282 -19.4875 91.9912 60.3565 -19.5902 91.174 61.6816 -19.721 85.178 38.4736 -19.2834 73.0582 58.291 -19.5407 74.1961 58.6196 -19.6359 73.294 59.0274 -19.6667 89.6658 47.4777 -18.8382 74.5845 59.3186 -19.6982 76.0214 58.5525 -19.5534 76.7952 60.2141 -19.7948 77.3031 58.2132 -19.4864 78.2988 59.3439 -19.7421 77.5696 59.6953 -19.6931 78.871 58.4101 -19.5125 79.362 58.9676 -19.567 78.2188 60.3919 -19.7614 83.5098 60.1088 -19.7247 84.7466 60.053 -19.7881 84.8409 60.5668 -19.747 85.9981 60.448 -19.7131 85.2162 43.0605 -19.3234 85.2368 45.3967 -19.6121 87.1238 60.3892 -19.8254 87.557 61.7548 -19.8142 88.3098 47.611 -18.9056 100.039 47.6265 -19.038 88.586 57.9969 -19.3797 89.8415 58.4283 -19.3956 86.6469 58.3849 -19.4728 90.7806 57.7131 -19.3149 91.2928 59.2494 -19.4727 91.9796 57.7173 -19.2811 92.6235 59.3469 -19.4291 71.6613 57.3017 -19.4571 72.9088 57.452 -19.5004 74.5303 58.0908 -19.5293 74.2431 56.5073 -19.3742 74.6723 56.4949 -19.386 85.2148 30.3692 -19.1787 85.3767 46.8038 -18.6824 85.3458 45.3403 -18.632 85.5529 47.2361 -18.442 75.6248 57.3602 -19.4312 76.6571 56.8825 -19.3777 78.6143 57.1674 -19.4127 77.8434 56.4673 -19.3266 79.3862 56.8056 -19.3272 80.0894 57.9937 -19.4522 81.0861 56.6597 -19.3093 81.3307 58.2258 -19.4773 81.9878 56.7941 -19.3406 82.8279 58.1786 -19.4583 83.41 56.7786 -19.3048 83.9932 58.0169 -19.3999 85.8251 57.5834 -19.3769 88.1688 56.8952 -19.2989 93.2407 47.6122 -19.0803 94.6372 47.758 -19.154 96.0076 47.5182 -18.8094 86.0361 47.508 -18.7066 74.9024 55.3035 -19.1791 72.6588 55.2932 -19.2198 74.348 54.566 -19.1383 91.3056 56.7287 -19.1716 75.1645 54.4712 -19.174 75.9615 54.458 -19.1001 76.1719 55.1872 -19.1602 75.7669 56.174 -19.3886 81.0673 55.8814 -19.2342 80.0804 56.1106 -19.3132 81.0974 55.3351 -19.123 83.4105 55.5371 -19.1313 82.1966 56.0262 -19.3208 82.3892 54.9808 -19.0732 83.5146 56.0694 -19.2114 89.0674 55.9594 -19.2128 89.943 55.8717 -19.1278 89.3563 57.0687 -19.3014 99.1825 47.5024 -18.9828 85.1685 31.5442 -18.6464 85.1696 36.5479 -18.9847 90.741 47.5175 -18.8298 92.7087 47.551 -18.6002 71.5993 55.5658 -19.2455 72.0451 54.512 -19.1805 73.571 53.611 -19.0119 85.2068 40.0288 -19.0929 79.0947 55.1493 -19.1063 85.3031 44.6092 -18.8152 84.7342 57.2456 -19.3857 86.6011 55.7648 -19.2041 85.8213 56.8391 -19.2809 84.9219 55.2602 -19.0892 87.2184 56.8257 -19.2684 87.65 56.0491 -19.1993 93.1507 56.8946 -19.2545 85.2655 29.2261 -19.2864 72.5946 55.963 -19.3258 76.8259 56.3125 -19.3279 77.623 55.5078 -19.1845 78.7975 56.307 -19.2955 87.0724 47.51 -18.5744 79.8977 52.6802 -18.82 81.0357 52.3713 -18.8351 81.4304 53.773 -18.9817 85.1613 33.4954 -18.6412 79.1469 53.9479 -19.0381 80.6462 54.3671 -19.0823 81.5952 54.7968 -19.0432 95.6356 55.1671 -18.9862 93.9941 55.3764 -19.0011 94.4591 54.7218 -18.9334 92.7881 55.4232 -19.0327 94.1849 56.6388 -19.1608 86.2032 55.0646 -19.0642 86.5973 54.0646 -18.9532 87.4179 54.077 -18.9251 88.8992 54.7995 -19.0031 90.8911 55.1212 -19.0346 90.738 55.8097 -19.1749 91.9483 55.1195 -18.9947 72.6074 53.422 -19.0222 75.1598 53.6867 -19.0056 76.9215 54.3261 -19.0673 77.8786 53.618 -18.9829 77.6269 54.5015 -19.1517 78.3417 54.1461 -19.0284 93.9841 47.4578 -18.6515 94.5903 47.4422 -18.5804 98.1651 47.4268 -18.7496 97.0571 47.3703 -18.6319 99.5772 47.5192 -18.5547 100.352 47.5312 -18.5825 81.433 51.7732 -18.8553 82.4772 52.5234 -18.8193 93.3065 52.0747 -18.6534 94.2739 53.0041 -18.839 93.6005 53.0644 -18.8075 94.4043 51.9933 -18.6451 95.1554 53.3071 -18.7926 82.3011 53.9179 -18.9973 93.521 53.8239 -18.8535 83.2659 54.0327 -19.0105 83.3667 52.225 -18.7886 83.7526 50.9574 -18.676 84.3954 51.7704 -18.7761 85.3752 38.0458 -17.7276 96.4777 55.0136 -18.9353 96.7933 52.7997 -18.7034 91.7424 47.4529 -18.6307 84.2658 52.8192 -18.8576 85.594 52.1692 -18.7306 86.6767 51.8438 -18.8466 86.2982 53.3073 -18.9536 85.6677 53.6237 -18.9293 88.132 52.4269 -18.7391 87.3059 51.7806 -18.8285 88.1399 51.0941 -18.6386 87.7247 53.3523 -18.87 86.9237 52.9253 -18.9616 88.1338 53.6957 -18.8702 90.325 52.3797 -18.7346 89.0875 52.8865 -18.8088 91.6664 52.8543 -18.7914 91.9026 52.3029 -18.7282 92.5832 53.6833 -18.8632 91.7808 53.9899 -18.8637 92.7665 54.3655 -18.9642 73.7004 52.2429 -18.8496 72.6017 51.3292 -18.8237 72.9418 50.143 -18.6771 71.8325 51.9373 -18.798 73.8551 50.7271 -18.7137 74.7879 51.4191 -18.8419 74.9042 52.6308 -18.9222 75.6634 52.4779 -18.8698 75.4848 50.4129 -18.7047 75.6953 51.5094 -18.8857 76.762 51.076 -18.7016 76.0453 53.1696 -18.9353 77.1614 52.3144 -18.8484 78.1951 51.1767 -18.7321 78.9879 51.3115 -18.7704 78.6578 52.5934 -18.8267 80.3898 51.7819 -18.8114 80.8575 50.9442 -18.6829 81.894 50.9926 -18.6876 82.1396 51.7744 -18.8463 85.2506 29.5346 -18.5922 84.6197 54.3136 -18.9903 85.267 39.3384 -18.5575 85.2623 41.5915 -18.7695 85.6196 54.4349 -19.0371 85.3233 42.8971 -18.4202 88.8932 53.8037 -18.8922 90.1418 53.7483 -18.8614 86.2527 47.5609 -18.33 92.6318 50.7324 -18.5388 94.0504 51.1525 -18.5996 95.9707 47.4511 -18.55 97.991 47.3955 -18.5479 71.9324 50.1375 -18.6093 72.6923 49.1879 -18.4886 74.2758 49.2393 -18.4729 95.0302 51.0108 -18.5558 95.2484 51.6256 -18.5869 75.8802 49.5537 -18.5493 101.468 47.5917 -18.5164 76.9565 49.846 -18.5874 85.2894 46.2077 -18.2391 96.1427 52.3576 -18.6586 81.8927 49.6116 -18.5969 82.8753 49.0893 -18.51 83.2281 49.6182 -18.5934 96.0668 51.0596 -18.601 96.8407 50.8766 -18.5209 97.6813 50.5225 -18.4807 88.4773 47.4956 -18.5836 79.6503 50.3021 -18.6258 89.5734 47.4108 -18.5467 86.1241 49.3475 -18.5698 87.5793 49.1024 -18.5227 87.2737 49.9052 -18.6484 90.74 47.5014 -18.4223 85.0883 50.8761 -18.7038 88.4338 51.0868 -18.6426 89.5858 50.9011 -18.6579 85.3339 36.5052 -17.9477 94.6424 47.4667 -18.3049 80.8005 47.1043 -18.4959 80.9626 46.834 -18.4739 81.4788 47.4963 -18.1473 94.6161 49.6511 -18.3962 92.5632 49.6118 -18.4205 92.9076 49.1766 -18.3161 94.5558 50.5784 -18.5016 74.8238 44.8221 -18.2856 74.8035 46.8328 -18.523 73.9938 46.9109 -18.3316 95.7299 50.3765 -18.5351 95.9335 49.2313 -18.2925 74.9513 47.1785 -18.4912 75.0346 45.0552 -18.2979 96.9175 49.2535 -18.3004 97.1026 47.4093 -18.3261 75.715 44.8052 -18.0679 75.256 46.7999 -18.4681 96.093 47.4783 -18.338 98.8329 47.4909 -18.3242 99.8353 47.5438 -18.3447 76.2446 47.0081 -18.2318 73.8704 47.5078 -18.221 92.851 47.5752 -18.3365 75.4573 47.9377 -18.149 74.5919 47.9228 -18.1645 99.5287 49.3193 -18.2854 99.2399 50.4675 -18.4673 79.4716 48.3348 -18.1205 80.0886 49.246 -18.46 77.4105 49.0337 -18.425 80.9413 49.0217 -18.4116 101.245 47.5776 -18.3304 102.389 47.5976 -18.3736 80.5695 46.862 -18.4743 80.9379 45.3726 -18.2895 80.5791 45.4263 -18.2912 85.3274 44.3031 -18.3356 81.8724 48.3513 -18.0916 83.7551 48.8791 -18.384 85.219 48.4884 -18.1386 86.9629 48.9261 -18.4282 83.507 49.3188 -18.5566 87.5356 47.5219 -18.1837 88.6898 47.5601 -18.2358 89.9379 47.5225 -18.1922 88.7017 49.3014 -18.413 91.8249 47.5182 -18.3024 90.1804 49.2137 -18.3739 90.5241 49.9772 -18.5087 89.4794 50.4373 -18.6069 91.3909 50.7391 -18.6087 85.1889 31.6311 -18.249 83.3549 50.3245 -18.6225 84.9559 50.1364 -18.6532 90.5766 51.1413 -18.6546 88.3384 50.0819 -18.5403 71.9244 49.6089 -18.5636 73.9754 48.4232 -18.2214 75.9551 49.1359 -18.4517 76.7998 48.4283 -18.1818 85.3266 40.6446 -18.3303 85.3328 41.5965 -18.3342 80.0545 45.8755 -18.1145 80.878 44.8759 -18.271 80.6326 42.9558 -18.0541 81.6742 46.8897 -18.1177 85.0341 47.0617 -18.0613 79.9422 47.2094 -18.2106 80.3549 47.8677 -18.0722 78.8176 47.1304 -18.118 78.917 47.8672 -18.0873 80.9728 42.9511 -18.0677 81.3944 45.6012 -18.0795 74.8062 42.6614 -18.0515 75.2075 42.9845 -18.0446 82.7263 47.2039 -18.0422 85.5339 47.8245 -17.9979 86.404 47.7256 -18.092 87.2894 48.2546 -18.0612 88.3993 48.3008 -18.0469 96.6019 48.4502 -18.0643 85.1636 45.8915 -18.0238 85.1881 44.7702 -17.9635 100.297 47.6789 -18.0392 99.5779 47.7052 -18.0541 83.5016 48.3847 -18.1269 101.454 47.7085 -18.0499 91.2471 48.3969 -18.0545 90.9732 47.6984 -18.066 92.0091 47.7035 -18.0952 93.0279 47.7323 -18.105 92.7188 48.2292 -18.0194 74.0896 44.3653 -18.0553 94.6784 47.5947 -18.1253 94.845 48.143 -17.9898 96.0672 47.5991 -18.1389 76.5258 47.9516 -18.1169 78.207 48.3519 -18.1543 85.3073 42.3005 -17.9608 80.01 44.2558 -17.9392 96.593 47.5921 -18.0529 97.4808 47.5757 -18.0767 82.5193 47.9198 -18.0379 75.9739 43.7352 -17.9001 81.3275 43.8219 -17.9476 95.7381 47.7512 -18.0451 95.9311 48.0404 -18.0063 97.2478 47.9167 -17.9466 84.4912 45.7949 -17.8179 99.2461 48.0545 -17.9563 75.0898 41.6404 -17.8885 74.7464 41.327 -17.8492 74.0137 41.8733 -17.752 81.7126 44.9212 -17.8828 100.545 48.0024 -17.9305 99.683 48.388 -18.0077 84.4003 47.1067 -18.0066 83.749 45.4728 -17.8231 84.536 48.1195 -18.0289 72.6229 43.8744 -17.8566 73.1387 43.9447 -17.8952 72.6897 45.7946 -18.0597 70.9123 43.6326 -17.8309 86.5224 47.9787 -18.0305 73.1694 46.7141 -18.1867 87.5782 47.7502 -18.0271 88.4993 47.9926 -18.0099 89.3258 47.7513 -18.0456 90.9243 48.0638 -17.9922 77.0286 46.9106 -18.1532 92.0539 47.9776 -18.0044 78.5362 44.8715 -17.8801 76.9885 42.9584 -17.7195 93.8783 47.8829 -18.022 85.4089 33.0414 -17.4585 79.0526 44.9962 -17.9005 80.7873 42.0457 -17.9258 81.0464 41.8938 -17.8544 85.2309 42.8876 -17.755 85.2129 44.0419 -17.9066 85.2892 30.027 -17.8837 85.3035 34.7766 -17.9827 72.8252 47.0497 -18.1708 71.2209 46.9733 -18.1527 73.3018 47.9472 -18.1624 71.3922 47.9411 -18.1746 75.4457 48.3956 -18.1936 85.3503 39.5022 -17.8093 85.3485 40.4296 -17.9153 81.6811 43.4142 -17.7436 80.0359 41.7658 -17.6782 79.1821 42.3362 -17.63 81.7299 42.1277 -17.6021 74.0209 40.5538 -17.5633 74.8373 39.6398 -17.6949 75.1189 40.7098 -17.7959 75.9642 40.2162 -17.5175 75.7564 41.8144 -17.7355 85.226 41.7535 -17.6835 72.7905 41.814 -17.6239 84.8807 44.3288 -17.7086 82.2375 42.1149 -17.5194 82.3844 44.9 -17.7912 84.7934 45.2929 -17.8015 85.3723 36.5811 -17.4719 85.2267 40.1105 -17.5173 80.5995 41.15 -17.7889 81.0975 40.8775 -17.7488 85.3672 31.7431 -17.3428 81.7181 39.5493 -17.3616 85.1968 40.5856 -17.5095 84.9306 42.3142 -17.4746 82.7656 42.4516 -17.5079 83.7789 42.4623 -17.4713 83.8139 43.8722 -17.6482 84.6457 43.0019 -17.4884 84.4285 44.3115 -17.6596 84.5092 42.4478 -17.4319 77.0227 41.8047 -17.5961 77.004 40.0854 -17.3965 79.7751 39.714 -17.3969 79.3181 40.6724 -17.4409 77.6539 40.6898 -17.4277 78.6986 40.5516 -17.3902 78.5217 42.5362 -17.6335 80.6769 39.0284 -17.5618 81.1046 38.7648 -17.5049 80.9581 40.733 -17.7809 85.2257 37.8168 -17.2741 85.378 35.1976 -17.3622 80.6861 37.2114 -17.3957 80.0093 37.5614 -17.1916 85.4035 30.3835 -17.1471 81.0981 36.3813 -17.2568 80.6978 36.261 -17.2782 85.2544 36.1738 -17.1114 76.7562 38.9296 -17.2838 77.9766 39.2327 -17.4084 77.7056 38.5715 -17.2738 79.0277 39.8149 -17.3439 78.3596 38.4939 -17.2134 81.8753 38.8391 -17.268 85.0052 39.7203 -17.2998 84.818 40.6088 -17.31 81.7711 35.8625 -16.9886 79.0775 36.7764 -17.0399 85.3787 31.6271 -16.9144 82.7416 36.6587 -16.9613 82.8269 38.0963 -17.1113 82.4839 39.6848 -17.2761 83.7777 38.8782 -17.2423 82.9196 40.2557 -17.2913 83.8128 38.0916 -17.1375 83.9081 36.771 -17.0511 85.3496 34.4322 -17.1089 85.2603 34.5339 -16.9153 84.7016 38.2636 -17.0701 84.9209 37.3355 -16.9938 84.5843 39.0288 -17.1807 84.9795 37.6967 -17.0847 83.8852 40.2427 -17.2767 84.7998 39.3043 -17.2047 84.4473 40.4337 -17.2646 85.4338 32.8675 -16.9859 85.4062 33.2266 -17.0674 85.5693 30.6084 -16.4891 85.2524 33.9894 -16.8146 85.0083 36.0771 -16.9297 82.8107 35.4787 -16.8448 83.9898 35.2987 -16.8536 83.7277 36.0979 -17.0149 84.1647 36.1593 -16.9931 84.771 36.2689 -16.9057 85.2352 32.1509 -16.5757 85.2031 33.2373 -16.668 83.7313 33.9095 -16.6879 84.4613 34.3724 -16.6757 84.8941 34.5086 -16.6926 85.0203 33.2637 -16.5761 84.7255 33.5527 -16.5697 85.1111 31.3949 -16.397 84.8088 31.1957 -16.3075 103.692 46.4354 -19.8408 103.038 47.5121 -19.6307 111.638 61.7533 -19.7428 111.602 62.1375 -19.8316 110.894 61.9821 -19.7749 111.698 62.3844 -19.847 110.731 62.3748 -19.7502 113.784 62.3702 -19.8999 112.422 62.2099 -19.851 112.882 61.9058 -19.8049 113.915 61.7467 -19.8422 114.018 61.9949 -19.9145 114.976 61.4561 -19.6212 114.833 62.3025 -19.8176 107.526 62.3309 -19.4252 107.521 61.6852 -19.6947 108.421 61.8509 -19.8159 93.8853 61.0986 -19.6334 92.8264 60.1119 -19.642 93.6671 59.596 -19.4582 93.0277 61.6599 -19.713 116.672 61.6024 -19.6235 117.355 61.7085 -19.6574 117.297 62.3734 -19.4652 118.267 61.2272 -19.5572 118.108 60.7726 -19.4694 117.983 61.7842 -19.5571 118.539 61.7431 -19.702 95.1627 61.0601 -19.6221 94.7144 60.2592 -19.6149 119.419 61.0955 -19.5862 119.36 61.8549 -19.7691 118.825 62.3783 -19.6811 120.579 61.5767 -19.6172 96.1045 61.0101 -19.6235 95.9602 61.683 -19.6525 94.7268 62.2355 -19.7277 119.72 62.3765 -19.6631 97.6384 61.7281 -19.6431 97.1793 60.8323 -19.5928 98.3714 61.2982 -19.5932 122.302 61.6989 -19.6717 121.5 61.8849 -19.6488 121.307 62.3781 -19.5689 120.439 62.3814 -19.533 122.086 61.847 -19.6057 98.0909 62.3651 -19.7239 99.0256 62.1725 -19.7163 98.8421 61.1256 -19.5696 100.574 62.1725 -19.6096 104.491 62.1647 -19.7657 103.138 62.1723 -19.7008 103.822 61.2499 -19.5173 102.872 47.5475 -19.1326 92.4335 61.3666 -19.6857 91.2052 62.1813 -19.6585 105.882 61.7643 -19.6774 105.748 61.1692 -19.5385 105.933 62.3504 -19.731 107.799 60.7483 -19.4649 109.501 61.6783 -19.6827 110.773 61.6831 -19.7113 109.728 60.9058 -19.5014 110.187 62.0006 -19.7232 112.999 61.212 -19.5401 114.686 60.9504 -19.4884 116.26 60.7955 -19.4921 116.083 61.7005 -19.7095 115.873 62.3339 -19.762 116.686 62.344 -19.3795 93.8826 62.1717 -19.8116 94.3829 62.163 -19.776 103.707 44.1826 -19.5276 102.398 62.1713 -19.7124 102.202 61.2138 -19.5128 104.56 61.0197 -19.492 105.274 62.1808 -19.7338 111.959 62.1729 -19.8416 92.3166 62.1696 -19.7117 109.604 62.3796 -19.4005 103.389 47.2494 -19.0099 107.648 59.4504 -19.3999 108.589 59.5205 -19.366 109.336 59.7186 -19.3984 110.197 59.2511 -19.2891 119.568 60.3401 -19.5433 93.8906 58.1901 -19.302 95.2882 59.4948 -19.4584 112.115 60.937 -19.4784 111.115 60.4288 -19.4194 121.918 60.49 -19.47 122.757 62.3793 -19.5098 96.1676 59.0674 -19.3829 97.4075 59.1133 -19.4039 99.4883 60.3402 -19.4816 98.5637 59.8812 -19.5678 98.6641 58.4978 -19.2976 96.1957 62.1721 -19.4889 113.808 59.8475 -19.3611 112.978 59.9657 -19.4113 117.552 58.9768 -19.3054 101.107 61.2046 -19.5226 119.606 59.6344 -19.3833 100.106 59.1715 -19.3642 101.319 59.5248 -19.4123 103.365 59.4266 -19.3847 102.795 59.919 -19.4959 102.367 59.1306 -19.4117 101.919 60.0832 -19.4222 102.978 60.9913 -19.4965 114.879 59.767 -19.3428 103.96 59.7731 -19.4012 103.886 57.9303 -19.1582 103.7 60.7594 -19.463 104.985 60.0863 -19.4713 106.323 59.5874 -19.3746 117.94 62.3684 -19.389 120.85 60.4498 -19.4875 120.433 59.3357 -19.3031 121.535 59.2228 -19.3763 103.564 46.8471 -18.8743 116.561 58.3409 -19.1825 115.868 58.9734 -19.2957 115.558 57.9321 -19.152 96.3944 56.786 -19.139 94.3741 57.3162 -19.2308 117.752 57.685 -19.153 118.567 58.9637 -19.2803 118.836 57.0946 -19.1656 119.539 58.0097 -19.1754 98.8931 58.3394 -19.2694 119.844 57.3625 -19.1847 106.996 57.6573 -19.101 106.81 59.0299 -19.3373 105.647 58.0276 -19.1779 107.966 57.8861 -19.11 119.453 58.8941 -19.315 120.438 58.3919 -19.2168 121.212 58.118 -19.2079 121.422 56.6992 -19.1337 94.6389 58.0612 -19.29 95.5117 58.1529 -19.2734 103.726 42.1243 -19.2417 97.1052 58.0896 -19.2587 103.574 45.2689 -18.7513 97.9319 57.9351 -19.2306 98.8135 57.4225 -19.2119 99.884 57.2184 -19.1569 100.19 58.3699 -19.2557 101.254 58.608 -19.2709 101.053 57.8186 -19.1829 102.983 56.7898 -19.0919 102.184 57.9398 -19.1828 102.818 58.3512 -19.2342 123.105 59.4993 -19.3572 105.297 58.8198 -19.2856 111.069 58.3276 -19.1933 111.857 57.5964 -19.1475 113.344 58.5535 -19.2227 112.59 59.5531 -19.3671 111.502 59.3962 -19.3727 110.899 59.1533 -19.3081 110.423 58.0005 -19.1366 114.47 58.1136 -19.1953 114.449 57.2934 -19.1526 114.357 58.8729 -19.3081 115.162 58.9948 -19.2773 110.582 56.8887 -19.1181 109.82 57.4133 -19.047 109.428 56.3834 -18.9925 120.321 56.5463 -19.0335 111.4 56.901 -19.0788 110.47 56.2502 -19.0413 103.112 47.4881 -18.4562 113.282 55.9718 -18.97 115.362 56.4642 -19.0932 115.041 56.9851 -19.104 112.966 57.1946 -19.1001 116.301 55.5024 -18.8992 115.814 56.7642 -19.1598 95.0217 56.0168 -19.2164 95.6002 55.9932 -19.2012 96.5459 55.8103 -19.0436 116.701 57.2005 -19.1412 117.301 56.535 -19.102 118.48 56.3005 -18.9909 108.85 57.2986 -19.0767 97.5871 55.0053 -18.9623 98.4743 54.7941 -18.8884 97.609 55.9341 -19.0561 98.2988 56.6688 -19.0936 99.3689 56.7783 -19.0942 98.8686 55.8917 -19.0605 100.378 56.1395 -19.0132 101.13 56.1053 -19.0097 104.122 56.4812 -18.991 105.896 56.6536 -18.9998 107.174 52.8937 -18.6297 108.152 54.3526 -18.8011 106.707 54.522 -18.7761 108.05 55.5831 -18.9203 109.202 55.5063 -18.8887 109.551 54.2671 -18.7201 97.5972 53.137 -18.8261 97.5373 53.8447 -18.8485 98.5251 53.2555 -18.7148 110.331 53.7914 -18.8229 110.837 55.4175 -18.8913 111.344 54.3467 -18.7953 112.52 54.963 -18.8518 112.57 53.1038 -18.7186 113.098 53.9652 -18.8093 113.633 54.3104 -18.8015 99.4695 53.8642 -18.8322 99.3071 55.0356 -18.8987 114.149 52.4387 -18.5882 100.283 55.2202 -18.8937 100.645 53.4454 -18.6934 114.404 53.6558 -18.8543 114.753 55.1338 -18.8822 101.342 54.4062 -18.8669 101.668 53.1449 -18.7023 101.953 55.1053 -18.9102 102.743 53.4831 -18.7293 104.877 53.9447 -18.7485 103.133 55.1387 -18.9023 115.399 54.4595 -18.8588 103.707 55.7697 -18.951 118.015 54.6003 -18.8119 105.785 54.536 -18.8179 106.635 55.7249 -18.916 116.116 53.3259 -18.7113 117.922 52.7256 -18.6323 118.148 55.1511 -18.8634 119.074 53.1041 -18.659 118.948 54.2817 -18.8597 119.692 53.866 -18.7551 119.312 55.3246 -18.9286 103.563 41.9118 -18.3649 103.634 42.6952 -18.7561 102.484 55.9315 -19.0777 107.317 56.455 -19.016 115.311 53.5204 -18.6952 103.589 46.5161 -18.3909 98.4511 51.4378 -18.5807 97.7969 52.2887 -18.6396 99.3409 51.7535 -18.5645 101.348 52.1253 -18.6035 104.739 52.2242 -18.5783 106.197 53.2709 -18.6987 107.912 52.3359 -18.6108 108.983 52.3888 -18.5667 110.695 52.5691 -18.5786 111.42 52.8951 -18.6122 113.096 52.2977 -18.5867 113.224 51.5062 -18.5242 114.637 51.7766 -18.5343 116.495 52.2012 -18.5722 103.594 47.3042 -18.1972 100.494 50.6853 -18.5484 103.704 50.7488 -18.4212 102.821 51.1019 -18.5866 103.317 49.9586 -18.3528 111.321 50.3851 -18.3968 109.509 51.3073 -18.5227 108.648 50.3914 -18.4083 101.553 49.1585 -18.2287 101.457 50.7526 -18.4877 111.533 51.5223 -18.5356 112.545 49.355 -18.2388 112.475 51.236 -18.5168 114.298 50.8231 -18.4362 102.414 50.6541 -18.5349 103.241 49.1617 -18.2177 114.524 49.5285 -18.2801 115.418 50.8131 -18.5096 104.109 50.6687 -18.4195 104.856 49.184 -18.2027 105.149 50.208 -18.4123 106.575 49.7475 -18.3608 105.675 50.8737 -18.4311 106.612 50.9365 -18.4363 108.114 46.4134 -18.3204 107.989 47.1388 -18.3419 107.86 46.6539 -18.3454 107.811 47.1964 -18.3066 107.353 49.1831 -18.2808 108.498 49.2841 -18.2707 107.547 50.2547 -18.5334 107.938 51.5138 -18.5562 109.918 49.7589 -18.3047 116.053 49.6405 -18.3346 118.232 49.2273 -18.2724 116.558 50.7757 -18.4655 103.551 44.5446 -18.3243 100.007 51.2648 -18.5464 100.029 51.9241 -18.5702 100.768 51.28 -18.5937 101.607 51.3494 -18.5645 102.589 51.2628 -18.6093 102.717 51.49 -18.6127 102.457 52.4238 -18.6256 103.565 52.1385 -18.6105 103.683 52.9165 -18.7043 103.966 51.3028 -18.5157 104.695 51.6801 -18.5434 106.312 51.9767 -18.5674 107.253 51.5409 -18.5715 108.591 51.651 -18.5239 112.373 52.083 -18.5865 115.414 51.213 -18.5281 116.479 51.298 -18.513 117.153 51.484 -18.5509 118.457 51.7654 -18.5784 103.588 47.7307 -17.9229 102.295 47.722 -18.0686 113.949 45.7513 -18.2217 113.581 45.4841 -18.2206 113.941 44.765 -18.1547 107.828 45.2835 -18.2207 108.066 44.164 -18.1041 108.657 45.2955 -17.9471 107.24 47.115 -18.1501 107.165 43.6412 -17.7871 113.587 43.7255 -17.9963 103.672 46.3057 -18.1401 103.589 44.4837 -17.9714 111.069 48.89 -18.0896 112.84 48.1118 -17.9153 114.23 48.4653 -18.0111 113.507 49.2137 -18.2067 107.78 43.6047 -18.0177 112.948 46.7453 -18.0599 113.705 46.5972 -18.3106 114.57 45.7055 -17.9599 114.502 46.7938 -18.0933 114.281 47.2263 -18.1419 108.565 47.0659 -18.1782 104.032 47.2708 -17.9334 112.962 44.5156 -17.821 102.094 47.9798 -17.9627 107.477 48.4303 -17.9935 109.016 48.1715 -17.9403 103.834 45.8309 -17.8722 103.862 46.7315 -17.9446 111.198 47.9872 -17.9177 102.812 48.2877 -17.9714 112.882 47.3997 -18.0192 111.824 47.2695 -17.9159 113.815 47.9219 -17.9669 113.851 48.147 -17.956 104.569 48.1304 -17.9507 113.767 43.3259 -17.9746 114.04 43.3004 -17.9212 114.595 42.9623 -17.6687 114.553 44.4281 -17.8237 105.207 48.572 -18.0551 106.013 47.9936 -17.9241 114.878 45.4951 -17.8573 108.057 43.01 -17.9569 115.052 47.3524 -17.9944 115.583 46.1164 -17.8611 115.697 47.247 -17.9439 106.078 45.7351 -17.7935 106.165 46.9017 -17.9109 106.542 47.4754 -17.9753 113.7 47.1749 -18.2614 109.721 47.468 -17.9337 109.793 46.8405 -17.9152 115.878 48.059 -17.9402 117.232 48.3037 -17.9866 115.71 49.2239 -18.2564 112.067 46.872 -17.9187 107.915 48.0262 -17.9379 117.219 47.9252 -17.942 108.661 47.7076 -17.9861 103.562 41.6854 -17.8047 103.608 43.0794 -17.9393 104.805 47.1052 -17.9534 110.748 46.9834 -17.9304 116.648 46.3684 -17.9691 116.646 47.0484 -17.9728 112.93 42.9582 -17.6415 113.647 42.5878 -17.8474 103.781 43.5259 -17.6658 103.862 44.5604 -17.6953 104.211 45.0787 -17.7089 104.266 46.3282 -17.8086 104.92 44.5897 -17.6711 106.092 43.2196 -17.5318 106.171 44.8539 -17.6914 108.816 42.7458 -17.6275 109.737 44.3281 -17.5942 107.672 41.7394 -17.7831 108.024 40.6251 -17.7229 108.116 41.9866 -17.8206 106.921 42.1595 -17.5463 111.846 43.7658 -17.532 110.835 45.6111 -17.767 115.555 44.0753 -17.6266 114.07 42.2111 -17.7987 113.64 41.9968 -17.815 113.944 40.4743 -17.6454 103.741 41.9919 -17.5374 104.133 43.2372 -17.4741 114.696 41.1812 -17.454 115.559 42.7786 -17.4789 105.078 43.6231 -17.611 116.457 42.6621 -17.4495 106.787 40.8123 -17.3963 109.867 42.8639 -17.4373 110.863 43.2693 -17.4991 110.867 44.1714 -17.6344 108.741 39.7219 -17.3557 111.686 44.6824 -17.632 104.151 41.9127 -17.3301 113.604 39.9664 -17.5927 112.928 41.1026 -17.4385 105.835 42.6012 -17.4618 112.05 41.7049 -17.3464 113.585 37.5049 -17.3312 113.931 38.9065 -17.5215 112.923 39.3158 -17.2857 111.536 46.6212 -17.8756 113.968 37.6892 -17.3832 111.823 39.3596 -17.1067 111.868 40.7715 -17.2306 109.775 40.7867 -17.2314 111.285 41.5989 -17.3619 104.297 40.7916 -17.2192 105.635 41.0083 -17.2897 114.721 38.002 -17.0865 109.825 39.6968 -17.1551 110.811 39.9822 -17.2092 110.571 37.9092 -16.9623 106.096 41.3487 -17.3432 96.9678 26.1309 -23.2854 97.1926 26.1718 -23.2918 96.9774 27.3236 -23.4679 97.4664 27.4236 -23.3786 95.338 27.4986 -23.4013 94.3822 27.4083 -23.3546 95.5494 27.109 -23.4225 94.9037 26.4044 -23.2734 95.2404 27.6887 -23.3351 97.26 27.6973 -23.338 97.3204 25.8512 -23.2214 97.1921 24.0723 -23.097 97.7197 25.0596 -22.9815 97.5119 25.8845 -23.1472 94.4698 27.7199 -23.1976 95.2972 27.9568 -23.0413 95.857 25.4771 -23.1565 97.3025 27.8973 -23.1384 92.3507 27.0156 -23.2608 93.8962 26.2377 -23.2352 93.3562 27.4334 -23.3305 92.3296 27.4759 -23.2262 93.4366 27.7372 -23.1977 92.4886 27.7701 -23.0549 93.0071 27.9572 -22.9283 97.5539 27.9005 -22.9347 97.5717 26.5345 -23.1857 97.7532 27.4499 -23.1162 97.7553 26.3145 -22.9549 97.483 23.4729 -22.9349 92.3108 22.1353 -22.8131 92.2084 24.0152 -23.0422 91.8996 22.6225 -22.8251 93.4058 23.1768 -22.9094 94.5197 27.9349 -22.8864 91.4861 27.1922 -22.9499 91.8644 27.6763 -23.1389 91.5657 27.6695 -22.9556 91.8927 26.9704 -23.181 97.3181 27.9821 -22.8589 91.7394 27.9049 -22.896 97.0482 22.1092 -22.8781 95.9928 22.9631 -22.9157 97.8742 27.1871 -22.742 94.9696 24.0128 -22.9978 91.767 24.2128 -23.0143 92.9651 24.9611 -23.0863 92.3092 25.297 -23.1346 91.8922 25.7551 -23.1132 91.6291 24.9222 -22.9612 91.5053 25.3597 -22.8777 91.5015 26.6398 -22.9203 97.8492 26.1478 -22.5904 97.213 20.6094 -22.7269 97.4462 21.7756 -22.7783 97.7608 23.758 -22.6943 91.4323 24.2229 -22.7491 91.4917 22.9608 -22.6522 97.8565 25.2267 -22.6581 97.7927 27.6374 -22.528 91.3278 27.4051 -22.6593 91.4784 27.8053 -22.665 94.1184 21.8516 -22.8145 92.0639 28.0311 -22.5633 92.6062 27.9925 -22.641 91.3159 24.5016 -22.5389 96.3679 20.0611 -22.6491 97.3067 19.3271 -22.5792 97.8689 23.649 -22.298 97.5908 20.4843 -22.5596 92.2805 18.2461 -22.4261 93.2036 20.1145 -22.6239 92.059 20.0485 -22.6556 97.7806 21.5331 -22.5176 94.5786 19.5666 -22.589 93.0842 18.0421 -22.3872 95.8089 28.0805 -21.9813 97.5465 19.5567 -22.5112 96.2012 18.2328 -22.4427 91.7191 19.1985 -22.4796 91.8383 21.2627 -22.6979 91.4894 21.376 -22.5088 91.3897 22.8908 -22.4973 97.0391 18.4765 -22.4989 97.3174 18.5611 -22.4734 94.1571 21.2375 -22.7647 92.8358 21.93 -22.7894 91.4454 22.4722 -22.5651 95.9776 21.3848 -22.797 91.3465 25.668 -22.5081 91.3183 27.0517 -22.5122 97.7275 18.5333 -22.2291 97.4193 17.4263 -22.4093 97.7053 18.8875 -22.2837 97.8508 24.334 -22.0964 97.01 16.5062 -22.3335 97.5359 15.9872 -22.1522 97.7547 19.8126 -22.3188 94.768 17.5576 -22.3744 96.0532 16.1787 -22.2349 97.4035 28.0504 -22.2628 91.563 18.6585 -22.2977 91.4585 19.6888 -22.3175 97.9068 21.634 -22.1839 91.2808 21.8848 -22.243 91.3112 27.6731 -21.5209 91.5652 28.0187 -21.6797 97.7689 16.1911 -21.8796 97.3598 14.6924 -22.0851 97.8588 19.4738 -22.026 93.4011 15.862 -22.1395 92.0126 16.46 -22.2384 92.3222 14.8046 -22.0693 97.8512 20.3844 -22.082 97.8036 27.6869 -21.6667 91.8473 15.2649 -22.0622 91.5876 16.7944 -22.1356 94.7984 15.3609 -22.1324 95.5628 14.8152 -22.0855 91.4309 18.275 -22.1469 91.8702 18.0982 -22.376 97.0745 14.2693 -22.0616 91.3429 19.3555 -22.0545 91.2577 22.5805 -22.0659 91.2677 23.3798 -22.0958 91.2865 27.0719 -22.1239 92.9541 28.1348 -21.6586 93.7979 28.1047 -21.8073 91.2703 24.5534 -22.1175 91.2974 25.7464 -22.0445 96.1695 13.2945 -21.9543 97.2361 12.7283 -21.9291 94.664 13.3299 -21.9826 93.5549 12.7226 -21.8504 94.9082 13.2034 -21.9776 95.2501 12.2111 -21.8523 97.5529 13.9433 -21.8982 97.7367 15.0118 -21.8362 91.5677 13.6613 -21.7459 91.872 14.4107 -21.9722 91.4654 14.732 -21.7275 91.3522 15.9537 -21.7143 97.5792 12.4138 -21.7531 97.8199 17.5815 -21.8842 91.2473 17.7285 -21.7381 91.2603 21.0871 -21.724 97.7544 13.4837 -21.6395 94.7049 9.77569 -21.6146 92.9019 11.2889 -21.6974 93.3633 8.91029 -21.5216 97.3104 28.3262 -21.382 91.98 10.3641 -21.654 92.0872 11.6506 -21.7548 91.7149 11.6063 -21.6547 97.8298 15.2281 -21.4822 97.8361 16.8944 -21.554 97.8539 18.8363 -21.4438 93.1217 13.7384 -21.9503 97.8651 19.8776 -21.5619 92.0195 13.2251 -21.9292 91.6527 12.8607 -21.748 91.9165 28.2202 -21.5191 96.3261 10.2085 -21.5975 91.2505 18.5331 -21.6362 97.275 11.169 -21.7194 97.5084 10.9653 -21.6353 91.2683 23.8682 -21.1075 97.7025 26.7499 -20.3721 97.8712 20.9654 -21.338 97.6871 23.7777 -20.1634 91.27 19.404 -21.6629 97.6479 28.5635 -20.5272 97.7496 11.7122 -21.4602 92.2486 7.53848 -21.4192 92.4594 9.11863 -21.5541 91.9822 8.7411 -21.4426 97.8336 13.8625 -21.3937 95.275 28.2755 -21.3539 91.7621 8.6251 -21.2926 91.6775 10.1525 -21.4828 91.2336 26.4676 -20.3002 91.4615 11.1671 -21.4015 91.3977 28.0085 -21.2689 97.5602 9.09009 -21.4452 97.2377 9.30932 -21.5297 91.4826 12.2258 -21.4676 97.7834 9.26812 -21.3289 97.8345 10.6072 -21.379 91.3963 14.0295 -21.5343 97.8536 11.6147 -21.203 91.9733 6.8928 -21.2536 92.5415 6.53416 -21.3319 93.3193 6.87257 -21.3484 97.8459 12.8469 -21.0205 95.3794 9.05788 -21.5517 95.151 7.09371 -21.3886 93.585 28.447 -20.9787 91.8228 28.508 -21.0454 91.4623 9.97641 -21.201 96.3517 7.11333 -21.3573 97.02 7.07502 -21.3608 97.2436 7.5835 -21.3945 91.3665 12.3215 -21.2065 97.7102 7.45411 -21.2133 91.314 14.7149 -21.259 97.9272 10.1169 -21.2015 93.7329 4.13428 -21.1229 94.6752 5.08027 -21.1806 95.6101 5.50157 -21.2089 96.5985 4.52624 -21.1047 91.2669 16.027 -21.2823 97.351 5.81797 -21.2116 97.6919 25.6925 -20.2643 97.4346 6.59966 -21.279 97.2406 28.8303 -20.5964 91.3664 28.9598 -20.3932 96.1809 2.94198 -20.9693 97.2878 3.56022 -21.003 97.5329 4.52793 -21.0291 97.2322 4.5628 -21.1085 95.8616 28.7053 -20.698 91.942 5.04386 -21.0944 91.6785 7.32176 -21.0524 97.7147 5.56263 -21.076 103.363 39.7785 -20.9671 97.9516 8.17792 -20.9557 97.9828 10.1801 -20.9408 97.7639 15.3174 -20.5273 91.5415 8.45694 -20.885 91.3624 10.8036 -21.002 91.2593 22.2577 -20.1335 91.8181 29.1733 -20.4685 91.2781 28.3402 -20.5659 93.097 32.9282 -20.8229 92.2544 33.2356 -20.8568 92.1568 32.8498 -20.8617 93.2046 33.232 -20.8036 96.8949 2.96397 -20.9847 102.085 38.6627 -20.6248 91.512 7.1954 -20.6801 97.7071 3.19088 -20.807 97.7565 4.22974 -20.8518 91.4011 9.57554 -20.7473 91.3302 11.944 -20.7932 91.2985 17.5369 -19.9149 94.8998 33.2184 -20.8467 93.9018 32.9309 -20.8264 95.0551 32.8399 -20.8636 97.9472 5.72632 -20.8069 97.7596 6.14787 -21.0685 97.9782 8.51684 -20.4691 97.8302 11.5795 -20.1079 103.638 39.6175 -20.6445 91.314 14.5995 -20.7993 96.9375 1.5248 -20.8251 97.347 2.07368 -20.841 97.939 7.31607 -20.8454 93.9692 28.9138 -20.4983 91.6124 33.5204 -20.7437 91.6128 32.9217 -20.8127 91.3347 33.8677 -20.6124 91.5822 32.1686 -20.5215 101.386 36.9607 -20.7198 93.2393 32.0145 -20.4073 97.5669 35.513 -20.5893 98.0149 36.6409 -20.6933 93.3281 32.7098 -20.7512 97.7222 28.1951 -20.2243 93.0192 33.6781 -20.6227 101.853 38.4315 -20.5643 99.6809 36.5478 -20.7246 95.4958 31.8672 -20.319 94.7196 33.6484 -20.6555 103.095 38.6143 -20.6206 97.9538 4.07565 -20.5047 103.022 36.5048 -20.6365 101.335 35.1817 -20.4896 97.9323 10.0666 -20.2969 103.101 37.2438 -20.666 103.405 38.6887 -20.5263 91.7362 34.0561 -20.644 91.4716 8.30086 -20.3776 97.696 17.1042 -19.3407 96.0295 32.7929 -20.7675 96.0626 33.2337 -20.7857 97.6712 22.1986 -19.672 103.717 39.9819 -20.447 96.9432 33.2206 -20.7666 91.2473 24.6397 -20.131 94.9843 33.9488 -20.5986 97.2397 33.8128 -20.5789 97.1798 32.8495 -20.747 97.9077 33.6384 -20.4583 94.953 34.5818 -20.6261 91.12 27.9761 -20.1019 96.9441 34.5551 -20.6265 93.5409 29.3911 -20.281 95.7365 29.3557 -20.2855 102.957 38.1703 -20.5402 103.338 38.1712 -20.431 91.6598 31.609 -20.3347 103.449 37.1319 -20.5163 96.8173 31.98 -20.3892 90.6162 32.7553 -20.3565 98.3083 34.7982 -20.4882 103.67 39 -20.269 97.8381 32.0763 -20.2608 93.1157 33.9565 -20.5817 100.334 35.0094 -20.48 98.0279 5.72665 -20.4495 97.6704 19.0396 -19.5174 97.6662 20.8559 -19.5195 102.758 35.5419 -20.535 91.2512 23.5054 -19.9174 103.25 35.6477 -20.4458 97.5404 2.03465 -20.7601 97.7507 2.36035 -20.6498 97.9523 3.23914 -20.4259 97.8818 1.90083 -20.4207 91.3566 11.0435 -19.0792 91.3309 11.7267 -19.8092 97.9939 7.08041 -20.4284 99.8445 33.9846 -20.3689 100.94 33.4842 -20.4207 101.886 34.6451 -20.4386 97.7265 13.3052 -19.2468 103.008 34.0924 -20.4007 97.8961 28.9622 -19.9388 97.2039 29.3142 -20.344 98.5249 33.4679 -20.3216 98.5177 31.6043 -20.1296 91.1735 30.3674 -20.1606 90.4825 29.3407 -19.9524 103.534 33.2585 -20.1301 103.41 34.1861 -20.2687 92.0061 30.2974 -20.1978 96.9818 31.1391 -20.2225 100.106 31.8381 -20.146 100.991 32.2719 -20.3219 97.2139 30.2581 -20.1778 101.938 33.3591 -20.3005 93.499 31.5656 -20.2523 95.1986 30.9836 -20.1565 103.617 35.9051 -20.0881 103.645 37.2303 -20.2099 103.656 38.0694 -20.0357 102.787 31.0297 -20.0744 103.329 32.0286 -20.0493 88.7741 31.9594 -20.2731 88.823 29.0247 -19.9396 90.399 30.983 -20.1216 97.7417 26.3444 -20.0302 93.6566 30.6163 -20.1489 101.882 30.4296 -19.9978 97.6983 24.3764 -19.8876 97.9663 30.1487 -20.0127 100.92 30.6655 -20.1367 90.686 28.1929 -19.8507 103.663 34.3146 -19.9235 103.751 38.0397 -19.6132 103.751 39.4377 -20.0133 94.4426 30.2957 -20.1552 97.556 31.1144 -20.1649 98.7018 30.6645 -19.9885 100.053 29.8877 -19.9271 91.1573 24.9003 -19.8969 91.0585 26.4804 -19.9391 97.9651 27.9715 -19.8468 91.3099 20.3601 -19.8608 98.0062 2.51029 -20.0027 97.9837 1.47604 -20.1148 98.0103 3.38538 -19.9684 97.9662 4.62671 -20.0147 97.9854 5.74689 -20.0093 97.9252 7.42081 -19.8814 97.7672 8.27999 -18.7831 97.7976 8.94005 -19.1914 91.3371 13.3417 -19.2072 91.3167 16.3222 -19.386 86.3327 28.6526 -19.956 87.7191 28.4746 -20.0185 88.1614 28.6536 -20.0175 103.238 30.9935 -20.0016 103.767 40.1787 -19.5682 91.2108 22.312 -19.8565 98.3254 27.7624 -19.7362 97.955 26.3289 -19.7767 97.7738 23.4227 -19.6865 85.9812 27.1356 -19.8247 86.885 26.3717 -19.7271 85.6606 27.4249 -19.7816 86.9831 27.9777 -19.8783 98.6437 28.9292 -19.8085 99.8605 28.1163 -19.7533 100.775 28.8715 -19.9202 100.644 27.4477 -19.7734 101.092 28.1605 -19.8608 101.855 28.2197 -19.7796 101.918 28.9957 -19.8274 91.3269 14.3242 -19.2607 87.7534 26.7912 -19.8541 88.0778 27.1848 -19.8848 88.9788 26.9918 -19.7541 102.809 28.5896 -19.8185 103.094 29.3889 -19.8531 90.2217 28.6192 -19.8659 103.421 30.2304 -19.829 90.7602 26.3286 -19.7289 103.61 31.5096 -19.7154 90.3143 26.2557 -19.6412 103.641 32.5029 -19.7658 97.683 15.9019 -19.4152 97.6947 20.126 -19.5072 97.963 24.1846 -19.514 90.8367 24.5275 -19.5192 91.0577 22.5162 -19.5833 91.2374 20.287 -19.4657 100.809 25.2531 -19.6381 100.908 24.1657 -19.5551 101.184 26.6538 -19.7296 101.802 24.434 -19.4241 85.634 24.9989 -19.5583 85.9243 24.9819 -19.6175 86.027 25.961 -19.7173 100.123 25.503 -19.5231 85.5261 26.0571 -19.6053 85.3868 27.5914 -19.5861 91.2581 18.3059 -19.4308 85.9192 23.2731 -19.4478 86.9947 25.4844 -19.6462 86.9983 23.5374 -19.4567 87.8722 23.5879 -19.5642 88.5294 25.3657 -19.6303 103.053 27.5752 -19.6798 103.294 27.8729 -19.6729 103.409 26.9776 -19.5297 103.569 29.1708 -19.5715 103.66 30.4735 -19.5515 89.5928 26.3791 -19.6702 89.6817 23.8256 -19.4347 103.741 32.8196 -19.3288 103.802 34.1721 -19.1319 103.817 38.9155 -19.2108 98.2426 26.1594 -19.6046 98.5128 26.7554 -19.6032 99.7731 26.8269 -19.6086 97.7534 10.4095 -19.0969 103.768 35.2297 -19.4736 103.738 36.2436 -19.5886 91.435 8.86104 -18.8717 91.3835 10.0491 -18.9061 85.4266 26.7963 -19.5853 97.9875 2.04448 -19.5916 97.9839 0.255789 -19.5773 97.9145 3.56199 -19.15 97.8107 4.86136 -18.7377 97.7929 6.11105 -18.7457 97.8285 7.07344 -19.1995 101.964 26.2346 -19.557 98.0066 22.8809 -19.3602 103.021 25.8351 -19.5243 103.333 25.3097 -19.4114 99.3347 23.9893 -19.4138 103.645 25.8088 -19.1338 98.4774 25.1435 -19.447 90.8587 21.1826 -19.2107 91.0378 19.9351 -19.1927 100.066 22.9693 -19.3113 90.3344 23.6719 -19.3837 100.669 22.2223 -19.3241 101.112 22.2171 -19.3477 91.3305 12.2641 -18.8753 102.035 22.1204 -19.2402 85.5396 23.6939 -19.3962 85.3714 24.4507 -19.2976 85.6327 22.4235 -19.3029 85.2337 25.8147 -19.1754 85.2224 27.5247 -19.1813 86.0566 22.1318 -19.3651 86.8043 21.4263 -19.2948 87.757 21.7858 -19.3887 88.7408 23.1824 -19.3902 90.7763 22.5456 -19.3681 97.7244 14.4891 -19.1953 98.5125 22.9494 -19.2617 103.186 24.5358 -19.3914 102.767 24.3279 -19.4367 103.617 27.8882 -19.3725 103.753 31.2071 -19.2076 98.008 20.4206 -19.1189 97.7631 19.1933 -19.1969 97.7344 16.4586 -19.0947 98.5582 20.5067 -18.9941 91.2639 14.4946 -18.9853 103.596 24.7799 -19.1327 91.1197 18.035 -19.1453 100.891 20.7503 -19.1735 101.173 19.8034 -19.0531 102.061 20.46 -18.9987 99.9755 20.7157 -19.0417 85.9616 20.108 -19.1462 85.7236 21.4674 -19.2713 85.4798 21.2784 -19.1634 103.729 29.4885 -19.1932 103.131 21.5526 -19.1367 102.773 22.7547 -19.3076 85.4147 22.5196 -19.1655 103.759 37.656 -18.9848 103.351 22.2081 -19.157 103.181 23.6192 -19.3376 88.9608 21.0204 -19.2043 89.3623 19.8147 -19.0629 90.3811 20.3376 -19.0669 90.3131 22.4725 -19.2794 97.7198 16.0858 -19.0559 97.7356 11.4411 -19.1716 103.764 36.2532 -19.1479 103.748 40.2919 -19.1512 103.56 23.6266 -19.1359 87.7564 19.8972 -19.1872 86.9936 19.1918 -19.0539 85.2211 26.3014 -19.1405 88.112 19.1322 -19.0948 88.1885 21.3752 -19.3161 97.9383 -0.108826 -18.9318 97.9317 0.96005 -18.9841 97.7933 4.23553 -18.3428 103.553 24.1182 -19.1328 103.744 28.0145 -19.0464 97.9965 18.4154 -18.8854 98.0318 19.1887 -18.9487 91.1199 15.8873 -18.9527 98.0051 16.4031 -18.7333 85.2123 24.6349 -18.9426 97.7596 14.6176 -18.9907 91.3087 13.0724 -18.7662 98.4104 19.1788 -18.8697 85.6368 19.6767 -19.0174 85.3619 19.9378 -18.8238 99.231 19.6251 -18.9583 86.0514 18.6731 -19.0176 85.2412 21.9558 -18.8635 85.2347 21.001 -18.792 85.2229 23.0675 -18.7829 100.151 19.5901 -18.9586 100.534 19.6377 -19.0111 88.8317 18.5238 -18.9552 90.8176 17.3424 -18.8302 90.7937 18.1985 -18.9454 90.7246 19.3778 -19.0137 90.2536 19.1445 -18.9555 103.061 20.0091 -18.9564 103.404 20.4464 -18.9241 103.591 22.1909 -18.9739 103.777 27.1413 -18.712 103.781 30.1321 -18.8532 103.798 31.558 -18.4113 103.795 33.069 -18.5749 103.787 34.7103 -18.6812 90.8459 15.92 -18.7393 91.0892 14.4226 -18.7477 97.8607 14.3157 -18.747 97.9062 15.2224 -18.7008 100.432 15.7636 -18.5925 101.188 15.8563 -18.6533 101.076 17.5689 -18.8852 85.8997 16.9919 -18.8611 86.9861 14.9595 -18.6308 87.0618 16.7519 -18.8069 85.6017 15.6177 -18.5942 85.4448 17.4983 -18.7521 91.2876 11.1665 -18.6737 98.5427 17.0904 -18.6612 87.8935 15.2663 -18.7552 87.9661 16.9451 -18.9258 88.8672 17.2281 -18.8124 90.4159 17.4689 -18.799 88.9239 15.7291 -18.6778 100.196 17.636 -18.7482 85.6368 18.5146 -18.9018 85.3968 18.9484 -18.7401 102.029 18.2833 -18.8057 103.126 18.4029 -18.8013 103.36 18.1814 -18.7271 103.488 18.8918 -18.7786 103.621 19.9361 -18.752 103.728 21.5384 -18.8124 103.737 23.1476 -18.7111 103.733 24.1862 -18.6737 103.809 28.3364 -18.3878 103.739 36.1816 -18.7375 97.7539 9.35462 -18.7075 97.7543 10.7858 -18.6469 97.7547 11.7442 -18.7674 97.7613 13.1054 -18.7991 85.2033 26.4402 -18.6992 85.2539 28.5866 -18.0887 97.8261 2.19985 -18.322 97.7675 7.50413 -18.7454 91.1252 12.0307 -18.5143 90.4338 15.8436 -18.6359 90.941 12.5529 -18.4255 90.8284 13.9624 -18.5517 97.8878 11.7809 -18.4918 97.9486 13.7581 -18.5687 98.1635 15.1956 -18.549 98.5724 15.1997 -18.4691 91.3385 8.47803 -18.3786 91.3044 10.0305 -18.5739 85.9662 13.1799 -18.4821 86.0623 15.1291 -18.672 85.6592 14.5816 -18.5319 99.5691 16.0232 -18.5866 85.3444 16.4318 -18.4397 101.148 14.8094 -18.5465 102.022 14.5952 -18.445 102.195 16.6111 -18.6233 102.567 15.9649 -18.5831 102.932 17.0991 -18.6784 88.8635 14.4039 -18.5731 103.318 17.0616 -18.6398 103.654 15.4088 -18.3696 103.594 17.8983 -18.5498 103.678 18.5486 -18.5801 103.856 19.4604 -18.3746 103.836 21.6714 -18.5648 90.4921 14.0846 -18.5053 85.2368 17.9994 -18.3778 85.1691 21.3089 -18.536 85.2182 19.5796 -18.3265 103.854 24.9378 -17.9885 103.85 26.4761 -17.9249 103.64 39.2616 -18.3416 90.5264 12.2508 -18.3275 97.8948 9.41441 -18.2663 98.009 11.6491 -18.3406 103.866 22.7629 -17.8924 98.1919 13.1433 -18.3605 91.2206 9.47957 -18.3153 103.79 30.5261 -18.1483 91.0008 10.5516 -18.304 100.037 12.9746 -18.2744 98.5205 14.0992 -18.3957 98.5041 12.8805 -18.2583 98.1693 14.3818 -18.503 85.5328 13.6482 -18.3686 85.4052 14.7014 -18.3118 85.3949 15.344 -18.3455 101.044 11.5566 -18.2696 101.099 13.3089 -18.4114 87.1023 10.4995 -18.2188 87.908 11.9969 -18.4537 86.859 12.0791 -18.386 86.8619 13.3045 -18.4743 87.9639 13.1999 -18.5284 102.085 13.7421 -18.3398 103.237 12.6926 -18.2515 103.307 14.1314 -18.3969 88.9478 12.3048 -18.3766 89.6716 11.6314 -18.3061 89.7331 13.6156 -18.4952 90.8039 11.7405 -18.3193 103.282 15.1916 -18.4962 103.797 17.3545 -18.2911 103.835 17.8671 -18.1853 103.879 21.2198 -18.243 103.577 36.9563 -17.9367 103.6 40.693 -18.3308 85.2266 24.7998 -17.929 99.7362 15.0323 -18.4699 100.416 14.5418 -18.4596 85.2492 18.5074 -18.3229 85.1944 22.9398 -18.1657 97.8344 0.837776 -18.3401 97.8111 3.40023 -18.2963 97.7857 4.95702 -18.1963 97.7959 6.03033 -18.3132 97.8032 7.16848 -18.3338 97.8835 8.33644 -18.23 98.0956 7.2831 -17.8962 98.1815 9.08117 -18.0193 98.2345 10.7889 -18.1539 98.7227 11.0889 -18.1171 91.02 8.76301 -18.0898 90.7383 9.67229 -18.0793 99.9844 11.1884 -18.1295 101.082 10.2239 -18.1468 90.4844 10.579 -18.1702 102.007 9.81443 -18.0391 102.218 11.5569 -18.1324 85.4283 12.8906 -18.1298 85.2639 15.6951 -17.8819 103.309 11.4065 -18.1555 87.9338 10.8622 -18.2929 89.0378 10.4671 -18.18 90.3242 11.5885 -18.2786 103.818 27.2993 -17.8354 103.79 28.317 -17.8932 85.1748 21.0012 -17.6301 103.571 11.4525 -18.1113 103.649 13.2253 -18.1475 103.62 34.6146 -17.7888 103.815 14.8975 -18.1206 103.545 10.4401 -17.9849 97.8373 3.07447 -17.9063 97.9372 5.3946 -17.8768 98.6248 8.37242 -17.8697 99.3489 10.2138 -18.0715 98.4958 9.41605 -17.9632 100.109 9.09639 -17.9426 101.08 7.11962 -17.8193 101.915 7.36661 -17.7922 102.997 9.83491 -18.0311 103.17 7.65105 -17.7965 103.568 9.35244 -17.8333 103.884 11.303 -17.8322 103.854 12.8354 -17.8676 103.889 15.3152 -17.9164 85.313 12.9185 -17.7506 85.2838 14.7586 -17.9163 103.59 33.2355 -17.5903 97.8224 0.146566 -17.9069 97.8192 1.03208 -17.8091 97.8445 2.00744 -17.937 97.8768 4.40004 -17.9475 98.0064 6.43339 -17.9157 103.594 38.995 -17.9398 103.58 40.2514 -17.7585 85.2172 19.436 -17.7147 103.834 10.012 -17.6369 97.9707 1.63037 -17.5426 97.9349 2.915 -17.6952 98.0897 4.84017 -17.6683 98.5505 5.93494 -17.6406 98.1814 6.27746 -17.7793 98.5705 7.10261 -17.7437 103.568 6.08428 -17.5886 103.543 7.85717 -17.7246 103.918 15.0734 -17.6221 103.908 17.6478 -17.4785 103.913 20.1408 -17.524 103.849 23.4901 -17.5117 103.851 24.9035 -17.6249 103.606 29.3658 -17.1077 103.609 30.8281 -17.1974 97.9335 0.216452 -17.4862 98.1178 2.07935 -17.4578 98.2031 3.16403 -17.4617 108.096 39.1524 -17.5368 107.758 39.3549 -17.5567 107.807 37.9643 -17.4215 98.5278 4.4219 -17.4828 107.051 39.3685 -17.3282 100.138 4.38421 -17.5352 100.159 6.7994 -17.7386 101.237 3.47093 -17.5016 101.199 5.14168 -17.6657 102.263 3.51658 -17.4214 102.213 5.47563 -17.6273 103.076 5.76607 -17.6581 103.663 40.3235 -17.5008 103.492 4.94107 -17.5131 103.818 6.74302 -17.4373 103.811 8.80798 -17.5196 103.969 11.6453 -17.4063 103.923 13.7447 -17.198 103.885 15.673 -16.8685 103.857 21.7127 -17.2581 103.604 37.3911 -17.4438 103.618 38.8987 -17.5761 103.582 34.0797 -17.4931 103.579 36.2683 -17.4945 100.268 2.89775 -17.3759 102.401 7.01119 -17.7507 85.2822 14.0674 -17.4054 85.2583 17.2945 -17.1007 108.065 37.7027 -17.3887 108.713 36.7669 -17.025 103.893 8.88567 -17.2899 103.613 35.6243 -17.1647 103.925 10.5903 -17.2055 103.764 38.0272 -17.216 103.804 39.2571 -17.2727 103.883 40.6608 -17.2731 98.1311 -0.798556 -17.1889 98.163 0.894668 -17.2802 98.3858 2.10527 -17.3335 98.5006 2.89492 -17.3429 98.689 1.96862 -17.2631 107.745 36.8912 -17.2389 107.233 38.447 -17.2756 113.684 36.1845 -17.1366 103.834 4.88359 -17.2429 103.677 25.8565 -16.6903 113.011 37.7475 -17.126 108.089 36.8091 -17.2389 103.949 6.82455 -17.0557 103.934 8.65752 -17.0899 112.971 36.041 -16.9144 103.794 36.7542 -16.9939 107.989 35.9166 -17.1326 108.245 35.7199 -17.0553 112.148 37.4287 -16.9069 107.701 35.7095 -17.0749 107.131 35.193 -16.8375 114.05 35.5748 -17.0344 104.219 38.3149 -17.0086 104.133 37.7466 -16.9869 106.182 37.6364 -16.9528 106.009 39.2597 -17.1296 104.099 39.9061 -17.1623 98.3997 0.44056 -17.1507 104.81 38.4682 -17.0435 105.013 40.1999 -17.2307 98.5722 -0.851104 -17.0224 103.599 27.9741 -16.9797 109.691 38.2948 -17.015 103.956 5.3462 -17.0309 85.3392 12.7737 -16.5217 85.284 15.2537 -17.0593 103.961 12.2066 -16.7295 103.9 17.3656 -16.9233 103.882 19.6152 -17.0359 103.584 33.2053 -17.0595 103.603 34.384 -17.0964 105.581 38.2971 -17.0162 114.784 35.3503 -16.7808 103.638 33.4526 -16.8783 103.771 34.9179 -16.8415 103.969 6.49868 -16.7437 104.933 36.2436 -16.811 106.056 35.9689 -16.7531 105.128 37.4534 -16.9675 103.89 10.7892 -16.404 107.884 34.4378 -16.9526 108.462 34.5394 -16.8526 104.123 36.9509 -16.8749 109.866 35.8292 -16.7005 113.689 33.7235 -16.8964 113.641 34.9293 -16.9998 112.929 33.2304 -16.5686 114.077 33.8562 -16.8571 111.72 35.5228 -16.6669 111.684 37.3605 -16.8487 103.652 23.8249 -16.3144 103.57 27.7476 -16.6461 103.586 30.4412 -16.8099 103.637 31.4323 -16.6615 103.795 33.202 -16.6183 104.022 33.2846 -16.4941 104.119 34.8165 -16.6492 104.999 34.4836 -16.6817 103.929 8.90328 -16.6704 103.74 16.3377 -15.7849 103.679 21.9464 -16.1769 107.712 32.509 -16.7164 108.076 31.5666 -16.6723 108.056 32.5883 -16.7343 107.037 32.7098 -16.5384 103.59 29.7563 -16.6885 108.735 32.816 -16.5593 112.244 34.8589 -16.6432 110.845 35.461 -16.6827 113.574 32.6002 -16.725 113.91 31.0812 -16.5899 113.978 32.4879 -16.7292 114.739 33.4692 -16.5676 85.3161 15.3801 -16.6314 103.896 13.3704 -16.6295 109.815 34.3648 -16.5746 114.659 31.2534 -16.3543 103.686 20.6571 -16.0755 111.773 32.0629 -16.3211 111.917 34.2782 -16.5566 112.272 30.9281 -16.2464 106.103 34.1019 -16.563 104.998 32.7837 -16.433 106.152 32.6487 -16.4236 104.222 34.1333 -16.5649 113.578 30.7531 -16.5298 113.963 29.4867 -16.4264 113.023 31.1028 -16.4006 107.74 29.6099 -16.4446 108.077 29.5822 -16.4637 108.114 30.7782 -16.5499 107.719 30.8204 -16.5338 107.01 30.4381 -16.2921 103.665 26.3954 -16.3264 103.613 27.5751 -16.3526 103.64 29.4467 -16.4655 103.756 30.9513 -16.405 109.755 32.2359 -16.3713 104.313 32.2034 -16.3335 105.071 31.6949 -16.3851 112.8 29.0495 -16.1111 113.651 29.0118 -16.3796 103.785 12.5787 -15.3769 103.666 25.0849 -16.1312 103.697 19.598 -15.8379 103.79 28.1794 -16.1474 103.821 30.0854 -16.2958 104.156 30.1938 -16.1781 104.006 31.0478 -16.2843 104.394 31.0542 -16.2786 106.008 31.3563 -16.2737 108.902 29.3186 -16.2076 109.534 30.6093 -16.2368 110.505 30.333 -16.1644 111.869 30.8451 -16.2191 110.957 31.3661 -16.3559 110.651 32.2006 -16.3832 107.015 28.5707 -16.1123 107.755 28.2149 -16.2839 108.216 27.9679 -16.2356 109.867 31.0221 -16.2601 103.888 7.68764 -16.0602 103.9 9.57243 -16.2621 109.628 29.1181 -16.0682 109.813 29.5664 -16.0976 110.574 29.0823 -16.0693 111.6 28.8526 -15.9875 112.712 27.7498 -15.892 103.926 6.44387 -15.8794 103.662 23.5572 -16.0101 103.778 24.9148 -15.8351 103.808 26.4758 -16.0324 103.749 13.7663 -15.4567 105.45 28.7817 -16.0816 104.134 28.1293 -16.0305 104.873 27.2779 -15.921 106.172 28.0961 -15.9998 105.997 29.4027 -16.0969 104.15 29.2748 -16.0774 105.103 30.162 -16.2056 108.178 25.1558 -15.988 107.961 26.8442 -16.143 107.788 25.1839 -15.9799 107.044 26.4876 -15.8957 108.666 26.9849 -16.0158 109.767 27.4249 -15.8404 111.886 27.7258 -15.8307 104.048 26.4652 -15.865 104.396 27.3272 -15.9092 103.763 10.8611 -15.1449 105.33 26.9083 -15.8644 107.71 23.3526 -15.8099 107.085 25.0926 -15.7769 103.717 21.9906 -15.853 103.711 23.4152 -15.8389 108.222 23.3782 -15.8501 109.059 24.4053 -15.6957 108.008 21.5921 -15.7314 109.772 26.108 -15.7215 106.22 27.2367 -15.8989 110.392 27.3071 -15.803 110.957 27.7004 -15.8549 104.346 26.6214 -15.811 103.769 10.13 -14.9348 106.017 25.1897 -15.6903 107.868 20.3714 -15.5399 108.251 20.1908 -15.4932 108.714 19.9897 -15.3385 108.693 22.2394 -15.6165 109.917 25.0153 -15.634 112.331 24.9471 -15.6297 112.178 26.0799 -15.6839 103.726 17.0132 -15.4666 103.735 19.2323 -15.5833 112.952 24.3424 -15.6194 112.906 26.1358 -15.7733 103.795 21.5586 -15.6199 103.877 22.6521 -15.5891 110.918 26.2454 -15.7822 103.897 23.96 -15.6034 107.26 22.3158 -15.579 106.273 22.5112 -15.48 104.061 24.463 -15.5879 104.277 25.4423 -15.6895 105.134 24.8666 -15.6504 105.12 23.8258 -15.5954 106.167 23.8652 -15.5726 104.222 23.0351 -15.444 111.884 23.2192 -15.4562 110.737 23.0808 -15.5038 103.73 15.6849 -15.4093 103.789 18.6037 -15.3744 103.817 19.7093 -15.4103 112.722 22.6673 -15.4762 104.032 21.5074 -15.4198 104.358 21.9165 -15.3695 105.229 22.3777 -15.4904 107.903 18.9625 -15.4056 108.239 18.2344 -15.3185 107.215 20.5512 -15.3775 109.853 20.9943 -15.2358 109.448 22.5599 -15.4932 103.805 7.76604 -14.8491 106.173 21.3289 -15.3359 109.962 23.4312 -15.5139 110.003 22.6144 -15.4273 111.179 22.4342 -15.4204 105.126 21.1472 -15.3512 106.882 18.102 -15.0657 107.75 17.0179 -15.1985 103.78 13.746 -15.0082 108.017 17.3808 -15.27 103.796 15.3489 -15.0397 103.813 17.0952 -15.2084 108.28 16.7698 -15.188 104.009 19.0043 -15.1904 104.305 20.738 -15.271 106.082 19.2475 -15.1101 105.188 19.0721 -15.1147 108.801 18.1403 -15.1625 109.435 19.2731 -15.1633 112.068 21.0112 -15.2334 111.905 18.9376 -15.0589 112.866 20.6678 -15.3097 103.813 12.5095 -15.014 104.009 16.7003 -14.9796 104.312 18.5024 -15.0262 104.496 17.1349 -14.8947 107.952 15.7268 -15.093 108.042 14.654 -15.0126 108.753 15.0267 -14.8672 107.18 16.6678 -15.0011 106.2 16.7719 -14.8765 108.895 16.2248 -14.9708 109.85 18.286 -15.003 110.64 17.3418 -14.898 110.143 19.6493 -15.1097 111.445 20.2116 -15.1403 107.302 14.6732 -14.8136 107.264 13.2667 -14.6703 108.159 13.7803 -14.8816 103.846 9.06247 -14.5957 103.824 11.5474 -14.8114 110.031 15.3518 -14.7446 104.047 12.4964 -14.6258 103.973 13.5299 -14.7254 106.168 15.1811 -14.7569 104.038 15.2644 -14.7909 104.237 16.8152 -14.8932 104.421 15.0601 -14.69 105.306 15.5546 -14.7724 109.877 16.5516 -14.8237 111.007 16.0204 -14.815 112.003 16.4521 -14.7867 111.905 16.8722 -14.8221 108.251 12.7067 -14.774 107.778 12.2962 -14.7275 108.062 12.1058 -14.7322 108.847 13.2379 -14.6749 109.953 13.8646 -14.5976 108.909 12.3154 -14.6146 103.978 11.3018 -14.5384 104.295 12.8296 -14.5374 104.255 14.819 -14.69 105.151 12.4846 -14.5029 105.281 14.4705 -14.7079 106.144 13.6626 -14.5877 107.027 11.604 -14.4981 108.021 11.3064 -14.6405 111.203 14.1687 -14.6455 104.127 9.99988 -14.3376 104.301 11.1986 -14.3746 106.366 11.9173 -14.4862 104.009 8.60938 -14.338 104.474 9.35985 -14.2149 106.925 9.75049 -14.323 106.305 10.8402 -14.3732 105.184 10.1113 -14.2827 105.197 9.09131 -14.249 104.821 11.5141 -14.411 105.31 11.2608 -14.4181 53.03 61.8549 -20.1773 53.0139 60.5315 -20.2719 54.0693 60.8176 -20.1103 56.6494 62.1653 -20.2877 55.7962 61.1549 -20.1263 56.6227 61.1959 -20.1265 54.9148 62.1466 -20.2279 62.1966 61.6205 -20.1514 62.6818 61.8358 -20.3556 62.6163 62.1742 -20.3859 63.0644 62.1576 -20.3468 63.6086 61.2829 -20.0121 64.0828 62.1149 -20.3161 57.1995 61.0193 -20.0671 58.4545 62.1625 -20.3075 61.6857 61.5102 -20.0147 62.5117 60.8676 -19.9387 61.0552 62.1742 -20.0748 64.4594 61.3482 -20.0025 64.8927 62.1591 -20.1497 65.202 61.1741 -19.9285 65.8803 62.1728 -20.0715 54.6021 57.7689 -20.0479 55.5282 59.1675 -20.1471 55.0297 58.6747 -20.1032 71.7589 62.1733 -20.0499 72.1091 61.4945 -19.8721 53.0429 58.9988 -19.9806 54.3112 59.6162 -19.9824 53.7726 61.9669 -20.2157 55.0229 60.5859 -20.0883 55.8334 60.1779 -20.2166 56.3484 59.9487 -20.1849 59.621 61.4593 -20.0851 56.347 58.3296 -19.9767 55.175 56.8236 -19.8942 55.1478 59.7096 -20.1343 55.7412 59.5747 -20.1931 57.3567 59.9804 -19.9468 58.952 59.762 -19.8826 60.3831 61.1415 -20.0164 66.6137 61.1007 -19.9375 67.554 61.4936 -20.0437 67.9501 62.1722 -20.1532 67.7956 60.9203 -19.9298 69.0954 62.1709 -20.0361 53.9935 58.2378 -19.8673 60.9996 59.0225 -19.752 59.9322 58.7276 -19.7774 61.9005 59.658 -19.8058 63.7347 59.8466 -19.9145 62.7319 58.8483 -19.7312 64.272 60.0752 -19.9291 64.3827 59.2264 -19.7423 63.5835 60.7927 -19.9017 64.2896 60.8917 -19.9432 65.2349 59.9008 -19.8258 66.5333 59.3437 -19.7787 66.6056 60.0492 -19.9032 55.602 55.6182 -19.7131 55.0558 56.1082 -19.7933 54.3745 57.3575 -19.9723 67.6434 59.8395 -19.7766 56.717 56.2266 -19.7876 68.7004 60.1012 -19.8086 57.4 57.4328 -19.8366 69.3014 59.6886 -19.7407 69.8094 60.3991 -19.9036 53.0413 57.8551 -19.9284 53.6515 57.4269 -19.799 69.7435 59.26 -19.7133 70.4688 59.9786 -19.7652 70.8803 60.6883 -19.8053 53.5895 56.8516 -19.6966 69.0566 61.1895 -19.8998 70.016 61.6527 -19.9292 71.7179 60.1113 -19.8533 72.1538 60.6088 -19.8518 57.6067 57.8585 -19.8804 58.3794 57.028 -19.7067 57.4794 58.9625 -19.8073 58.4154 58.4202 -19.7342 58.9831 58.1458 -19.6863 63.1184 58.0123 -19.6842 61.9326 57.9769 -19.615 63.1419 56.9459 -19.4957 63.8523 58.525 -19.6801 63.7511 57.1499 -19.4839 64.5955 58.2761 -19.6674 64.6823 56.7551 -19.4843 65.5054 58.479 -19.6252 66.6884 57.7027 -19.578 53.2695 56.3322 -19.6098 54.1054 55.9336 -19.5934 53.0434 56.7511 -19.6247 55.8238 55.1144 -19.6613 55.9475 53.7726 -19.5706 57.1463 54.3321 -19.5495 67.4562 58.9247 -19.6784 56.9343 55.3659 -19.6213 67.8011 57.7544 -19.5047 68.2758 58.8428 -19.722 68.6295 57.9759 -19.5711 69.0476 58.4633 -19.6116 57.5458 56.0926 -19.4719 57.8143 56.5889 -19.5366 71.0551 58.2888 -19.5146 71.9934 59.3992 -19.7431 59.5935 57.4101 -19.6833 58.8308 56.5889 -19.6636 59.6738 57.0132 -19.6461 59.7326 55.4008 -19.3669 61.2292 57.8423 -19.6214 60.1856 57.9347 -19.7226 70.4872 59.1325 -19.6853 71.1049 59.2305 -19.717 71.4589 59.6708 -19.8077 58.4367 55.7772 -19.3994 55.5097 53.4154 -19.4366 55.6573 53.2184 -19.3652 67.092 56.9086 -19.4192 58.1519 53.2772 -19.4173 59.2961 52.5583 -19.3394 59.0809 53.8213 -19.4325 58.9146 54.4691 -19.56 53.4056 54.3155 -19.3808 68.2225 56.9234 -19.5118 54.8261 55.0017 -19.4473 54.0589 53.4645 -19.3279 69.0163 56.5164 -19.4027 70.0289 56.9211 -19.4547 58.3958 55.2671 -19.3602 59.5231 54.7646 -19.4003 59.4023 55.8162 -19.4345 61.7641 55.779 -19.3753 62.4085 56.943 -19.4916 62.22 55.8817 -19.4024 62.8713 55.9576 -19.4576 64.3131 56.0107 -19.4325 67.451 56.0857 -19.3756 57.3788 52.7221 -19.1035 55.0121 52.4133 -19.2433 55.904 52.5134 -19.1415 59.8934 51.2675 -19.1548 59.2515 51.8251 -19.2361 59.1106 50.4204 -19.0342 58.4415 51.4295 -19.0274 59.9478 53.5972 -19.1638 60.5924 53.0036 -19.0402 60.3391 54.579 -19.2542 62.1888 54.5077 -19.2145 62.3287 52.789 -19.0289 63.0078 54.7575 -19.2787 63.3512 53.3113 -19.1183 64.5199 53.6415 -19.0643 63.7044 54.4257 -19.2132 65.6338 54.6537 -19.2202 67.0365 53.9637 -19.2419 65.6443 53.4306 -19.1314 68.0708 54.701 -19.1908 68.4655 53.4236 -19.0157 70.8056 54.5388 -19.2559 69.74 54.6896 -19.1871 69.8801 54.0368 -19.0744 53.4555 52.9717 -19.2761 63.4996 55.8041 -19.4009 64.287 55.0987 -19.2846 66.5587 54.9507 -19.2186 66.1215 55.7982 -19.3508 67.436 55.1862 -19.2267 69.4944 55.5682 -19.2588 53.2561 51.4506 -19.1333 54.1053 51.9794 -19.1598 70.6461 55.079 -19.2568 70.6374 55.5923 -19.3117 70.7285 56.3062 -19.4257 71.7383 56.3739 -19.3554 60.5235 51.7671 -18.9136 63.5942 52.2761 -18.9833 64.6064 52.8545 -19.0094 65.4411 52.5457 -18.9931 66.9996 52.5602 -18.921 66.4395 53.0672 -19.0052 53.6245 50.3391 -18.9536 54.6868 51.2906 -19.0477 69.0035 52.5235 -18.9072 54.8995 50.1014 -18.9538 55.8637 50.6062 -18.8851 70.7667 53.7124 -19.0437 57.7859 50.2949 -18.8213 60.1537 50.3676 -19.0304 56.8276 51.5654 -19.0111 61.1176 49.9592 -18.8765 62.5752 49.2869 -18.6735 62.1665 50.3787 -18.7791 60.8102 51.096 -18.8062 62.9948 50.8243 -18.8575 63.7561 50.5068 -18.7777 67.0748 51.0229 -18.7896 65.4189 50.8936 -18.7943 65.2387 49.9363 -18.7207 67.2229 49.8632 -18.682 64.4625 50.6477 -18.8267 64.8943 51.7619 -18.9145 66.1432 51.6336 -18.9691 68.6381 50.4876 -18.7441 68.0789 51.6718 -18.901 69.5465 50.9193 -18.8912 68.9046 51.8369 -18.8764 69.7004 52.7865 -18.9231 70.3432 50.9827 -18.7727 69.6657 49.9128 -18.6553 70.2127 51.9518 -18.8117 53.7292 49.1935 -18.7562 53.2716 49.9606 -18.8933 53.2529 49.1898 -18.6973 54.8818 48.9639 -18.6708 55.7562 49.3683 -18.7044 70.7823 52.9473 -18.9661 57.8412 49.231 -18.6742 58.7337 49.5915 -18.7994 60.3484 49.1013 -18.6677 67.1825 51.8982 -18.9046 61.2588 45.6293 -18.8825 60.3044 45.068 -18.7018 61.112 44.7599 -18.4082 61.8841 45.2242 -18.6953 70.647 50.1909 -18.6181 59.3226 44.0599 -18.3464 59.297 45.6648 -18.5747 60.2356 45.6428 -18.5726 53.3099 47.3415 -18.394 53.8746 48.2971 -18.7431 53.2612 48.5572 -18.6558 54.2935 48.3802 -18.6854 57.9089 48.6122 -18.5518 60.1465 44.3126 -18.4281 63.5756 45.4586 -18.4725 62.0164 44.5814 -18.5679 60.1925 46.756 -18.5508 60.9222 46.4438 -18.6184 61.6716 46.5499 -18.6358 59.3139 46.7115 -18.6038 60.9022 47.0141 -18.5532 62.2461 46.5263 -18.589 62.5622 47.05 -18.5389 61.0081 48.4243 -18.4825 69.9873 49.0825 -18.5059 70.2649 49.5807 -18.5775 55.6454 46.7593 -18.4161 55.0089 47.7958 -18.4156 54.4632 46.7196 -18.2508 56.0522 47.978 -18.408 56.8349 46.7436 -18.3038 57.7513 46.7192 -18.3577 58.3742 47.5224 -18.3945 58.8689 46.7131 -18.5985 53.5218 47.106 -18.3729 56.8657 48.3525 -18.4754 57.5966 47.93 -18.4482 61.2542 43.8723 -18.2746 62.4571 43.2378 -18.1524 62.8934 43.8593 -18.2694 63.6529 44.209 -18.2599 59.8385 47.1315 -18.5191 64.0755 46.8564 -18.5208 64.6151 45.1703 -18.176 64.6648 47.2227 -18.372 61.7041 47.5995 -18.4055 60.7991 47.9654 -18.4091 62.0767 48.1578 -18.3651 63.3295 47.8635 -18.3836 63.2089 48.3088 -18.405 63.7388 47.2335 -18.5215 64.3044 48.1365 -18.3072 64.9031 49.1186 -18.5845 66.8769 48.1228 -18.2628 67.3648 49.1445 -18.5421 68.7789 45.6462 -18.3308 69.4753 45.2378 -18.1917 68.885 46.9194 -18.4728 68.5558 48.4568 -18.3229 66.8754 47.2575 -18.2439 68.4103 47.9335 -18.2838 69.349 47.9781 -18.2367 71.0494 48.3907 -18.2631 70.9718 49.1085 -18.5019 59.0783 47.0863 -18.5729 55.4888 48.346 -18.4743 58.8918 47.5482 -18.4368 58.9334 47.9782 -18.4005 59.5021 47.568 -18.4334 59.0571 48.3687 -18.467 63.1236 46.637 -18.569 68.128 43.2736 -17.9856 68.9176 44.0999 -18.202 69.8086 44.3987 -18.0389 59.3075 42.7887 -18.0917 59.7466 43.0357 -18.2307 59.8414 41.1255 -17.9904 60.8724 41.8608 -18.1015 59.4497 41.7735 -18.1653 60.1111 42.2642 -18.2056 68.0292 45.306 -18.188 61.0672 42.9681 -18.1738 63.2609 43.0023 -18.1784 70.411 46.7566 -18.2009 70.6046 47.2494 -18.1953 53.4631 46.7135 -18.3123 65.2533 46.5922 -18.271 65.6311 47.2442 -18.2705 59.3926 39.7915 -17.8785 59.1715 39.0278 -18.1992 59.9097 39.2704 -17.7277 59.3211 37.6499 -17.7403 60.0405 40.1879 -17.8635 59.3055 40.8252 -17.8511 66.9964 44.4964 -18.0043 61.7538 41.1082 -17.9619 70.9274 45.674 -18.0391 63.3195 42.1331 -18.0467 63.6869 41.6382 -17.994 63.3134 40.4392 -17.8966 64.0805 42.8947 -17.9693 64.8935 43.9366 -18.023 66.8546 42.6918 -17.7957 66.6263 46.7444 -18.2361 66.9323 46.5627 -18.2265 63.9145 40.6719 -17.8726 65.0044 41.6447 -17.7747 67.9689 41.6916 -17.7858 123.056 61.3746 -19.6056 123.823 61.768 -19.601 124.65 61.6723 -19.6682 124.552 62.0367 -19.6674 123.99 62.3673 -19.4452 126.38 61.8144 -19.6741 125.155 60.8872 -19.4812 125.221 62.5199 -19.7295 127.392 61.4223 -19.6125 131.15 61.2527 -19.6057 129.081 61.3848 -19.6332 130.763 60.6157 -19.4779 129.608 62.0049 -19.6421 130.302 62.5906 -19.6805 129.119 62.4934 -19.4412 130.7 61.9009 -19.7038 132.7 62.5904 -19.6648 132.676 61.575 -19.6706 133.886 61.6852 -19.6528 134.68 60.6109 -19.5446 134.609 61.479 -19.6566 135.558 61.7314 -19.4837 135.324 62.1735 -19.4841 134.736 62.4373 -19.3715 126.664 62.578 -19.5515 124.406 59.7584 -19.4523 125.748 59.6436 -19.4151 124.146 60.8449 -19.4937 127.362 59.0949 -19.3762 127.451 60.5706 -19.4805 128.064 58.8381 -19.3365 128.338 60.2351 -19.4351 128.71 58.9701 -19.3544 129.787 58.9002 -19.3119 127.69 62.3129 -19.3241 128.682 62.2311 -19.3304 131.915 59.86 -19.4249 132.734 59.8491 -19.3758 134.655 59.2959 -19.3717 135.568 59.7026 -19.2198 135.015 62.5908 -19.3576 132.953 58.6493 -19.2827 131.324 57.6487 -19.1281 132.84 57.6344 -19.1129 130.888 58.8696 -19.3015 134.559 57.7506 -19.1702 135.551 58.6882 -19.1421 124.14 57.4922 -19.2621 124.048 57.1804 -19.2351 125.138 57.2184 -19.1274 125.059 58.0305 -19.208 122.444 58.387 -19.2515 122.06 57.2371 -19.1168 122.978 57.9632 -19.2376 122.378 58.7794 -19.301 123.765 58.5901 -19.258 123.295 57.3569 -19.2517 124.448 58.1142 -19.2375 124.75 58.8115 -19.3105 126.497 57.3808 -19.1782 126.346 58.8555 -19.3264 127.83 58.0579 -19.2261 129.672 57.3649 -19.0945 130.698 58.3752 -19.2459 131.849 58.481 -19.2917 131.877 58.8839 -19.3578 121.298 55.4357 -18.9222 122.32 55.6469 -18.9386 122.838 56.5169 -19.0237 124.15 56.472 -19.0449 126.698 56.392 -19.0408 127.488 56.9765 -19.0937 132.452 56.7296 -18.9958 134.132 54.9505 -18.8508 128.501 56.3459 -19.0328 134.1 56.6441 -19.0464 134.626 56.4259 -18.9775 135.558 57.4526 -18.8689 123.126 53.3987 -18.7371 124.258 54.0546 -18.7827 122.777 53.9339 -18.8532 126.054 52.3138 -18.5993 126.099 53.9982 -18.8659 125.29 54.2955 -18.8144 121.816 54.2248 -18.7861 119.95 54.3425 -18.8115 121.768 53.5209 -18.7351 123.136 55.1604 -18.902 125.003 55.3833 -18.9141 126.257 55.2989 -18.9227 127.193 53.9915 -18.7112 127.372 53.163 -18.6592 127.635 55.4471 -18.8975 128.817 55.1373 -18.8695 128.573 53.8431 -18.7708 129.612 54.4391 -18.8207 129.927 55.0685 -18.8288 130.526 55.6935 -18.9219 131.824 54.3165 -18.8153 130.927 53.5796 -18.6616 131.159 55.0205 -18.8186 132.308 55.4232 -18.8995 132.976 54.7188 -18.8117 132.587 53.4 -18.6697 131.519 56.0761 -18.996 134.482 55.1279 -18.8599 135.011 54.092 -18.681 135.549 55.5256 -18.5979 120.629 53.0968 -18.8229 122.222 53.0578 -18.6474 123.816 55.9432 -19.009 119.811 52.4509 -18.6072 120.55 51.4662 -18.5768 121.757 51.0538 -18.506 121.198 52.3155 -18.6141 122.556 51.896 -18.609 123.878 52.2221 -18.6007 124.267 51.1611 -18.4929 123.382 50.818 -18.459 126.622 52.5125 -18.6208 127.777 51.8539 -18.4943 128.276 52.4021 -18.5531 129.21 52.9141 -18.5921 129.49 53.7476 -18.6807 134.264 52.8169 -18.6131 134.314 53.4903 -18.6667 135.54 54.8646 -18.5938 119.581 50.774 -18.4689 120.684 50.0772 -18.4603 120.495 50.7358 -18.4593 119.845 51.7487 -18.5593 121.069 50.7195 -18.451 129.603 50.4221 -18.3631 127.487 50.2694 -18.3872 127.048 49.1811 -18.2309 128.546 51.0348 -18.4975 121.523 50.022 -18.4377 123.708 50.0557 -18.3981 124.339 50.4365 -18.5237 125.065 50.9491 -18.4352 132.034 49.73 -18.2891 134.043 50.7127 -18.418 133.201 51.2156 -18.5135 134.617 50.6915 -18.391 134.113 49.2946 -18.3138 134.553 49.2 -18.2656 131.151 51.82 -18.5221 129.556 51.3976 -18.4978 134.728 51.8703 -18.5027 135.774 51.4614 -18.3056 135.347 52.8717 -18.3728 135.772 52.8157 -18.3284 135.775 53.7662 -18.5317 118.619 50.6159 -18.4423 119.889 49.8828 -18.3931 120.863 49.1445 -18.254 122.876 49.9687 -18.4195 124.479 50.0385 -18.4575 125.18 49.3728 -18.2845 126.452 50.9624 -18.4449 132.329 52.0082 -18.5048 133.992 52.1655 -18.5667 135.775 54.229 -18.5826 119.538 46.8954 -18.3634 119.284 46.4584 -18.2864 119.975 46.718 -18.2369 119.411 43.6237 -18.0383 119.719 43.5355 -18.0203 119.445 45.3015 -18.2411 118.599 47.1692 -18.0879 124.507 47.8964 -18.0456 124.53 47.0117 -18.2364 126.665 47.0596 -18.2307 124.005 48.3623 -18.0631 128.077 46.6993 -18.2683 124.906 46.6985 -18.2499 126.015 45.1887 -18.0748 129.471 46.8113 -18.3075 128.525 47.1443 -18.2302 129.695 47.1306 -18.2643 127.921 47.8942 -18.019 129.003 49.0974 -18.2428 129.318 47.7773 -18.025 130.111 47.5045 -18.1427 129.59 47.7807 -18.0476 130.626 47.1349 -18.3008 118.746 45.5487 -17.9671 129.17 48.2012 -18.0567 130.169 48.2366 -18.0916 120.33 47.3078 -18.0677 131.088 47.7122 -18.0572 131.727 47.1147 -18.1195 132.472 48.5723 -18.1617 119.335 48.1969 -17.974 119.412 47.864 -17.9959 133.284 49.0799 -18.2573 133.854 47.9397 -17.9468 134.262 48.7375 -18.2147 134.977 48.1335 -17.9871 124.578 45.6387 -18.1315 123.671 46.3598 -17.9583 135.769 50.3613 -18.0991 118.801 43.575 -17.7459 120.41 44.2138 -17.7823 123.516 47.7844 -17.9881 123.629 47.1225 -18.0479 126.399 47.8697 -17.9989 124.795 48.3647 -18.0625 126.124 43.0713 -17.8502 127.773 42.6314 -17.8454 129.496 45.6236 -18.1729 129.507 43.357 -17.959 119.308 42.2852 -17.8549 119.62 42.7348 -17.9513 117.795 46.2906 -17.8947 117.904 46.9535 -17.9787 117.56 47.2057 -17.9555 132.459 47.6718 -18.0181 133.092 47.1303 -17.9142 134.586 47.7582 -17.9489 135.785 48.3246 -17.9004 135.328 47.1352 -17.9125 135.456 49.3525 -18.0293 120.948 46.7993 -17.9533 121.401 47.3317 -17.9453 122.565 45.8574 -17.9162 122.501 46.6908 -18.0569 121.566 45.7975 -17.8064 124.463 43.5373 -17.8483 124.825 44.0703 -17.9661 123.668 45.3875 -17.8644 123.276 45.4471 -17.8487 124.067 44.0758 -17.8014 120.43 48.0875 -17.9683 122.552 48.2905 -18.0199 124.774 41.3587 -17.6482 124.37 41.8545 -17.6483 124.931 43.244 -17.864 119.492 41.1435 -17.7974 119.794 40.3271 -17.6947 119.834 41.5946 -17.7824 119.271 40.0905 -17.6515 120.3 42.2548 -17.6544 121.08 43.3703 -17.59 121.068 45.3182 -17.7605 117.849 44.6708 -17.7167 121.497 43.8433 -17.6433 121.587 42.68 -17.4974 118.545 41.4983 -17.5037 122.588 44.1669 -17.7401 123.58 43.842 -17.6861 123.155 41.9684 -17.4452 118.623 42.5954 -17.606 124.478 39.9962 -17.4595 124.852 40.301 -17.5236 117.682 42.5229 -17.4826 127.526 40.737 -17.658 126.446 39.2978 -17.4623 123.683 42.0725 -17.5008 129.712 40.0214 -17.6041 129.086 39.0424 -17.5184 129.69 39.0094 -17.5003 127.884 39.8016 -17.5782 117.384 43.9358 -17.6324 117.336 45.0596 -17.73 116.597 45.2783 -17.7671 129.51 41.2757 -17.7436 119.732 39.0528 -17.5496 120.254 38.904 -17.3175 120.675 40.5355 -17.3799 119.242 38.9472 -17.4923 119.478 38.8709 -17.5462 125.775 39.2564 -17.4397 122.461 45.0962 -17.8423 135.776 47.1302 -17.9022 119.756 37.2996 -17.3617 119.454 37.0945 -17.3613 118.817 37.2233 -17.0972 118.727 39.4837 -17.3422 119.75 36.2314 -17.1819 120.815 39.2099 -17.2053 124.624 39.0962 -17.4025 124.595 37.7671 -17.2285 126.945 38.3109 -17.3498 123.562 39.2175 -17.16 123.622 40.319 -17.2698 129.251 37.1096 -17.3251 114.727 39.3491 -17.261 115.477 40.4605 -17.2576 115.942 42.0346 -17.4079 116.476 39.7305 -17.2221 117.629 41.347 -17.3677 117.664 39.5664 -17.1766 120.348 36.9206 -17.0187 119.371 35.959 -17.1663 126.329 36.7221 -17.1565 118.598 36.7201 -16.9962 121.668 38.546 -17.0265 121.441 40.4427 -17.2626 122.695 38.8954 -17.1269 122.333 39.7925 -17.2413 115.533 39.5655 -17.1704 115.867 38.3716 -16.9874 116.512 38.6964 -17.0653 123.533 38.0907 -17.0377 124.758 36.4907 -17.0925 117.766 38.2909 -17.0078 117.174 38.8309 -17.0858 122.348 37.555 -17.0218 121.189 37.1697 -16.8853 126.022 35.905 -17.045 115.586 35.9526 -16.7295 116.912 36.9058 -16.8715 116.506 37.591 -16.9986 120.113 34.7941 -16.892 123.525 37.1225 -16.883 122.029 36.5101 -16.8233 124.27 35.9179 -16.9299 115.519 37.2642 -16.8892 116.791 37.642 -17.0001 117.739 35.8478 -16.7374 85.2149 26.0694 -17.9115 85.2225 27.0429 -17.9169 68.6895 43.0954 -18.0691 69.0907 42.4703 -17.9974 68.9641 40.7934 -17.7924 68.5304 40.9011 -17.7755 70.0731 42.0128 -17.7376 71.1087 41.9632 -17.6486 64.064 39.0905 -17.7307 63.4954 39.5991 -17.8229 63.7227 37.8673 -17.6414 69.0543 39.0903 -17.6659 68.652 39.1638 -17.6488 60.0732 37.9907 -17.585 59.9733 36.9319 -17.479 75.0556 36.8198 -17.4121 75.1021 38.2685 -17.523 74.7238 38.3323 -17.5173 74.1239 39.0276 -17.4172 61.5541 37.3654 -17.5324 61.8397 39.3397 -17.7585 63.9741 36.8796 -17.4745 64.8098 38.1718 -17.3717 64.8748 38.8622 -17.4599 64.877 40.3742 -17.636 66.8985 39.9072 -17.4734 66.9496 41.4986 -17.667 69.0293 36.9292 -17.4148 68.6747 37.8136 -17.4788 67.8277 38.978 -17.4652 69.8002 37.6261 -17.312 70.3029 39.2025 -17.4093 68.1546 40.2173 -17.6084 70.1117 40.0477 -17.496 71.4188 40.1168 -17.3977 85.2216 22.9207 -17.4404 59.3088 34.7486 -17.409 59.6745 34.7168 -17.307 63.4049 36.277 -17.4354 60.2552 36.7253 -17.4412 85.2646 24.853 -17.4099 85.2511 26.1452 -17.4993 85.3704 29.3585 -17.243 75.8094 37.7761 -17.2466 85.2285 20.7729 -17.1195 74.7401 36.89 -17.4099 74.7384 35.2059 -17.2024 74.153 36.5432 -17.1815 75.0642 35.1657 -17.2169 85.3817 28.2209 -16.9433 72.8506 40.0435 -17.3934 73.1027 39.0453 -17.3402 67.0936 37.2513 -17.2113 68.011 36.6603 -17.1882 67.2497 38.927 -17.4092 64.1532 35.3187 -17.2496 63.7877 35.3575 -17.3215 64.9352 37.7194 -17.313 65.7891 37.2237 -17.2838 65.8723 37.8689 -17.3878 66.7472 38.7315 -17.3836 70.8483 38.9323 -17.3397 71.7151 37.9077 -17.2749 71.9522 38.6124 -17.3985 72.9111 37.9964 -17.2114 68.6632 36.3828 -17.3132 69.0799 35.0583 -17.1759 69.7131 34.1592 -16.9134 70.4618 35.4684 -16.9672 76.607 36.6108 -17.0736 77.8587 37.2405 -17.1789 75.0109 34.1449 -17.0985 75.7331 34.5165 -16.944 75.65 35.713 -17.0938 73.9351 35.5936 -17.0376 73.1488 36.1068 -17.039 76.6057 35.4327 -16.9542 59.507 32.9213 -17.0775 60.2002 33.5689 -17.0963 60.2223 35.0628 -17.2658 85.3976 26.8229 -16.5905 80.7777 35.1479 -17.1808 80.7253 34.2488 -17.0854 81.0134 35.0176 -17.1464 79.8957 35.1293 -16.91 62.9601 35.0836 -17.2877 61.578 33.6464 -17.139 63.3263 32.4761 -17.0033 63.8145 33.9665 -17.1776 64.0115 33.0578 -17.0451 64.719 35.7012 -17.1136 64.602 33.5428 -16.8994 65.2082 35.4623 -17.0391 65.0071 36.5056 -17.2171 65.8707 36.3462 -17.2497 66.1393 35.3619 -17.0379 66.7954 35.7769 -17.0543 71.0322 36.6835 -17.0923 71.9773 36.7274 -17.1451 68.798 33.3657 -17.0414 68.3605 34.1826 -17.0133 67.3456 35.5865 -17.028 85.2579 18.987 -17.0854 71.7937 36.0882 -17.1023 72.5534 36.2553 -17.0852 77.8797 36.6539 -17.1468 69.2297 32.9635 -16.9494 68.8272 32.6618 -16.9564 68.9536 31.3458 -16.8727 80.7296 33.3092 -16.9147 80.6358 31.6623 -16.7327 81.07 33.5278 -16.9306 68.0948 32.369 -16.7963 67.0436 34.0717 -16.8521 79.9121 34.1042 -16.8296 81.7021 34.3644 -16.8252 66.091 34.4253 -16.9421 66.0569 33.2635 -16.8048 70.2367 32.2543 -16.6553 61.5588 32.1584 -16.9868 60.2559 32.1503 -16.9522 60.3759 30.8393 -16.804 74.0424 32.1903 -16.6963 74.8646 32.0776 -16.9024 75.0308 33.4122 -17.0596 74.272 34.0274 -16.9065 62.6279 29.7508 -16.6899 63.9253 31.5862 -16.9282 75.342 32.041 -16.8478 72.8547 34.9132 -16.8747 73.1516 33.1503 -16.7164 65.0007 33.4689 -16.8123 64.9622 34.385 -16.9116 78.5993 35.3122 -16.9391 77.5612 35.3037 -16.9796 78.969 33.8192 -16.7503 85.407 23.1175 -16.1779 85.4026 24.205 -16.3543 85.3804 26.0201 -16.6354 85.7574 29.4446 -16.3539 79.9974 32.0578 -16.6408 81.0544 31.7727 -16.7477 81.7438 32.253 -16.6262 67.8358 30.9256 -16.6104 68.8527 30.115 -16.7048 69.2378 30.2348 -16.6813 69.6989 31.3983 -16.6651 67.2697 32.6096 -16.7496 63.9365 30.6883 -16.8478 63.8606 29.2567 -16.6556 64.7074 30.5305 -16.5826 71.1532 33.7038 -16.7388 70.987 35.3859 -16.9414 72.3123 33.9772 -16.8157 71.7944 35.2298 -16.9605 59.5159 29.8452 -16.7532 60.5224 29.7308 -16.668 59.5165 31.8286 -16.9385 74.0261 30.834 -16.522 74.7504 30.8671 -16.7003 75.1919 30.6728 -16.6974 76.0457 31.1571 -16.5807 76.1128 32.6065 -16.7441 64.8585 32.1755 -16.7567 77.5448 32.9387 -16.6833 76.7347 31.9112 -16.6086 85.7346 28.5896 -16.2872 81.0657 30.484 -16.6648 80.6299 30.0106 -16.6221 85.3036 17.011 -16.664 85.3138 18.9914 -16.69 85.4104 21.5616 -16.167 82.6846 32.9071 -16.5888 66.4097 32.3078 -16.7621 66.4453 31.3889 -16.642 67.2414 31.2737 -16.6028 71.7288 32.1418 -16.6264 71.7539 32.9301 -16.7335 70.9844 32.3528 -16.6248 59.729 29.5693 -16.6939 72.2623 33.0099 -16.7569 72.8929 32.2061 -16.6091 59.7275 32.0878 -16.9647 59.7275 32.5056 -17.0094 79.2569 32.2731 -16.6094 65.1577 31.1927 -16.6352 85.3991 27.9212 -16.2733 66.0012 30.4352 -16.6038 66.272 29.5804 -16.4325 66.8361 30.7532 -16.5646 67.2167 29.9114 -16.4468 68.0161 28.7682 -16.3997 68.7766 27.7133 -16.4416 68.7655 29.3409 -16.603 80.7527 28.3035 -16.4711 81.1045 28.3484 -16.4754 80.968 29.8402 -16.6453 69.1055 29.1455 -16.5823 79.9736 29.5401 -16.4012 81.7781 29.2311 -16.3578 59.5185 27.6337 -16.4132 60.0299 27.521 -16.409 59.5154 28.7956 -16.6271 69.8525 30.3951 -16.5433 69.9996 28.4239 -16.3083 62.414 28.0078 -16.5144 61.3951 26.5333 -16.3208 60.3378 28.7178 -16.5755 74.9094 27.9887 -16.449 75.1865 28.0148 -16.4287 74.0262 29.08 -16.3604 82.6824 29.9226 -16.2516 82.6407 31.3214 -16.3989 62.7128 26.8775 -16.3667 63.9831 27.7688 -16.5152 83.6796 32.1647 -16.4767 64.3262 28.6977 -16.488 75.9421 29.111 -16.377 65.0077 29.9808 -16.4682 77.1795 30.5565 -16.4443 70.9394 31.1756 -16.4946 70.4324 31.3535 -16.546 69.2397 27.7648 -16.4514 72.9901 31.0191 -16.4863 85.3137 30.0065 -16.0013 85.2425 26.5829 -16.0543 80.79 25.6151 -16.1684 80.941 27.2343 -16.3705 80.5886 26.7933 -16.262 81.0767 26.2175 -16.2254 81.8361 27.0569 -16.0538 85.3591 26.2047 -16.2392 80.2025 28.0475 -16.2579 79.2308 29.0226 -16.2513 79.887 27.4949 -16.1191 59.5184 26.907 -16.3295 70.6256 29.0397 -16.304 63.9769 26.3263 -16.3426 74.7546 26.4122 -16.2623 75.173 26.2954 -16.2724 74.9046 27.0356 -16.3547 82.9256 28.8384 -16.083 64.8688 26.7975 -16.1123 75.8886 27.4306 -16.1554 74.2144 26.2828 -16.0902 74.2249 28.1037 -16.2443 73.1217 28.3439 -16.1908 85.6937 29.5426 -16.0811 76.7871 27.5279 -16.067 64.6267 28.0684 -16.2993 76.7063 28.4967 -16.2391 83.9007 31.0683 -16.3856 64.9082 28.5578 -16.3215 64.9023 27.8416 -16.2304 65.3679 28.0982 -16.3009 66.0381 27.5288 -16.1798 66.1092 28.8353 -16.3514 67.166 28.3124 -16.2955 77.5343 28.7042 -16.3102 79.0302 30.6427 -16.4034 77.9918 28.0013 -16.1546 68.8374 25.0289 -16.1665 69.225 25.2862 -16.2117 69.0443 26.2371 -16.3515 68.1976 26.3558 -16.137 69.9314 26.6227 -16.1484 85.4515 16.8116 -15.7986 85.3939 18.0576 -16.185 59.7275 26.6553 -16.3144 85.3966 19.9992 -16.2409 67.1991 27.0441 -16.09 59.7071 25 -16.1675 63.1242 25.2609 -16.2082 70.9162 28.2055 -16.1937 84.9832 27.4082 -15.9511 85.4318 28.238 -15.9217 74.1355 23.8223 -15.8361 74.8389 24.195 -16.0586 75.1335 24.5942 -16.1014 75.2426 22.9063 -15.9683 83.9672 29.3873 -16.112 83.9968 28.3587 -16.1307 73.2915 27.4205 -16.1071 73.0364 25.5267 -15.9072 73.4903 24.8886 -15.8726 75.8924 26.0802 -16.0141 59.5615 22.1189 -15.9117 61.5812 24.1071 -16.0781 77.078 25.827 -15.8995 77.9754 26.1912 -15.9525 62.877 21.5381 -15.8574 79.0067 27.4421 -16.028 63.9688 23.0692 -16.0361 63.773 25.0929 -16.2137 80.7312 23.6051 -16.0186 80.0178 24.3827 -15.8628 64.3061 23.2176 -15.9906 64.2509 25.0909 -16.1435 81.1213 23.9307 -16.0347 64.7606 24.911 -15.9664 65.113 25.3071 -15.9335 85.3446 24.7124 -16.0388 85.3456 23.1028 -15.8788 65.2825 27.2276 -16.1178 66.1098 26.4387 -16.1405 82.752 27.6197 -15.991 84.6166 27.8316 -15.9519 84.1816 27.2262 -15.9376 68.8793 23.1141 -15.9884 69.2319 23.8016 -16.0704 68.2933 24.1639 -15.9356 69.89 24.6698 -15.9637 67.1811 26.0542 -15.9945 70.977 25.3903 -15.92 71.8977 26.8535 -16.1063 85.4618 28.6705 -15.8308 85.3955 21.43 -15.8368 68.8693 20.5751 -15.7376 69.257 20.3294 -15.7306 68.9576 22.1117 -15.9158 85.3394 29.4354 -15.8574 69.3607 22.8202 -15.9374 75.8908 24.2993 -15.8547 69.9352 23.2756 -15.8218 67.9725 23.6847 -15.8134 79.1195 25.4195 -15.8558 67.4203 24.5199 -15.8516 74.89 21.7904 -15.8838 75.2794 21.1797 -15.7954 70.2979 24.0964 -15.8338 81.8489 22.7053 -15.6262 81.8161 24.9723 -15.8653 76.0401 23.031 -15.7132 82.4129 24.5318 -15.7236 85.1497 22.9099 -15.5838 85.1333 24.8039 -15.7605 85.4656 14.7343 -15.4188 84.8961 25.9353 -15.7661 81.0826 21.7992 -15.8772 80.7631 21.4405 -15.8399 64.2341 20.2437 -15.7384 63.9543 22.4636 -15.973 63.8245 20.4318 -15.8027 64.9903 21.8881 -15.6366 64.7498 22.8144 -15.804 65.1779 23.4925 -15.802 66.2246 24.5183 -15.8875 82.9229 25.5584 -15.7848 66.5756 23.5488 -15.8384 84 26.2092 -15.8427 67.2802 23.7757 -15.8091 85.4376 18.5286 -15.8374 85.4251 19.9634 -15.8128 61.0065 20.841 -15.7709 71.0063 24.3593 -15.8325 72.1276 24.4015 -15.8788 71.9885 25.4 -15.9223 76.6085 24.8372 -15.832 77.9606 24.0852 -15.8068 78.1356 25.1306 -15.8657 79.505 24.3401 -15.7881 62.6283 19.8115 -15.6718 73.2113 23.3403 -15.7034 72.0278 22.6199 -15.769 72.704 21.9312 -15.5552 63.9383 18.9979 -15.6677 85.333 18.7362 -15.4463 85.3743 19.9027 -15.6083 72.2838 23.7979 -15.8142 71.2091 23.499 -15.7056 74.9669 18.436 -15.5734 74.895 20.1853 -15.7163 74.2121 19.4158 -15.4438 80.7851 20.104 -15.7257 81.0888 20.0428 -15.726 75.2679 18.5458 -15.559 81.551 21.0621 -15.6303 81.887 20.8836 -15.5022 80.146 21.302 -15.6299 74.1938 21.4036 -15.6807 64.9862 20.9015 -15.5619 82.8141 22.927 -15.5535 83.0384 24.8401 -15.7189 66.3905 22.8492 -15.7504 66.5712 22.2401 -15.7022 76.0036 20.9223 -15.5789 75.9732 19.0165 -15.377 83.6856 23.9398 -15.701 79.4137 23.6704 -15.7069 84.6915 24.3704 -15.6131 83.8344 24.9066 -15.7577 73.3582 20.8853 -15.5045 68.8577 18.6861 -15.5843 69.2151 18.9559 -15.6437 85.2609 21.5483 -15.5714 68.2414 20.4169 -15.5567 68.3146 19.3599 -15.4648 83.7934 22.2729 -15.557 67.2014 21.0901 -15.5519 67.5735 22.9212 -15.7104 68.1829 22.0312 -15.69 76.9092 22.3614 -15.5813 77.9922 21.4847 -15.5414 59.75 19.9209 -15.6753 79.0024 21.5817 -15.5054 69.8687 20.9906 -15.5849 67.2122 22.9607 -15.7164 62.049 17.7596 -15.4994 70.84 22.6085 -15.6581 70.8579 21.2831 -15.5309 64.3218 18.7573 -15.5836 71.3755 21.6384 -15.5641 80.9052 19.4627 -15.6817 84.7436 22.725 -15.4873 82.7104 21.4236 -15.4698 84.9148 21.8127 -15.4518 83.6365 21.5463 -15.606 83.9068 20.7006 -15.4022 64.8094 19.1807 -15.4588 65.0944 20.2472 -15.5043 66.3663 19.8649 -15.4786 75.3004 16.4851 -15.3115 74.9795 16.4061 -15.3393 85.2581 19.3414 -15.3306 85.1105 20.8174 -15.3716 68.3298 16.8526 -15.2418 69.145 17.4126 -15.4978 69.9171 18.2295 -15.3643 67.3016 20.229 -15.4606 82.9612 20.4652 -15.3329 77.1018 21.1066 -15.4955 77.163 19.7653 -15.3151 84.7552 20.744 -15.2944 70.4488 19.1509 -15.3626 79.0626 19.8233 -15.325 80.1424 19.433 -15.4203 85.4419 16.0757 -15.2652 85.3916 17.4329 -15.4048 80.9543 17.4735 -15.462 80.9617 18.1181 -15.5026 80.1366 17.5713 -15.2244 81.3018 18.1328 -15.4369 72.791 20.599 -15.502 81.9466 19.2184 -15.3068 71.1947 19.8837 -15.4215 72.6362 19.6998 -15.4241 71.9293 18.8363 -15.401 59.7275 16.1715 -15.3162 59.7311 17.8738 -15.49 64.1042 16.1129 -15.3884 63.859 17.4657 -15.5107 64.3396 17.3181 -15.4347 65.304 18.7287 -15.3038 67.2037 16.9763 -15.1767 67.1862 18.5863 -15.2762 66.2427 18.1508 -15.281 66.1707 17.1661 -15.2208 81.0888 14.8474 -15.1394 81.9677 16.0892 -15.0419 81.1935 16.092 -15.2548 80.5946 16.1862 -15.2309 80.9559 16.3363 -15.3228 85.4151 14.9192 -15.1331 85.234 17.087 -15.1153 81.7961 17.522 -15.2065 70.3785 17.1038 -15.1999 68.4693 15.2253 -15.1225 69.01 15.8151 -15.3035 71.2166 17.5017 -15.2268 69.3906 15.6865 -15.2655 72.8328 17.3327 -15.2187 74.3208 16.6505 -15.2269 74.1245 15.0928 -15.0459 73.3356 19.0176 -15.3372 74.7834 15.4339 -15.2112 61.9401 14.275 -15.1706 63.8691 14.5691 -15.2287 73.5466 16.8635 -15.1815 84.0524 19.7917 -15.2844 84.7961 18.8839 -15.1329 85.0016 19.8869 -15.2614 75.8709 16.7002 -15.1771 61.1134 15.8306 -15.2747 76.9245 17.608 -15.1576 64.9018 15.0829 -15.0725 65.0523 16.9508 -15.1978 78.0615 19.111 -15.3042 79.0468 18.3335 -15.1988 85.4484 12.7972 -14.8631 79.3186 17.0902 -15.1008 78.511 17.0902 -15.0924 79.1361 15.7895 -14.9331 80.861 13.3563 -15.0077 80.6903 14.9365 -15.1288 80.2062 13.9464 -14.8735 80.0021 16.1716 -15.0798 81.4717 14.2002 -14.9572 69.0825 12.8506 -15.0129 69.3712 12.6323 -14.9793 69.357 14.3013 -15.1299 69.9874 13.3681 -14.8418 68.9339 14.5757 -15.1604 68.2452 13.9832 -14.9297 85.2741 15.4847 -14.9459 67.9122 15.7756 -15.0848 84.7755 16.3398 -14.8886 84.7939 17.7091 -15.0361 83.8792 17.2194 -15.0709 70.1784 15.4089 -15.054 74.6786 13.3902 -14.9598 75.1729 12.9458 -15.0136 75.2288 13.8893 -15.0803 65.1626 15.3856 -15.0476 74.1741 13.6764 -14.8619 75.9465 14.8609 -14.9699 75.2117 15.2821 -15.2178 76.7528 16.9958 -15.0997 76.0897 15.5531 -15.0148 77.146 16.0649 -14.9754 73.1638 15.105 -14.9759 66.2076 14.6358 -14.9989 67.2357 15.4982 -15.0289 70.797 15.8419 -15.0474 72.0253 16.1392 -15.1248 77.6504 17.1168 -15.1388 78.2705 15.851 -14.9561 78.9258 17.3567 -15.1112 77.912 17.8929 -15.1869 78.534 17.6822 -15.146 64.3736 14.5949 -15.1656 65.6931 15.8443 -15.0913 82.8642 17.2162 -15.0717 83.7088 18.6361 -15.17 85.2164 18.5454 -15.2715 84.9999 17.4153 -15.0471 85.1543 14.8928 -14.8107 73.9973 12.3928 -14.738 74.924 11.2522 -14.8175 81.6993 13.0142 -14.7584 80.9183 12.4714 -14.9166 80.2563 12.3717 -14.7406 79.1018 13.5729 -14.7318 73.1426 12.4519 -14.7116 72.7471 14.0745 -14.8664 72.1388 13.2439 -14.8385 81.8315 14.1138 -14.8333 65.2961 13.4365 -14.8127 66.4852 13.7982 -14.8724 67.3401 13.6167 -14.8304 70.9625 13.7182 -14.818 79.1553 14.8542 -14.8349 83.0282 15.1228 -14.8387 75.2986 11.2205 -14.8261 84.1087 13.5174 -14.6867 83.0652 12.9324 -14.6149 83.9517 15.4391 -14.8754 85.0027 15.9099 -14.8586 84.7207 15.0054 -14.7589 76.0674 12.8797 -14.744 77.1578 13.7323 -14.726 78.1245 13.5563 -14.7517 77.7815 14.4882 -14.8517 71.0375 12.3262 -14.6966 72.2899 11.7421 -14.6646 76.0959 10.5631 -14.5176 76.8802 12.0203 -14.6024 84.3999 12.5924 -14.5556 84.9186 13.3798 -14.6073 77.3012 10.9123 -14.5083 77.9934 11.9852 -14.6361 79.0029 11.9743 -14.6195 79.1642 11.0036 -14.4834 80.8612 11.1514 -14.7241 81.4132 11.172 -14.6894 78.0824 9.78468 -14.3918 84.0889 11.8084 -14.5114 85.0071 11.8104 -14.4737 127.867 35.592 -17.0786 129.045 34.8445 -17.0844 129.465 35.2156 -17.12 129.703 35.7938 -17.1245 119.693 34.9001 -17.0861 129.921 35.1081 -17.0497 119.778 33.5813 -16.8703 119.343 33.8467 -16.9151 118.742 34.6561 -16.7903 124.551 34.8172 -16.9108 123.51 36.1233 -16.784 128.196 32.6471 -16.7981 129.533 33.1358 -16.9389 129.915 31.7987 -16.737 129.926 33.7726 -16.9694 125.959 33.1054 -16.7566 119.801 31.6024 -16.6226 120.458 32.9497 -16.5582 116.743 35.9012 -16.8168 117.774 32.876 -16.4172 120.995 35.0251 -16.6742 121.953 34.8538 -16.6927 122.715 34.5695 -16.609 123.265 35.1228 -16.6644 122.472 35.7816 -16.8375 124.421 32.9114 -16.6745 124.94 32.9178 -16.7225 123.873 34.3899 -16.6713 123.659 35.0303 -16.6916 118.747 32.1728 -16.5222 119.439 32.137 -16.7297 129.437 30.8402 -16.5906 128.33 31.5409 -16.646 127.554 31.8567 -16.6368 129.926 30.2885 -16.5118 128.471 29.7573 -16.435 129.47 30.2048 -16.4932 122.049 33.2188 -16.5149 123.108 32.6021 -16.4193 123.487 33.5143 -16.515 124.561 31.5677 -16.526 123.702 32.4642 -16.4483 123.549 30.5609 -16.1879 125.738 31.391 -16.5281 126.198 29.219 -16.3489 119.484 31.1422 -16.6041 119.592 29.6108 -16.4471 121.269 32.3743 -16.4022 115.503 33.765 -16.4974 117.009 34.0122 -16.5158 127.271 29.5813 -16.4117 124.477 28.4957 -16.2282 124.828 28.0096 -16.2265 124.937 29.1996 -16.3345 124.594 30.2961 -16.428 123.571 29.4097 -16.0649 114.682 28.9867 -16.1212 115.653 31.8136 -16.2723 116.82 30.6943 -16.2235 116.396 32.0812 -16.3379 121.035 30.8782 -16.2504 122.261 31.6694 -16.3392 123.167 31.5613 -16.2795 113.806 28.0412 -16.2393 117.432 31.5075 -16.2398 117.892 31.1143 -16.2417 118.63 29.409 -16.1893 119.266 28.8642 -16.2916 119.632 29.0804 -16.3671 120.443 29.4015 -16.1625 126.547 28.0392 -16.2485 128.735 27.9557 -16.2289 129.921 28.3155 -16.3174 129.511 28.7504 -16.3711 121.561 31.1999 -16.261 122.45 30.4761 -16.2128 117.459 29.9965 -16.1307 119.712 27.7924 -16.1902 119.85 26.0079 -15.9999 120.569 26.6086 -15.8829 120.431 27.9506 -16.0592 121.477 29.8607 -16.0798 121.442 28.4852 -15.9932 122.14 28.6271 -16.0208 122.486 29.6226 -16.1493 113.55 26.2541 -16.0107 113.934 26.2975 -16.0446 124.313 26.4857 -15.9367 124.746 26.8884 -16.0597 114.611 26.2742 -15.8555 126.634 26.9863 -16.0581 123.845 27.9607 -15.9911 115.499 28.2559 -15.8914 115.625 29.8 -16.0659 130.135 26.4563 -16.0513 128.556 26.2582 -15.999 116.547 29.2566 -16.1024 119.346 27.2121 -16.0822 118.533 28.4746 -16.0321 129.973 27.8398 -16.2287 119.844 24.1785 -15.8422 121.023 23.9853 -15.5298 124.919 25.7282 -15.9388 124.601 25.3562 -15.8727 124.808 23.6098 -15.7329 113.594 23.2827 -15.7817 113.951 24.4009 -15.9303 113.628 24.2471 -15.8887 126.179 25.5106 -15.9037 123.169 28.0132 -15.9604 123.653 26.3944 -15.7469 129.933 25.8526 -15.9787 118.784 26.2573 -15.8249 119.437 25.7572 -15.9779 117.358 28.3446 -15.8998 117.827 28.7898 -15.9774 121.37 27.7165 -15.9239 121.45 25.7539 -15.671 126.53 23.2922 -15.6749 122.599 26.1786 -15.7284 129.208 23.2975 -15.7156 115.354 25.8304 -15.6544 129.429 25.3573 -15.9242 119.392 23.9707 -15.7979 129.926 25.4022 -15.9002 130.133 24.8163 -15.8032 116.543 27.7436 -15.7983 117.893 26.7897 -15.7292 114.213 20.7797 -15.555 113.972 22.6401 -15.7422 113.744 21.5878 -15.7162 113.16 22.1203 -15.5446 114.635 21.8307 -15.4418 114.647 23.6064 -15.5736 119.692 22.5873 -15.7545 118.855 22.6887 -15.5036 118.868 24.0801 -15.621 124.747 21.3016 -15.6003 125.99 22.5105 -15.6053 124.59 22.4189 -15.5946 124.414 23.0707 -15.6211 115.457 25.0594 -15.5808 116.042 24.7113 -15.5014 128.57 21.4659 -15.546 129.985 22.425 -15.5739 130.146 23.3655 -15.5596 117.934 24.2855 -15.4877 117.347 25.311 -15.5548 120.572 22.5109 -15.4523 122.274 24.6565 -15.5305 123.082 24.7731 -15.5497 123.476 25.556 -15.6407 123.991 24.6879 -15.6284 123.607 23.5501 -15.4252 119.501 21.5377 -15.6279 119.896 21.4284 -15.575 114.055 19.4101 -15.4753 113.757 19.3658 -15.4955 115.609 23.2994 -15.3788 116.729 23.1765 -15.4335 119.401 20.4448 -15.4511 119.764 20.0606 -15.4344 118.705 21.1244 -15.275 120.475 20.3583 -15.2432 121.376 22.1806 -15.2372 124.393 20.3106 -15.3954 124.817 20.315 -15.5003 124.522 21.3887 -15.5712 123.982 20.7308 -15.2258 113.654 18.7686 -15.4289 113.7 17.369 -15.3384 114.055 18.0596 -15.3817 123.742 22.3281 -15.2872 112.941 19.2129 -15.2069 126.175 21.292 -15.5531 122.558 23.1207 -15.4298 121.63 23.3255 -15.3854 126.202 19.0121 -15.2954 117.737 23.5389 -15.4143 117.41 24.4294 -15.4795 118.207 23.3633 -15.4347 129.423 19.9972 -15.3687 129.647 21.6235 -15.5552 130.127 21.6664 -15.4945 119.441 17.2367 -15.1944 119.853 17.9351 -15.2272 119.378 18.4319 -15.2835 118.738 18.8788 -15.1364 114.116 16.9401 -15.2439 113.679 15.9421 -15.2119 114.711 19.4603 -15.2332 115.205 19.3488 -15.1285 115.289 21.7801 -15.3062 115.963 19.223 -15.048 115.856 20.6895 -15.1579 123.676 19.5175 -15.0283 124.404 18.244 -15.2039 124.877 17.9861 -15.2389 116.125 22.1438 -15.3082 116.727 21.0838 -15.2123 117.583 20.8654 -15.167 121.522 20.7543 -15.1211 122.55 20.8657 -15.1285 122.581 22.0555 -15.2585 117.645 22.6276 -15.3092 123.296 20.5785 -15.0721 114.444 17.2634 -15.1418 112.839 18.1739 -15.0916 129.544 19.1262 -15.2879 128.098 17.5067 -15.1382 114.788 17.9256 -15.1015 130.34 19.0254 -15.1734 130.234 20.1521 -15.2291 120.55 17.3844 -14.97 120.75 18.7108 -15.0533 118.901 15.9222 -14.9056 118.636 17.5905 -15.0068 118.452 16.0792 -14.8212 121.719 19.5032 -15.031 121.68 18.5843 -14.9553 113.065 15.4323 -14.9809 113.751 14.4122 -15.0628 114.057 14.9325 -15.0322 123.823 18.0511 -14.9629 114.618 15.9799 -14.9244 119.829 15.6352 -15.0441 130.345 18.039 -14.97 129.613 17.4923 -15.119 130.349 16.7461 -14.9745 114.661 16.5487 -14.967 129.489 18.0965 -15.1682 124.607 16.0877 -15.0717 123.712 16.1672 -14.8155 119.608 13.79 -14.9377 119.462 15.5099 -15.0521 124.679 14.8269 -14.9268 126.447 14.9215 -14.8913 130.547 11.4862 -14.9517 130.332 12.045 -15.1563 129.72 11.3985 -14.6562 130.798 12.9901 -15.0921 130.352 13.238 -15.0882 130.54 13.8352 -15.1029 130.231 13.9791 -15.0912 126.061 16.7507 -15.0836 129.085 17.4065 -15.1335 115.629 18.0772 -14.9726 116.646 18.1048 -15.0088 117.076 19.3019 -15.065 116.742 20.0159 -15.1321 118.228 18.6039 -15.0309 117.759 18.7128 -15.0169 118.231 20.0789 -15.1382 128.981 15.9934 -14.9756 129.563 16.2123 -14.9906 122.5 18.1795 -14.9785 123.328 19.2006 -14.9741 129.556 14.1654 -14.8154 130.01 14.8154 -14.7523 119.957 13.0655 -14.8201 120.312 14.7663 -14.8239 114.785 16.0656 -14.8899 114.565 14.9757 -14.8423 127.691 15.0348 -14.8696 129.72 12.8627 -14.7285 127.798 13.6703 -14.8111 126.353 12.1228 -14.6715 128.218 12.4869 -14.675 116.551 16.6677 -14.8519 115.592 16.3568 -14.8276 116.311 15.5207 -14.8031 118.76 14.6684 -14.767 117.258 15.2239 -14.7058 117.572 16.9217 -14.836 129.458 14.6443 -14.8017 129.101 13.9391 -14.761 129.777 15.4917 -14.9325 130.553 14.6572 -14.8917 130.546 15.4939 -14.999 118.9 12.5538 -14.6858 115.462 14.7196 -14.6856 125.012 12.122 -14.7201 120.401 12.6936 -14.6521 120.874 15.7303 -14.8106 120.601 16.3109 -14.8817 130.355 16.1523 -14.9755 123.677 14.1745 -14.6475 121.391 17.2913 -14.8706 122.209 16.9794 -14.8506 123.295 17.5745 -14.8515 130.047 10.7073 -14.4681 130.327 10.1609 -14.0098 127.983 11.3954 -14.6015 124.954 9.8611 -14.4952 129.319 11.9736 -14.5884 129.437 11.026 -14.5133 117.798 14.6898 -14.6816 129.425 12.9237 -14.642 119.784 11.5291 -14.687 120.983 12.1603 -14.5103 120.668 13.7366 -14.6635 122.373 14.0519 -14.6483 121.882 11.5447 -14.4074 123.752 11.7979 -14.4713 124.681 11.5233 -14.6728 124.422 13.3004 -14.7627 119.477 11.6083 -14.6979 119.654 10.1634 -14.564 118.773 11.3389 -14.483 116.537 14.0963 -14.6843 117.768 12.7942 -14.5407 118.197 12.206 -14.5193 115.698 13.6447 -14.5768 122.076 14.9277 -14.7067 121.546 15.8158 -14.7852 123.27 13.3307 -14.5617 123.203 14.9991 -14.6448 122.267 15.9514 -14.7925 123.152 16.6032 -14.7859 127.562 8.82477 -14.3561 129.189 9.34116 -14.3897 129.281 10.1058 -14.4508 124.422 9.93878 -14.4609 117.267 11.5544 -14.4275 124.641 7.80964 -14.2751 123.603 8.74427 -14.1173 123.664 10.162 -14.3254 123.264 10.2265 -14.306 123.361 8.84057 -14.0977 127.522 6.53477 -14.1469 128.606 7.44871 -14.1782 129.248 8.24442 -14.2753 129.227 6.70598 -14.1266 129.559 7.61507 -14.1749 129.658 9.22858 -14.2768 130.461 8.85095 -14.0626 130.415 9.8437 -13.9268 125.37 8.51745 -14.3577 121.447 10.8297 -14.353 122.531 10.4662 -14.3586 123.244 11.2287 -14.3788 129.277 6.05824 -14.1048 127.364 5.11792 -14.0216 130 5.36236 -14.0488 130.711 5.4513 -13.9698 130.016 6.31644 -13.966 130.757 4.99995 -13.8857 129.451 4.50612 -13.864 130.761 6.25221 -13.907 130.76 7.24079 -14.0258 130.751 8.27614 -14.021 60.2583 14.0464 -15.1002 60.9503 12.6521 -14.9339 62.4891 12.5501 -15.0022 63.9894 11.5774 -14.9523 63.8914 12.9811 -15.0668 64.3063 12.4588 -14.997 64.3486 13.2734 -15.0342 59.7273 12.6905 -14.9753 65.1185 11.6822 -14.7007 64.3745 10.5424 -14.8048 64.9886 13.1557 -14.8212 69.3707 10.9155 -14.7853 68.9998 10.769 -14.7766 70.046 12.1556 -14.7591 68.3946 12.0426 -14.7758 67.2999 11.8678 -14.6779 62.7195 10.7014 -14.8418 63.9923 8.8721 -14.6794 59.7309 12.0813 -14.9303 61.7835 11.6619 -14.9239 74.8809 10.1419 -14.6707 74.2541 9.14557 -14.4338 68.4213 9.60066 -14.5346 69.2324 8.62661 -14.6124 75.2768 10.2326 -14.6921 75.0503 8.66303 -14.5218 75.6447 8.18294 -14.4184 60.185 8.07704 -14.5561 59.7291 9.23531 -14.7315 59.7276 6.66811 -14.4109 67.3677 10.1815 -14.4979 65.6144 11.5388 -14.6291 62.8576 7.39343 -14.5021 64.0384 7.36705 -14.5174 69.9942 11.0838 -14.6587 64.3479 8.88114 -14.6411 70.9936 11.2445 -14.5967 70.2322 8.69737 -14.4031 65.2186 10.6035 -14.5634 73.4492 11.4305 -14.5986 72.2357 10.8254 -14.6129 72.3813 9.73491 -14.4861 65.7767 12.3458 -14.7317 60.166 9.62384 -14.7074 61.2265 9.06948 -14.6657 59.727 10.6669 -14.8668 60.3984 11.1711 -14.8933 59.7287 11.5725 -14.9294 70.2994 7.6875 -14.314 69.3371 7.72461 -14.4901 67.9791 9.1084 -14.4409 71.2964 9.07672 -14.4031 60.473 7.18097 -14.4756 65.1825 8.773 -14.4273 69.2461 3.25948 -14.1195 69.6329 1.78551 -13.9463 69.6165 5.60652 -14.317 69.2633 4.79518 -14.2795 68.595 2.77884 -13.9607 70.147 4.65098 -14.1022 68.9551 5.80263 -14.3469 68.4279 5.0115 -14.1524 78.1612 8.39854 -14.2891 76.8462 8.45231 -14.2752 77.2503 5.91689 -14.0429 68.1341 6.62795 -14.2522 66.116 6.03263 -14.2381 66.5661 5.13357 -14.2069 67.5005 5.33713 -14.1029 67.3584 7.37873 -14.2673 69.3439 6.52972 -14.4263 70.2476 6.46488 -14.2602 71.4054 5.23632 -14.0702 71.4603 7.31483 -14.2392 59.7277 2.89616 -14.0568 60.3151 3.73478 -14.1819 59.7287 5.18217 -14.313 60.793 5.38561 -14.3545 61.6448 3.609 -14.1502 72.4226 7.48883 -14.2757 64.3481 4.13826 -14.2237 62.1653 5.40503 -14.3386 75.3752 6.19819 -14.3013 75.1765 7.0514 -14.3689 75.1672 4.88827 -14.2482 76.1118 4.86071 -14.0562 74.3738 4.6805 -14.0616 74.7979 7.00001 -14.3173 74.284 6.76513 -14.2073 65.3689 4.3936 -14.0342 65.0903 6.05201 -14.2455 73.2317 5.61993 -14.0769 73.2654 8.42712 -14.331 66.2629 4.89222 -14.1842 65.4836 6.41823 -14.2561 64.3186 6.08114 -14.3795 76.0628 6.04922 -14.1382 73.7594 8.96662 -14.3772 65.6276 7.83828 -14.317 68.8972 7.47082 -14.4567 67.241 8.62365 -14.3833 63.8881 5.5807 -14.3628 71.1014 8.19164 -14.3315 72.1931 8.35211 -14.4198 65.1853 7.34839 -14.3189 77.0505 9.39006 -14.3491 67.4076 4.54192 -14.0303 65.0436 2.95289 -13.9672 66.3181 3.26968 -13.9506 67.0872 3.64788 -13.9631 71.2826 3.92259 -13.9842 69.2687 1.76243 -13.9702 73.5268 4.38998 -13.9742 60.363 1.99513 -14.0227 70.6278 2.45701 -13.8542 64.0249 3.20037 -14.1318 64.3969 2.77731 -14.0729 75.5487 2.84439 -13.9671 75.341 3.74878 -14.117 75.027 2.7346 -13.9705 76.1702 2.78837 -13.8391 77.0618 4.73809 -13.9699 69.3297 -0.813714 -13.7089 69.7235 -0.453925 -13.7226 68.4895 -0.609309 -13.623 68.5902 1.19395 -13.8091 67.873 0.0517229 -13.6372 68.9637 -0.46015 -13.708 67.4196 1.57588 -13.763 70.3261 -0.618519 -13.5914 70.3615 0.2388 -13.6588 71.1191 1.39206 -13.7132 59.7264 -1.09623 -13.7978 60.5029 -1.82479 -13.656 60.41 -0.967381 -13.7412 59.7277 0.149682 -13.7848 60.226 0.664212 -13.8928 72.3635 1.19058 -13.6945 72.2569 2.10865 -13.837 73.4788 2.25305 -13.7639 62.4417 -1.22854 -13.6908 61.798 0.905517 -13.891 63.9547 0.495534 -13.8754 72.169 3.195 -13.882 73.3536 3.18123 -13.8415 75.1542 0.307936 -13.7823 75.255 1.59852 -13.8994 74.4736 2.02812 -13.8092 74.2683 0.365501 -13.634 65.2335 1.65007 -13.7897 64.4355 0.204126 -13.8259 65.7082 1.74122 -13.7617 66.6689 0.348147 -13.6708 65.4896 2.96281 -13.9102 63.9186 -1.90874 -13.6664 69.6522 -2.35365 -13.557 73.4308 0.583278 -13.619 74.483 -1.70959 -13.4595 73.2877 -1.98125 -13.3152 65.1759 -3.85507 -13.3815 64.4609 -1.66874 -13.6658 64.3487 -3.07171 -13.5575 65.4232 -1.03505 -13.5182 65.4901 -2.59456 -13.3773 66.1682 -1.67386 -13.4573 67.6023 -1.37515 -13.4717 65.156 -0.3642 -13.6308 65.5768 -0.0380884 -13.6243 69.3392 -4.15458 -13.3825 69.7531 -4.07158 -13.3762 60.0803 -9.28742 -13.0867 60.3708 -8.78228 -13.11 59.5245 -9.09291 -13.7183 71.1545 -3.04276 -13.2698 71.8464 -1.13764 -13.4521 70.8536 -0.847639 -13.5067 66.1613 -2.73265 -13.382 68.1186 -4.02307 -13.2238 67.1433 -2.07633 -13.3859 60.5671 -7.69502 -13.1992 59.6622 -7.52155 -13.6465 59.7454 -7.74468 -13.5775 60.4702 -7.01156 -13.2371 59.7363 -6.26138 -13.4207 60.5139 -6.23778 -13.2744 60.4653 -5.1416 -13.4057 59.7288 -4.63981 -13.4992 60.471 -3.45204 -13.5521 68.6526 -2.76841 -13.3706 60.9892 -4.87689 -13.4018 62.0603 -5.92167 -13.3013 61.5353 -4.00144 -13.4662 63.3499 -5.82255 -13.3169 62.9793 -3.54486 -13.5149 69.3747 -1.98105 -13.5878 70.4682 -3.06332 -13.3321 64.6884 -4.64741 -13.4317 64.3221 -6.59617 -13.2803 72.7216 0.345897 -13.621 59.7273 -3.73271 -13.5888 60.6222 -2.83476 -13.589 59.7273 -2.35276 -13.6133 73.34 -2.94915 -13.2245 68.6318 -5.65728 -13.1017 69.3319 -5.85697 -13.1721 69.7497 -5.68064 -13.19 65.893 -3.62532 -13.2704 66.7692 -4.62393 -13.1985 61.1656 -8.26298 -13.07 70.4962 -4.78168 -13.1744 64.5617 -8.23545 -13.1365 65.1203 -8.91315 -13.0382 64.7641 -6.82435 -13.2434 72.1143 -2.77664 -13.3168 72.3668 -3.73934 -13.1868 65.4064 -6.00655 -13.1336 65.8955 -5.96276 -13.0496 71.4088 -5.2862 -13.0713 73.5724 -4.65434 -13.0924 65.9081 -4.94346 -13.1768 68.0177 -7.5945 -12.9079 69.6069 -8.60005 -12.9147 69.5426 -7.2663 -13.0646 70.5918 -8.52148 -12.8226 70.3715 -7.81759 -12.9236 60.741 -8.99298 -13.0369 67.8951 -5.45033 -13.1 60.8778 -9.67979 -12.8953 61.9007 -9.69299 -13.0577 62.166 -9.31394 -13.1255 62.6558 -9.50638 -13.0492 63.2282 -9.15332 -13.0695 62.2754 -8.27142 -13.0987 71.7966 -6.90205 -12.8887 73.3977 -6.55133 -12.9076 64.6099 -9.4798 -12.9289 66.0199 -8.78206 -12.8567 65.7063 -7.73837 -12.9608 66.1221 -7.59368 -12.9209 61.0422 -6.92801 -13.1922 62.7923 -7.33862 -13.1929 63.72 -7.44457 -13.1924 65.7026 -9.26511 -12.7695 67.8474 -8.34264 -12.8355 66.6427 -9.22711 -12.8122 67.8123 -9.28034 -12.6892 69.1226 -9.27887 -12.7537 69.2778 -9.0674 -12.8199 70.1938 -9.11523 -12.7083 71.3115 -9.06799 -12.6414 103.277 3.80447 -17.4501 100.972 1.70045 -17.3581 100.289 1.15047 -17.2409 101.182 -0.0546745 -17.2419 101.319 2.30738 -17.4004 102.131 1.61661 -17.287 103.307 1.69886 -17.2947 103.593 2.42762 -17.2585 103.624 3.70599 -17.3003 98.9718 0.0182274 -17.0786 100.173 -1.17329 -17.046 101.089 -1.17898 -17.1231 101.515 -0.588735 -17.1793 103.326 -0.773327 -17.0785 103.586 0.370719 -17.0674 103.244 0.488197 -17.1839 102.337 -0.901191 -17.0678 103.856 1.93991 -17.0045 103.814 3.66597 -17.0959 103.82 0.29542 -16.8749 103.941 0.499439 -16.6653 103.989 2.69885 -16.6298 103.96 4.24218 -16.7271 98.2218 -3.75916 -16.8623 98.0908 -2.55451 -17.1202 97.9873 -3.6001 -17.1416 98.3976 -2.46543 -16.9396 98.6595 -2.70816 -16.8598 103.096 -2.71666 -16.8945 103.544 -2.37198 -16.8658 103.74 -1.1811 -16.9029 103.989 5.19317 -16.1512 98.7005 -4.08352 -16.7069 98.3917 -5.08539 -16.6953 98.7287 -5.71079 -16.5714 100.554 -4.8145 -16.7174 101.147 -4.95287 -16.7649 101.584 -7.18411 -16.6269 101.562 -4.95621 -16.7755 102.434 -6.57371 -16.5969 101.198 -2.85649 -16.9465 100.357 -2.87603 -16.8702 102.453 -4.48033 -16.7704 102.246 -3.2534 -16.8485 103.156 -4.46935 -16.7845 103.715 -3.96086 -16.7011 103.823 -2.21959 -16.6986 99.241 -1.62775 -16.9696 103.966 -1.01519 -16.6228 103.481 -5.84723 -16.6595 103.657 -4.42756 -16.6921 102.649 -8.65851 -16.4062 101.435 -8.24265 -16.5846 101.05 -8.70317 -16.4043 103.936 -8.55918 -16.5569 103.919 -7.66569 -16.3861 103.46 -7.56919 -16.5452 100.446 -6.85826 -16.5461 98.9049 -6.7327 -16.4823 102.527 -8.17108 -16.5402 103.566 -8.6073 -16.5857 100.122 -8.3119 -16.4699 103.758 -6.96897 -16.4765 103.899 -5.9348 -16.4621 103.996 -4.82251 -16.4223 104.052 -3.05397 -16.3764 104.053 -4.16653 -16.3055 104.028 -2.0776 -16.3768 104.02 0.598704 -16.3547 104.046 -1.01501 -16.39 104.289 -8.50942 -16.2191 104.241 -7.50488 -15.8874 98.9361 -8.64316 -16.3444 98.5988 -7.58944 -16.4655 98.6072 -8.74613 -16.3693 104.041 1.77985 -15.8414 104.163 -5.17433 -16.0317 104.35 -8.2852 -15.3907 104.146 -3.43176 -15.8038 104.098 -1.84032 -15.7889 104.068 -0.11299 -15.7992 104.002 3.67349 -15.6212 104.281 -7.2932 -15.0052 104.203 -5.38234 -15.0593 103.847 5.12226 -14.7811 104.14 -2.88827 -15.1047 104.102 -1.37364 -15.4048 104.068 0.240178 -15.4133 104.018 2.09789 -15.3024 104.31 -7.98234 -14.5595 103.84 3.66519 -14.41 104.08 -1.96535 -14.9263 104.029 -0.127617 -14.9904 112.88 14.9882 -14.8779 113.848 13.3269 -14.9185 114.71 13.5285 -14.6762 103.902 1.90741 -14.5894 111.874 14.7763 -14.675 113.513 12.305 -14.7779 113.927 11.8463 -14.7442 104.161 -5.69021 -14.4034 104.095 -3.30677 -14.5866 103.849 5.57949 -14.4203 103.851 6.68515 -14.4044 112.575 11.5139 -14.495 113.668 11.1516 -14.6783 112.159 13.3795 -14.5781 110.478 12.4058 -14.5131 112.185 12.1537 -14.5112 107.836 10.2628 -14.5347 108.331 11.2545 -14.6131 108.996 10.7382 -14.4451 114.064 9.72028 -14.5122 114.594 12.3227 -14.629 115.741 12.6255 -14.5009 103.97 -2.28791 -14.1464 103.906 -0.29068 -14.3488 103.89 0.717278 -14.3375 120.659 9.8452 -14.3077 113.694 9.65903 -14.5171 112.684 9.27003 -14.3261 114.929 9.12964 -14.2794 114.733 10.6355 -14.4351 109.726 12.028 -14.4721 104.019 -6.49734 -13.4705 103.899 -1.39857 -14.0044 103.884 2.5601 -14.1996 103.88 4.59248 -14.2564 115.296 10.7377 -14.3667 115.945 11.7139 -14.4198 108.248 9.61142 -14.4878 107.294 9.78913 -14.3789 121.292 7.93667 -14.0797 122.155 9.24849 -14.2295 109.738 10.0176 -14.2936 108.963 7.57642 -14.1588 110.027 8.55279 -14.1565 123.064 8.38117 -14.0605 125.325 7.23852 -14.2528 125.509 5.55703 -14.0902 103.993 -4.86957 -13.8094 103.904 -0.998684 -13.8568 111.769 9.38085 -14.2245 112.621 7.12543 -14.0889 124.665 5.85966 -14.0989 103.973 3.05791 -13.9747 110.317 9.5598 -14.2357 119.698 7.74961 -14.2619 120.5 7.44894 -14.1063 119.921 8.96045 -14.3682 103.994 5.59983 -14.1173 104.089 7.12115 -14.0927 104.291 8.19308 -14.1143 111.854 11.0634 -14.3692 113.016 5.58442 -14.0015 113.841 6.32414 -14.1908 114.671 6.22422 -14.0116 114.066 8.51288 -14.366 119.581 5.56875 -14.0744 119.969 5.5395 -14.0643 113.61 8.62025 -14.3811 107.217 7.65611 -14.1773 107.659 5.21639 -14.0557 107.944 7.03071 -14.2601 108.149 5.85223 -14.1597 108.25 7.191 -14.2565 116.068 8.10283 -14.1319 115.377 9.28561 -14.2532 117.207 8.31591 -14.1368 116.522 9.88502 -14.3068 107.93 8.36358 -14.3649 106.244 6.8778 -14.0121 118.854 7.71164 -14.119 119.464 8.91495 -14.3725 106.435 9.64724 -14.2857 117.636 10.1499 -14.2831 108.916 5.99148 -14.0207 118.568 9.70856 -14.278 118.202 10.2023 -14.2924 110.494 11.5975 -14.4132 103.894 1.42759 -14.146 115.721 10.6278 -14.3346 116.734 10.7114 -14.4046 117.616 11.126 -14.3795 104.227 5.93884 -13.9815 104.486 6.13484 -13.937 113.497 4.03548 -13.9056 113.9 5.33754 -14.1053 114.086 4.28489 -13.9717 120.696 4.13748 -13.838 119.934 4.48601 -14.0023 114.754 4.51102 -13.8851 107.854 2.04042 -13.7613 108.219 4.53467 -14.0071 103.933 0.448988 -13.9319 104.053 1.73609 -13.7565 124.581 4.28343 -13.9666 123.673 6.38086 -13.9407 120.004 3.77255 -13.9314 119.495 4.32361 -13.9806 119.485 2.06323 -13.7614 118.742 4.59052 -13.8581 118.649 6.59377 -13.9994 106.938 6.02521 -14.0031 104.995 7.64682 -14.0575 105.289 6.33775 -13.9796 110.249 5.83712 -13.9561 115.569 6.10606 -13.9308 111.461 7.26252 -14.0385 117.796 7.10025 -14.0044 116.952 5.3739 -13.8991 112.104 5.34749 -13.8978 104.287 3.26382 -13.7165 104.508 4.66299 -13.8147 121.418 4.30994 -13.785 121.492 2.28884 -13.5689 115.365 2.62022 -13.6467 115.571 4.72231 -13.8383 113.623 1.44114 -13.6546 114.01 2.26937 -13.7981 103.964 -2.23401 -13.7558 104.005 -0.79906 -13.5773 114.679 1.4388 -13.626 104.02 0.614753 -13.7336 116.438 5.93023 -13.9331 116.622 3.83255 -13.7504 104.743 2.75016 -13.6103 122.848 6.07966 -13.8944 122.336 4.20366 -13.7816 117.663 3.5973 -13.6823 117.85 4.96474 -13.8457 123.253 4.83432 -13.7752 105.353 4.58362 -13.851 118.241 3.56131 -13.7095 105.369 3.10807 -13.6719 106.466 4.6502 -13.8195 118.672 1.69432 -13.5878 123.987 3.09103 -13.7478 123.67 4.95261 -13.8065 123.622 3.68153 -13.7261 119.899 1.73844 -13.7377 106.455 3.56567 -13.7254 109.126 3.90231 -13.8093 106.715 2.0284 -13.5949 120.604 2.49623 -13.6644 110.076 4.22608 -13.7954 108.291 2.34197 -13.7968 108.195 1.67418 -13.7385 124.843 1.37839 -13.7403 126.167 0.75535 -13.6678 124.922 2.52598 -13.8627 130.735 4.12339 -13.6055 130.329 3.67903 -13.6079 124.416 2.2536 -13.7718 109.044 1.92787 -13.632 111.99 3.84427 -13.7383 111.108 2.71065 -13.6656 112.934 1.82821 -13.5725 127.415 2.51811 -13.8646 126.689 3.33697 -13.8855 128.492 1.15574 -13.6823 128.371 2.70762 -13.8512 129.889 1.74003 -13.6725 129.556 2.64088 -13.8084 121.821 2.93766 -13.629 123.241 3.47869 -13.6837 123.242 6.58626 -13.9196 103.965 -3.31519 -13.6845 128.283 4.64771 -13.9661 104.067 -7.30203 -13.3957 107.244 -1.52028 -13.2966 108.168 -0.564707 -13.5258 119.51 -0.0943585 -13.5467 119.862 -0.319776 -13.5459 104.017 -4.8472 -13.3684 123.942 -0.0425205 -13.4331 124.512 -0.234535 -13.5692 104.022 -2.05265 -13.5544 104.244 0.757155 -13.5506 104.526 0.740248 -13.4604 130.197 -0.642551 -13.5251 129.733 -0.342938 -13.5624 129.554 -1.51878 -13.4495 104.471 1.80684 -13.5509 124.912 -1.57142 -13.4917 120.624 1.10807 -13.5575 113.896 -0.136769 -13.55 114.095 0.92685 -13.6585 115.064 0.991943 -13.5202 114.714 -0.902739 -13.3808 119.788 -1.87299 -13.4107 104.253 -1.46133 -13.3249 113.716 -1.14962 -13.4432 114.076 -1.95416 -13.4437 118.945 -0.41903 -13.3821 118.974 -1.90874 -13.2696 108.117 -2.27684 -13.4085 104.607 -1.46668 -13.2186 108.923 -0.607974 -13.3899 120.705 -1.2637 -13.2954 123.632 0.382785 -13.4399 121.384 0.941517 -13.4813 122.641 -0.363068 -13.3549 123.254 1.65993 -13.5382 122.647 1.75192 -13.5475 126.933 -1.70309 -13.4769 126.651 -2.93853 -13.3161 127.752 -3.76687 -13.2483 127.906 -2.50863 -13.4409 106.473 -0.335891 -13.3512 104.039 -3.63942 -13.3668 118.331 1.53306 -13.5345 127.73 -1.50438 -13.5141 127.321 0.0683704 -13.5949 125.141 -4.07036 -13.267 125.117 -2.65628 -13.3826 124.656 -3.58347 -13.2689 126.711 -4.29905 -13.2357 109.865 -1.48039 -13.2234 109.749 0.656341 -13.4535 129.515 -2.58272 -13.4027 129.455 -3.62038 -13.3008 129.871 -3.13659 -13.3288 130.71 -2.43064 -13.1938 105.018 -0.388512 -13.3453 121.535 -0.409118 -13.3382 112.166 0.172865 -13.3874 111.031 1.40436 -13.5128 113.177 -0.0253661 -13.3921 112.964 -2.11697 -13.1879 105.726 0.451723 -13.4129 131.179 -0.957304 -13.3905 131.023 -0.295245 -13.4648 130.984 0.523758 -13.5133 109.826 1.96171 -13.5662 124.573 -2.36752 -13.3917 106.004 2.10247 -13.5616 123.794 -2.0175 -13.2187 112.16 1.76145 -13.5175 108.119 -3.718 -13.2534 108.673 -3.7353 -13.2034 123.448 -1.36902 -13.2353 116.643 -1.84016 -13.2406 116.417 0.582709 -13.4401 115.673 -1.01816 -13.2782 115.262 -1.7341 -13.2323 118.107 -1.3974 -13.2347 117.959 0.735595 -13.4384 117.518 -1.32594 -13.2311 115.853 2.49806 -13.6088 104.166 -2.63334 -13.2943 130.761 3.52508 -13.5522 128.399 -0.0988268 -13.5898 129.924 0.806319 -13.601 131.179 -2.41928 -13.1561 130.759 0.746251 -13.5456 130.761 1.74773 -13.5612 130.759 2.5066 -13.6008 116.733 2.21479 -13.5992 117.698 2.72641 -13.5927 104.199 -7.133 -12.9811 114.157 -6.59659 -12.9899 115.15 -4.39953 -13.0691 114.009 -4.08724 -13.2305 112.787 -4.56462 -13.0138 104.189 -5.22413 -13.0601 104.232 -3.83035 -13.1136 114.415 -3.59262 -13.2444 118.587 -3.53621 -13.1098 104.44 -2.20346 -13.1979 115.92 -2.90241 -13.1218 119.508 -3.15392 -13.2636 117.752 -2.5703 -13.1479 119.851 -5.55494 -13.0458 118.591 -5.07526 -12.9761 106.285 -1.47317 -13.2284 119.889 -4.38574 -13.1337 106.858 -3.50523 -13.1158 124.676 -5.30311 -13.1358 123.729 -5.59558 -12.88 109.58 -4.73525 -12.9981 123.752 -3.13182 -13.0905 120.902 -2.95884 -13.14 109.861 -2.95599 -13.1167 121.52 -2.45559 -13.1522 122.361 -1.80266 -13.2639 111.142 -1.13476 -13.2557 122.957 -2.23667 -13.1984 113.197 -7.03603 -12.8465 130.076 -7.03285 -12.9526 130.748 -5.85714 -13.1209 129.819 -5.45096 -13.1213 104.446 -7.04658 -12.8078 104.448 -5.20443 -12.9126 104.525 -4.10983 -12.9781 104.832 -5.34709 -12.8328 104.776 -2.7864 -13.074 105.7 -4.2683 -13.0389 107.19 -4.92803 -13.0134 116.292 -4.45192 -13.0147 105.795 -2.65584 -13.1429 119.513 -7.46944 -12.8569 107.425 -7.36777 -12.8415 108.229 -5.72423 -13.0726 124.621 -7.79501 -12.9241 125.029 -7.7409 -12.9644 124.794 -8.37084 -12.7422 125.779 -7.80928 -12.9363 125.299 -5.30006 -13.1577 120.624 -5.44407 -12.9874 120.056 -7.92668 -12.8147 110.409 -5.26469 -12.8893 110.638 -3.82621 -13.0426 121.794 -4.29008 -13.0057 111.91 -2.05542 -13.1544 125.843 -6.70253 -13.0423 123.223 -5.13645 -12.8838 128.472 -6.58488 -13.0133 128.728 -5.15148 -13.1368 128.141 -4.61562 -13.1773 126.718 -5.6418 -13.1004 131.283 -7.2272 -12.884 131.388 -5.1565 -13.1675 128.177 -7.68976 -12.9165 131.178 -3.52127 -13.1577 106.204 -5.79999 -12.8634 121.929 -5.40614 -12.8851 108.172 -7.21879 -12.9314 109.162 -7.14454 -12.8359 110.421 -6.33628 -12.8091 127.635 -8.18976 -12.8412 129.629 -7.75923 -12.9217 130.107 -7.7898 -12.9253 111.776 -5.0899 -12.9094 130.047 -4.46528 -13.2593 116.383 -5.56239 -12.8959 130.658 -4.98473 -13.2541 131.18 -5.00329 -13.2001 130.411 -4.20282 -13.2532 117.977 -5.39471 -12.9154 110.764 -2.06611 -13.1942 116.909 -8.34882 -12.5983 116.075 -7.76125 -12.7738 115.382 -8.37397 -12.6907 104.866 -6.69916 -12.7176 104.599 -8.18541 -12.64 105.413 -8.20237 -12.7203 127.334 -8.43847 -12.746 106.675 -7.46905 -12.7869 113.282 -8.21639 -12.6895 114.054 -8.36497 -12.7037 114.109 -7.92753 -12.8585 113.354 -7.95392 -12.7927 106.207 -8.20375 -12.691 121.065 -8.23284 -12.7537 121.917 -6.74727 -12.7826 114.183 -7.6498 -12.8968 128.405 -8.23044 -12.7958 129.939 -8.23238 -12.7884 122.062 -7.94174 -12.6921 131.375 -7.91331 -12.7468 123.675 -7.75129 -12.6892 115.869 -7.20722 -12.7965 109.725 -8.03144 -12.7097 108.355 -8.14465 -12.8548 109.087 -8.45651 -12.6681 117.595 -8.02478 -12.7241 107.344 -8.31624 -12.7362 118.527 -8.64839 -12.5984 118.695 -7.89965 -12.7676 112.275 -8.073 -12.7335 112.363 -8.2446 -12.6961 111.752 -7.8888 -12.7321 112.219 -6.86658 -12.7891 114.96 -8.75761 -12.4127 105.155 -8.6163 -12.4684 111.137 -8.64617 -12.5769 111.951 -8.65288 -12.5333 113.338 -8.50433 -12.4237 112.653 -8.46788 -12.5441 120.518 -8.65215 -12.6261 122.121 -8.44294 -12.5501 111.072 -8.44149 -12.6404 123.665 -8.23207 -12.5581 124.02 -8.30893 -12.5658 92.3775 2.34132 -20.9852 92.4662 4.24008 -21.172 91.9253 3.86817 -21.0368 91.6997 2.79333 -20.6338 92.5706 1.551 -20.9266 94.6535 2.22403 -20.9056 92.5375 0.729391 -20.8502 91.9251 0.856162 -20.684 91.704 5.21598 -20.8496 91.6307 4.05985 -20.7439 93.6089 0.515236 -20.8048 95.7763 1.55866 -20.8142 92.0976 -1.39464 -20.6345 92.3045 -0.359913 -20.7361 91.9404 -1.08555 -20.5875 92.3986 -1.31202 -20.6998 93.3622 -1.84719 -20.6047 93.9877 -0.462549 -20.6789 94.8151 -1.62322 -20.5935 96.1927 -1.2207 -20.5744 92.6699 -0.421271 -20.7582 96.0243 0.388472 -20.669 96.9179 -0.749671 -20.6153 97.2789 0.591724 -20.6998 97.519 0.219867 -20.604 91.589 5.15604 -20.5448 91.5596 5.50441 -20.4456 92.1855 -2.95982 -20.4582 92.6924 -3.72773 -20.4708 92.459 -2.44792 -20.5743 91.8007 -2.10377 -20.3404 93.5987 -3.46656 -20.4499 97.3384 -1.82096 -20.5169 97.184 -3.84944 -20.3842 97.6762 -3.18058 -20.2501 97.6893 -1.51084 -20.3863 91.6964 1.00312 -20.4222 91.6584 -1.40772 -20.2883 97.3229 -0.775713 -20.5684 97.771 0.579147 -20.4481 97.7219 -0.548726 -20.3969 91.5502 2.92203 -20.2541 91.5247 3.90995 -20.3818 92.3784 -4.03657 -20.4147 94.9654 -3.46161 -20.4558 96.0973 -2.77492 -20.4737 96.904 -2.28839 -20.5285 92.228 -6.35096 -20.2161 92.4385 -5.50835 -20.335 92.0443 -4.79828 -20.2356 97.3006 -6.65509 -20.1884 96.5108 -5.03796 -20.2939 93.2437 -6.99313 -20.1993 93.5763 -5.14811 -20.3117 92.5946 -4.90293 -20.3699 95.3723 -6.43959 -20.2133 91.8751 -5.16229 -20.0645 91.8963 -3.27139 -20.2304 97.6057 -4.57904 -20.1976 91.5774 1.13232 -20.1073 97.9377 -0.146415 -20.0416 97.6198 -6.64629 -20.0819 97.7619 -5.65948 -20.0351 92.6163 -8.99133 -20.0156 92.6662 -8.38054 -20.1561 92.219 -9.06582 -19.9583 97.9214 -3.22874 -19.9327 97.9217 -1.95234 -19.9906 92.2003 -7.64642 -20.077 91.8847 -6.83181 -19.9274 91.6814 -3.12663 -19.948 91.537 -1.64016 -19.8333 91.5595 -1.59325 -19.9978 91.5191 2.70417 -19.4737 94.9029 -8.32047 -20.0994 94.6241 -8.8515 -19.9986 96.6099 -8.59543 -20.1289 95.8268 -9.14965 -19.9301 97.4236 -9.07285 -19.9444 97.4195 -8.52824 -20.103 95.7709 -7.25893 -20.1567 91.5089 4.80258 -19.6556 91.5068 5.73933 -19.6235 98.0353 -8.8146 -19.689 98.019 -7.41915 -19.5997 98.1058 -6.3662 -19.5332 97.946 -5.15451 -19.7896 91.9082 -8.7049 -19.7195 91.7829 -7.95749 -19.5427 91.7187 -6.05509 -19.7144 91.5979 -3.24378 -19.5501 94.263 -9.1588 -19.8388 91.8935 -9.19172 -19.4179 92.4818 -9.66167 -19.3204 98.0319 -5.01316 -19.5021 91.6583 -5.71285 -19.3792 98.0056 -3.01385 -19.6099 91.5144 -0.790587 -19.5735 91.5378 1.87011 -19.5174 91.5274 3.77721 -18.7658 98.0049 -1.95382 -19.579 91.6917 -8.60036 -19.2423 98.1278 -7.4935 -18.9275 98.2113 -8.52444 -18.9453 91.661 -8.61518 -18.9399 97.9973 -4.8516 -18.4296 98.0455 -4.31999 -19.1296 91.6635 -7.4408 -19.1078 91.521 -0.722765 -19.0786 91.5358 -1.76889 -18.4863 91.5691 1.55715 -18.3506 91.488 6.66843 -18.9066 91.484 5.63335 -18.6834 98.0118 -2.55678 -19.1661 97.966 -1.84799 -18.7675 92.1748 -9.54433 -18.5369 91.621 -4.86302 -17.785 92.5857 -10.1166 -18.8069 97.9398 -6.12613 -17.5643 91.6478 -5.95855 -18.5041 91.5858 -3.06749 -18.1141 91.5296 2.87825 -18.3038 97.9805 -2.75349 -18.4981 92.4047 -10.1355 -18.2494 91.696 -8.67895 -17.5105 91.3878 6.32746 -18.359 98.0491 -8.01303 -17.7207 91.6186 -8.21809 -17.6579 85.6624 12.2334 -18.3152 86.0724 11.7324 -18.3682 86.0072 10.6109 -18.2439 98.1142 -8.35537 -18.0845 91.5493 -0.359338 -18.3382 91.4724 3.96237 -18.2728 97.8484 -1.19149 -17.9265 92.1864 -9.39865 -16.7709 86.135 7.57649 -18.0644 86.194 9.5656 -18.2124 85.7119 9.58104 -18.1176 91.4391 2.84245 -17.9464 91.5403 1.67026 -18.0133 91.2783 5.22647 -18.0203 87.0089 7.69497 -18.016 89.0297 7.64994 -17.9527 89.7467 8.9855 -18.0501 91.2595 6.43786 -18.1196 85.5986 11.2564 -18.1542 91.9112 -8.95862 -17.0583 91.6272 -6.73773 -17.4173 91.4798 1.69202 -17.8027 86.146 5.86048 -17.8988 85.8749 6.16822 -17.8506 85.8508 7.95583 -18.0377 85.649 7.83693 -17.9337 85.4207 9.39622 -17.7834 85.5498 10.1292 -17.954 86.766 5.62113 -17.8534 88.119 6.67097 -17.9539 87.2873 5.8133 -17.8622 91.2852 3.5123 -17.8115 91.0586 6.10506 -17.9137 88.0726 8.44366 -18.1004 90.762 7.66047 -17.9062 90.284 7.70871 -17.9015 85.3836 11.3839 -17.8929 97.9 -2.63132 -17.8651 91.5258 -1.70727 -17.9103 91.5198 0.358195 -17.8888 97.8904 -3.62116 -17.7106 98.0496 -8.23463 -17.7065 91.571 -3.49639 -17.5311 91.4503 0.136698 -17.6876 91.2998 2.02398 -17.5878 86.1887 3.01803 -17.611 86.1677 4.47416 -17.7959 85.8315 4.55648 -17.7279 85.6501 6.0705 -17.7088 85.5578 6.77951 -17.7378 85.3995 7.97779 -17.6378 85.3378 10.6367 -17.566 87.1474 3.8187 -17.6839 90.4908 4.56867 -17.6442 88.7907 5.29545 -17.8232 89.2169 4.06361 -17.6416 90.9756 4.70296 -17.7417 90.7415 5.6562 -17.7574 97.9933 -7.9727 -17.3065 91.5544 -5.02775 -17.3935 85.8345 2.5328 -17.4192 85.5592 4.58792 -17.5523 91.4635 -1.732 -17.5629 91.3136 -0.0507568 -17.4436 87.0918 0.758933 -17.3654 87.7249 1.77422 -17.5155 88.0104 3.01743 -17.6689 88.2047 1.8286 -17.5289 88.5207 3.57916 -17.6822 89.0905 2.27825 -17.4449 90.5971 3.28943 -17.4797 91.3027 0.850399 -17.4646 91.0563 2.71365 -17.5359 85.4256 6.30458 -17.4242 85.3431 10.1586 -17.3827 97.9403 -1.57256 -17.3712 88.1065 5.11153 -17.8502 90.2346 5.49148 -17.7402 85.3082 11.5647 -17.4878 97.9191 -4.4226 -17.3607 86.2435 0.688718 -17.3717 91.5498 -8.26198 -17.0562 98.0247 -7.81569 -17.0395 97.9531 -5.55761 -17.1396 91.4218 -4.37337 -17.122 86.2142 -0.729978 -17.2665 85.8574 -0.364263 -17.1381 85.4496 3.52126 -17.1591 85.585 2.79494 -17.2504 87.5619 -0.305844 -17.2936 91.2727 -1.86602 -17.2687 91.4668 -3.43435 -17.2943 91.0959 -0.127016 -17.2768 91.0583 0.951535 -17.3151 89.0634 0.44742 -17.2984 90.6841 2.29392 -17.3888 90.7528 0.822083 -17.2311 85.3954 4.86223 -17.2131 85.3572 6.56895 -17.095 85.3372 8.68206 -17.1506 91.4866 -6.76934 -16.9946 91.2746 -5.48206 -16.9187 91.2292 -3.56358 -17.0414 85.9855 -2.57517 -17.0813 85.5562 0.937845 -16.969 85.596 -0.020679 -16.9349 86.9549 -2.22364 -17.1675 87.272 -2.78735 -17.1264 88.1416 -2.42789 -17.2124 86.4487 -2.70487 -17.1398 88.1821 -0.496676 -17.286 89.0179 -1.27887 -17.1808 89.1853 -2.924 -17.0478 90.6818 -0.353177 -17.1565 91.0406 -1.9128 -17.1043 90.8668 -1.44713 -17.0887 90.4737 -1.66979 -17.0326 85.3269 11.64 -16.5733 88.1491 0.859104 -17.4334 88.5928 0.927891 -17.4053 85.3759 3.38253 -16.6157 85.3778 6.43348 -16.5185 86.0982 -5.0657 -16.8706 86.4154 -6.13466 -16.8042 86.3615 -3.96793 -17.0028 85.8919 -3.78079 -16.9057 85.6336 -3.37045 -16.6998 98.1486 -7.58455 -16.7563 98.1283 -5.57177 -16.8458 91.3055 -6.94524 -16.7537 91.3454 -7.68001 -16.8093 86.8637 -4.28037 -16.961 87.3031 -4.95837 -16.8797 88.2407 -4.69717 -16.9571 90.6024 -5.31988 -16.7418 90.4166 -3.92509 -16.8547 91.0624 -6.15899 -16.7355 90.9822 -4.25434 -16.8668 90.7419 -2.89981 -16.9541 85.5891 -1.88125 -16.8021 85.4785 -0.870518 -16.5522 85.4411 2.14568 -16.8123 91.82 -9.19545 -16.3066 91.3414 -8.68181 -16.6327 85.3832 10.6113 -16.3264 85.8702 -6.12491 -16.6191 86.0841 -6.90903 -16.6783 85.8041 -4.97219 -16.713 98.383 -7.58053 -16.5627 88.1916 -8.71372 -16.661 88.2188 -8.24622 -16.7405 86.374 -8.5418 -16.6593 88.5187 -6.84788 -16.775 89.6426 -8.49741 -16.5609 87.9864 -6.75779 -16.7972 91.0952 -7.82032 -16.6404 89.331 -6.07499 -16.7291 90.7775 -6.67752 -16.6176 85.467 0.0747507 -16.6429 85.3675 7.95004 -16.2891 86.3066 -8.91882 -16.5245 85.8259 -8.67749 -16.3988 90.8756 -9.16875 -16.3172 89.6293 -9.0087 -16.4156 87.9295 -9.0251 -16.3672 85.7458 -7.52817 -16.3174 90.3072 -8.49693 -16.522 85.6118 -4.87345 -16.4611 85.4836 -2.43289 -16.4132 85.4349 0.810101 -16.2527 86.3049 -9.26836 -16.1158 85.7961 -8.97252 -16.113 88.872 -9.14769 -16.2808 85.6014 -6.60984 -16.0459 85.5505 -5.36069 -16.0995 85.508 -3.94213 -16.1232 90.0008 -9.28203 -16.3005 85.3926 4.02456 -15.9913 88.0041 -9.16142 -15.8085 85.6204 -8.45679 -15.7535 85.4816 -0.810163 -15.2528 86.2587 -9.55444 -15.4557 85.5854 -6.96001 -15.4759 85.5059 11.647 -14.9964 85.5086 12.9807 -15.3865 85.5219 -2.36743 -15.1416 85.4583 6.70634 -15.6534 85.5471 7.77077 -14.9356 85.5396 9.01503 -15.1029 85.491 2.37354 -15.4813 85.4866 0.853775 -15.3648 85.4763 3.82531 -15.222 85.731 -8.85557 -14.8936 85.5841 5.6943 -14.8264 85.5263 10.2138 -15.0774 85.5763 -5.49809 -15.1592 85.6378 -8.33619 -14.6757 85.5537 -3.80066 -14.7811 86.365 -10.0369 -15.0434 85.6536 0.557805 -14.5077 85.6599 -7.42149 -14.5687 85.2759 12.9535 -14.6898 85.4422 10.5563 -14.6471 85.6407 2.44275 -14.5787 85.5958 4.304 -14.5656 85.5259 9.09704 -14.8244 82.8482 11.2941 -14.4586 81.9218 10.4983 -14.4903 85.2256 11.6624 -14.5532 85.6886 -1.77736 -14.1104 85.6758 0.67742 -14.338 85.5452 7.25624 -14.5909 81.0539 9.17502 -14.5446 80.6232 9.0544 -14.4854 80.1855 10.2455 -14.4959 85.4523 8.94796 -14.54 85.6353 -5.34605 -14.5267 85.675 -4.98445 -14.237 86.1042 -9.47612 -14.3432 85.5757 4.67667 -14.3347 85.6076 3.20014 -14.1669 85.4592 7.46773 -14.3732 81.4774 8.19029 -14.3848 81.032 7.5332 -14.3995 81.3533 6.22456 -14.2465 79.1755 9.38875 -14.3172 81.9226 7.934 -14.2612 83.458 10.1552 -14.3321 84.8118 11.417 -14.4179 85.1541 10.2267 -14.3665 85.1752 8.20971 -14.2012 84.8428 9.74102 -14.2588 85.7882 -8.00082 -13.5719 79.3102 7.99619 -14.2245 85.674 0.231786 -14.0117 80.9703 5.51304 -14.2505 81.1993 4.25039 -14.161 81.942 4.60928 -13.9933 80.5131 3.70066 -13.9998 80.0971 6.46709 -14.147 80.7286 7.22793 -14.3529 85.4798 3.68772 -13.9698 85.4583 5.1226 -14.138 85.333 6.88335 -14.1306 79.9927 8.34194 -14.3065 83.3005 7.80417 -14.1729 82.4815 9.19087 -14.3008 83.7995 9.01592 -14.2635 84.8944 7.95889 -14.1029 85.685 -3.00587 -14.1426 85.6509 1.45279 -14.0312 85.8422 -8.42503 -13.253 81.0035 2.56971 -13.9483 81.6481 3.35537 -13.9472 85.5037 2.88081 -13.8735 86.1154 -9.48759 -13.9545 86.0649 -9.14044 -13.7482 79.4695 3.92728 -13.8671 82.271 5.24279 -13.9855 83.0422 5.65502 -13.9602 85.2254 4.59569 -13.8906 85.1941 5.67929 -13.9736 83.88 7.05535 -14.1096 84.1358 5.35885 -13.9372 84.8859 6.18505 -13.9478 79.0204 5.34392 -13.9745 78.2844 6.67848 -14.1321 85.6447 -1.88612 -13.6793 85.5048 0.43623 -13.7131 81.0134 0.437306 -13.759 80.0497 1.50212 -13.6814 86.0957 -9.27925 -13.7369 81.3176 0.686104 -13.7772 85.7882 -6.7078 -13.6935 78.441 3.54549 -13.8398 81.83 2.16987 -13.7848 83.1057 2.08776 -13.6711 82.456 0.853421 -13.5831 83.042 3.6095 -13.7817 85.448 1.36114 -13.7302 85.2452 2.94464 -13.7115 84.9355 3.67394 -13.7218 84.1229 3.42023 -13.7892 83.0705 4.36759 -13.8729 84.0759 4.31064 -13.9174 83.8247 4.90182 -13.9238 84.8588 4.92389 -13.8629 75.5848 0.25711 -13.7745 76.5194 0.345256 -13.6123 76.8829 1.10662 -13.6399 77.3879 1.26528 -13.631 77.0428 3.47275 -13.8414 77.7874 4.09569 -13.9231 79.1695 1.52971 -13.6416 84.3969 1.9985 -13.6672 83.9467 2.267 -13.7184 85.767 -5.30268 -13.7452 85.7354 -3.60303 -13.7431 85.4969 -1.09835 -13.489 81.4799 -0.314452 -13.6414 81.0631 -0.752184 -13.6161 81.1561 -2.09458 -13.4837 80.2113 -0.17143 -13.5345 81.9866 -1.64898 -13.3563 86.1056 -9.27925 -13.528 86.0324 -8.9136 -13.0943 82.1411 0.0947643 -13.5525 85.641 -2.95361 -13.5134 75.3334 -1.49118 -13.6175 75.3441 -3.12704 -13.4836 85.7481 -4.85886 -13.5068 76.2048 -1.54595 -13.4545 78.69 0.531555 -13.5962 79.4626 -0.580547 -13.4214 79.4653 0.612914 -13.5621 83.1463 1.18546 -13.5864 84.5383 0.454821 -13.5575 84.8816 1.21694 -13.5482 85.1813 0.44168 -13.5403 84.8438 2.62457 -13.649 85.187 -0.319751 -13.398 76.263 -3.77129 -13.2257 80.3588 -2.14467 -13.3445 81.423 -4.44109 -13.1826 82.1771 -3.85566 -13.1145 75.5264 -4.07638 -13.3462 80.9042 -3.85405 -13.2433 85.7682 -7.88471 -13.2357 85.739 -6.41545 -13.284 85.6821 -5.13161 -13.2776 85.6158 -3.49429 -13.3398 74.5189 -4.65533 -13.1587 83.0328 -2.81038 -13.1432 83.0893 -0.0311767 -13.4658 85.419 -2.47963 -13.3095 84.0353 -0.778712 -13.3564 84.8484 -1.73537 -13.1771 85.2099 -1.74737 -13.2463 77.0145 -1.39316 -13.3707 77.0502 -2.21881 -13.2927 79.1273 -1.83794 -13.2574 77.3354 0.262057 -13.5424 77.9119 -1.21657 -13.3991 75.1483 -4.47318 -13.2819 79.2149 -2.92205 -13.165 80.0953 -5.01073 -13.0441 85.6293 -6.14499 -13.0921 85.4535 -4.65605 -13.0859 85.3535 -3.88127 -13.0756 85.1975 -2.91974 -13.1356 76.1432 -6.65868 -12.9558 75.6004 -5.25361 -13.1833 75.4251 -6.70229 -13.0625 77.2614 -3.96489 -13.0937 85.509 -8.21542 -12.734 81.0634 -5.50144 -13.104 81.5069 -7.13367 -12.9433 85.4487 -6.38991 -12.9001 79.6171 -6.3295 -12.8822 82.9529 -4.50893 -13.0109 85.1196 -6.22559 -12.775 85.0065 -4.91004 -12.917 85.1236 -3.9921 -13.0158 84.1376 -4.16244 -13.039 83.9499 -2.4786 -13.1929 84.8096 -2.74651 -13.098 74.4659 -6.54985 -12.9691 75.1941 -8.45014 -12.9002 75.2803 -5.82923 -13.1204 77.5055 -6.48633 -12.8645 77.4747 -4.9869 -13.0227 77.9845 -2.7488 -13.2444 75.6473 -8.4264 -12.9018 78.8609 -5.67243 -12.9307 81.001 -7.32411 -12.9378 81.363 -8.33267 -12.9034 83.4675 -6.46579 -12.7931 83.5251 -5.59962 -12.8708 85.4707 -8.70517 -12.5372 85.0224 -8.04458 -12.6142 77.658 -8.89113 -12.6539 76.3752 -8.20406 -12.8291 76.6523 -8.8615 -12.7074 83.332 -8.02832 -12.711 84.7459 -6.09995 -12.7718 71.2989 -8.38833 -12.7969 79.9288 -8.69344 -12.6982 79.2344 -7.62937 -12.7585 73.2955 -8.66497 -12.7322 72.8945 -9.06498 -12.6392 81.3968 -8.68299 -12.8171 82.6402 -8.83575 -12.6402 74.3731 -8.99245 -12.7094 83.3422 -8.84889 -12.5607 75.3122 -8.86168 -12.7988 84.4363 -8.79621 -12.5557 78.469 -8.62338 -12.6783"/>
    <Normal vector="-0.0384579 -0.641592 0.766082 0.0795842 -0.346089 0.93482 -0.0701871 -0.134157 0.988471 0.319442 -0.282725 0.904446 0.201048 -0.0267228 0.979217 -0.0316549 -0.000906434 0.999498 0.0355281 0.00577517 0.999352 0.0601997 0.0579566 0.996502 0.0859134 -0.158741 0.983575 -0.0697338 -0.401076 0.913387 -0.0336777 -0.224806 0.973822 -0.00813982 -0.00606281 0.999949 -0.0363834 0.0425738 0.998431 -0.0605547 -0.292136 0.954458 0.0226786 -0.592355 0.805358 0.0349677 -0.139859 0.989554 -0.0167152 -0.618884 0.785304 -0.046876 -0.150048 0.987567 -0.701059 -0.191642 0.686869 -0.314836 -0.560833 0.765732 -0.0997138 -0.756694 0.646121 0.730604 -0.39035 0.560218 0.0205257 -0.850365 0.525792 -0.0374888 -0.606302 0.79435 -0.0346835 -0.832614 0.552767 0.00435749 -0.554047 0.832474 0.128275 -0.763628 0.632786 -0.0967793 -0.743619 0.661562 0.0594922 -0.297691 0.952807 0.00594885 -0.276316 0.961048 -0.0277961 -0.787301 0.615942 0.00442273 -0.248277 0.968679 -0.168444 0.0790281 0.982538 -0.618048 0.0368853 0.785275 -0.00535836 0.0564098 0.998393 -0.00329897 0.0875125 0.996158 -0.00790097 -0.01737 0.999818 0.00447238 0.0657898 0.997824 -0.184928 0.103194 0.977319 0.56037 0.0678313 0.82546 0.277819 0.097774 0.955645 0.622331 -0.0340223 0.782015 0.0511036 0.0952142 0.994144 0.0264923 0.0388117 0.998895 -0.0111321 0.062951 0.997955 -0.0155642 0.0802405 0.996654 -0.0228871 0.065045 0.99762 0.0128798 -0.112806 0.993534 -0.00970323 0.0654213 0.997811 -0.0382927 0.0461949 0.998198 -0.00875011 0.0870761 0.996163 0.0306817 0.0185903 0.999356 0.0059171 0.10235 0.994731 0.00518626 -0.0468208 0.99889 0.00406906 0.00325186 0.999986 0.0293904 -0.0169471 0.999424 -0.0126291 0.10928 0.993931 0.00775238 -0.244361 0.969653 0.0411573 -0.714415 0.698511 0.279424 -0.670883 0.686905 0.0383261 -0.124844 0.991436 -0.0108854 0.0286192 0.999531 -0.0172591 0.0999347 0.994844 -0.0134779 0.111498 0.993673 -0.00386791 0.107586 0.994188 0.027543 -0.770373 0.636998 -0.952247 -0.0359924 0.303201 -0.57925 -0.75865 0.298194 -0.0141906 -0.823121 0.567689 -0.871955 -0.449636 0.193707 -0.168096 -0.916038 0.364168 0.122333 -0.932135 0.340821 -0.00193149 0.110275 0.993899 -0.0070736 0.119372 0.992824 -0.531444 0.103752 0.840716 -0.109164 0.110739 0.987836 -0.529947 0.0894844 0.843296 -0.11111 0.118083 0.986768 -0.0139385 0.124835 0.99208 -5.19547e-05 0.100965 0.99489 0.0032678 0.112113 0.99369 -0.00720987 0.112591 0.993615 0.599657 0.0903554 0.79514 0.856897 0.0520098 0.512857 -0.734002 0.068672 0.675667 0.899855 -0.082261 0.428362 0.00227651 0.120409 0.992722 0.0030689 0.128333 0.991726 0.533601 0.106127 0.839051 0.177536 0.104565 0.978544 0.425495 -0.833623 0.352176 0.958217 -0.133071 0.253205 -0.145851 -0.900997 0.408573 0.0203301 -0.91495 0.403056 0.0243506 -0.92823 0.37121 0.0664678 -0.986509 0.149605 0.00162508 -0.981374 0.192101 -0.181426 -0.977009 0.111976 0.209716 -0.92778 0.308616 0.0989613 -0.910905 0.400573 -0.003691 0.136757 0.990598 -0.0150183 0.158162 0.987299 -0.896863 0.0484997 0.439642 -0.986351 -0.00828398 0.164445 -0.00116547 0.20737 0.978262 6.1595e-06 0.177619 0.984099 -0.00890589 0.136367 0.990618 -0.00596556 0.120345 0.992714 -0.87126 0.0364577 0.489466 -0.0187248 0.121325 0.992436 -0.00377757 0.17073 0.985311 0.165704 0.200202 0.96564 0.980027 -0.00439603 0.198816 0.880298 0.0554005 0.471175 0.832425 0.0800418 0.548327 -0.434025 0.0937984 0.896005 -0.19883 0.148313 0.968747 -0.0049979 0.138916 0.990292 -0.0105705 0.155905 0.987716 -0.172531 -0.974608 0.142733 0.0230192 -0.97157 0.23563 -0.0486037 -0.990469 0.128877 -0.0407166 -0.992379 0.116302 -0.0643522 -0.993067 0.0983691 0.538571 0.189624 0.820965 0.0102519 0.280685 0.959745 -0.0158166 0.286632 0.95791 -0.00959633 0.184084 0.982864 -0.735959 0.104219 0.668957 -0.015552 0.298346 0.954331 -0.0120547 0.158167 0.987339 -0.0222919 0.291114 0.956429 0.978901 0.0209304 0.203261 0.981381 0.0105712 0.191781 -0.00892004 0.16989 0.985423 -0.0210235 0.296186 0.954899 0.135358 0.26544 0.954578 -0.081698 0.196726 0.977049 -0.171394 0.322642 0.930874 0.00734873 0.278895 0.960294 -0.996225 -0.0384547 0.0778302 0.890602 -0.405303 0.206296 0.0953042 -0.941765 0.322484 0.28749 -0.933834 0.212848 0.0493658 -0.995704 0.0783387 -0.029452 -0.994799 0.0975046 0.0522051 -0.998534 0.0143134 0.970401 0.0312014 0.239476 -0.117563 -0.99299 0.0122031 -0.976374 0.0170079 0.215416 0.0541725 0.180681 0.982049 -0.00846313 0.185813 0.982549 -0.98812 0.00395331 0.153634 -0.0181007 -0.997959 -0.0612429 -0.016539 0.29723 0.954663 0.458726 0.197935 0.866252 0.803966 0.123231 0.581768 0.00453113 0.200206 0.979743 0.0107742 0.224153 0.974494 -0.0013881 0.220858 0.975305 -0.0212925 0.219283 0.975429 0.50085 -0.838685 0.213907 -0.0790192 -0.995832 0.0455556 -0.00414119 0.026309 0.999645 -0.00897593 -0.0450966 0.998942 -0.0129003 0.0245727 0.999615 0.00739606 0.0323373 0.99945 0.0760421 0.0212273 0.996879 0.40211 0.0875826 0.911393 0.202604 0.0803406 0.97596 0.0855336 0.013626 0.996242 0.00949697 0.0528722 0.998556 0.455213 0.0339826 0.889734 -0.00387859 0.00301634 0.999988 -0.0128698 0.0300307 0.999466 -0.0160594 0.00629318 0.999851 0.0213519 0.0882502 0.99587 0.0407089 0.0573057 0.997526 0.00782671 0.0522107 0.998605 -0.0139503 0.00732493 0.999876 -0.00719968 0.0532468 0.998555 0.222392 0.00972256 0.974909 0.740176 0.0690594 0.668857 0.929393 0.05696 0.364669 0.997894 -0.0363858 0.053692 -0.0139676 -0.00259267 0.999899 -0.00706498 0.0819562 0.996611 -0.0138408 0.317668 0.948101 -0.0143214 -0.0561964 0.998317 -0.0273022 0.0760654 0.996729 -0.0201816 0.307209 0.951428 -0.0301112 0.0527334 0.998155 -0.0308523 0.316802 0.94799 -0.807492 -0.577602 0.11972 0.00640782 -0.989589 -0.143778 -0.0322015 -0.99315 -0.112319 0.0575043 -0.984138 -0.167826 -0.239235 -0.967616 -0.0805354 0.239879 0.111951 0.964326 0.468215 0.0820603 0.879796 0.0574005 0.0788516 0.995233 0.887086 0.0190419 0.461212 0.965577 -0.00670345 0.260031 0.994082 -0.00978886 0.108191 0.789665 0.0613886 0.610459 -0.00337036 -0.968556 -0.248771 -0.154293 -0.97725 -0.145523 0.0483674 -0.997811 0.0450967 0.0441437 -0.996532 0.0705358 -0.0257001 0.0771098 0.996691 -0.0567786 0.0708734 0.995868 -0.0383335 0.0717671 0.996685 -0.00585465 -0.0736473 0.997267 0.14036 0.0684093 0.987734 0.0320908 0.0810147 0.996196 0.031295 0.0686165 0.997152 -0.0440159 0.10504 0.993493 0.145562 0.0613166 0.987447 -0.0226783 -0.0477369 0.998603 -0.0177389 0.0476794 0.998705 -0.0190458 -0.0390895 0.999054 0.00279709 -0.0421562 0.999107 0.000882574 -0.0330143 0.999454 0.00423774 0.0145417 0.999885 0.999016 -0.000534396 0.0443595 -0.0142914 -0.00903824 0.999857 -0.999583 -0.0161355 0.0239627 -0.00344706 0.00819976 0.99996 0.00958139 0.0147603 0.999845 0.12432 0.117996 0.985201 -0.0186279 0.103838 0.99442 0.0860557 -0.970267 -0.226222 -0.0947587 -0.979496 -0.177786 0.220231 0.101136 0.970191 0.592375 0.0748137 0.802181 -0.102764 -0.974354 -0.200187 0.0664663 0.103028 0.992455 0.180142 0.10782 0.977713 0.727032 0.100916 0.679147 0.786104 0.0538029 0.615748 0.0622568 0.104222 0.992604 -0.030979 0.102629 0.994237 0.747307 0.0916311 0.658131 -0.0827484 -0.940558 -0.3294 0.021499 -0.982712 -0.183887 0.490093 0.104089 0.865433 0.0468261 -0.994067 -0.0981721 -0.0300575 -0.943009 -0.331406 0.976815 0.0355362 0.211115 0.995701 -0.001924 0.0926043 0.159499 0.0734352 0.984463 0.97111 -0.237104 -0.0269744 -0.0534214 -0.927588 -0.369765 0.0273279 0.17625 0.983966 -0.021127 0.27971 0.959852 -0.0324742 0.212609 0.976598 0.998959 -0.0127162 0.0438191 0.999056 0.000631793 0.0434389 -0.0053031 0.260695 0.965407 -0.0165128 0.233082 0.972317 0.0368798 0.178918 0.983173 0.0317789 0.281925 0.95891 0.0728717 0.273502 0.959107 -0.0429702 0.270114 0.961869 -0.0970726 0.184344 0.978056 -0.0537174 0.201014 0.978114 -0.0158734 0.0495093 0.998648 -0.999743 -0.0132981 -0.0183892 0.714788 -0.698422 -0.0358501 0.0230513 -0.96014 0.278568 0.0452453 -0.959829 -0.276915 0.123229 -0.958247 -0.258027 -0.000979577 0.0902511 0.995919 -0.0101728 0.0955221 0.995375 -0.0116766 0.119394 0.992778 0.00453769 0.170188 0.985401 -0.0268256 -0.970303 -0.240399 0.533379 0.0479623 0.844516 0.855365 0.0761121 0.512403 -0.0108872 0.09731 0.995195 -0.0113243 0.137075 0.990496 -0.0164177 0.0900359 0.995803 0.0102982 0.11635 0.993155 -0.0215278 0.0802767 0.99654 -0.0170171 0.195226 0.980611 0.00300425 0.148264 0.988943 -0.0175595 0.122684 0.99229 0.0193213 0.0970088 0.995096 0.954795 0.0568248 0.291783 0.99993 -0.000619915 0.0118017 0.00681894 0.148528 0.988885 -0.017019 0.112353 0.993523 0.0160059 0.179436 0.983639 -0.0111064 0.106133 0.99429 -0.0302607 0.189637 0.981388 -0.0403337 0.148258 0.988126 0.0125378 0.0598985 0.998126 -0.0330329 -0.00588752 0.999437 0.345359 -0.925523 -0.155353 -0.016835 -0.95214 -0.305198 -0.00737072 0.11332 0.993531 0.035785 0.160785 0.98634 -0.0352738 0.151534 0.987823 0.00050242 0.166494 0.986042 -0.011933 0.0926114 0.995631 0.00462429 0.1101 0.99391 -0.00489201 0.101795 0.994793 0.858282 0.0368604 0.511853 -0.0141352 0.148238 0.988851 -0.00821667 0.183974 0.982897 0.00376459 0.145344 0.989374 0.00561545 0.0981052 0.99516 0.0320729 0.138193 0.989886 -0.042739 0.117983 0.992095 -0.0945582 0.164868 0.981773 -0.0542279 0.141162 0.9885 -0.119961 0.0937127 0.988346 0.000830668 0.136413 0.990652 0.00407172 0.125681 0.992062 -0.0234009 0.0913717 0.995542 -0.0714478 0.156008 0.985168 -0.0269337 0.158031 0.987067 -0.047155 0.136573 0.989507 -0.0107574 -0.948152 -0.317634 -0.0346715 0.0258131 0.999065 -0.0396108 -0.043931 0.998249 -0.0452829 -0.125026 0.99112 -0.131048 -0.373208 0.918445 -0.031742 -0.985375 -0.16742 -0.0776273 -0.994213 -0.0742602 0.999668 0.0180488 0.0183987 -0.00880375 0.116755 0.993122 -0.0123654 -0.0350685 0.999308 0.998794 -0.0210899 -0.0443396 0.0119736 0.116847 0.993078 -0.00140225 0.148832 0.988862 0.00144853 0.128125 0.991757 -0.0264963 -0.94471 -0.326834 -0.0206346 0.114618 0.993195 -0.0168435 0.120532 0.992567 -0.011094 0.0930348 0.995601 0.000914559 0.119615 0.99282 0.0123353 0.130708 0.991344 0.0203525 0.097343 0.995043 -0.0300628 0.13792 0.989987 -0.0148351 0.146571 0.989089 0.0525318 0.0405198 0.997797 -0.0251503 0.0589602 0.997943 -0.00865744 -0.0246042 0.99966 -0.0150568 -0.0152419 0.999771 0.0356277 0.0588251 0.997632 0.998118 -0.00978586 -0.0605391 0.997599 -0.0176288 -0.0669732 -0.0198674 0.0711145 0.99727 -0.0301356 -0.0370832 0.998858 -0.0595102 -0.920091 -0.387158 0.131319 -0.981897 -0.136503 -0.00951745 0.0915876 0.995752 -0.0237157 0.113884 0.993211 0.00363511 0.136391 0.990648 -0.0279375 0.109733 0.993568 -0.0211846 0.132354 0.990976 -0.0063634 0.0950358 0.995454 -0.00241258 0.150993 0.988532 -0.00210912 0.0751384 0.997171 0.0072522 0.080519 0.996727 -0.0174429 0.132173 0.991073 0.00129192 0.128327 0.991731 0.023395 0.122331 0.992214 0.990679 0.0406952 0.129994 0.977338 -0.167651 0.129246 0.999934 -0.0113786 -0.00130907 0.630155 -0.681603 0.371916 -0.0152309 0.0790798 0.996752 -0.0240739 0.0772626 0.99672 -0.0262801 0.102654 0.99437 -0.00911819 0.133078 0.991064 -0.0156193 0.0804031 0.99664 0.011034 0.146284 0.989181 0.0074018 0.0856331 0.996299 -0.00519913 0.149 0.988824 0.00122046 0.0647645 0.9979 -0.0350428 0.142235 0.989212 -0.0185453 0.0989297 0.994922 -0.00780473 0.085518 0.996306 -0.0135549 0.102354 0.994656 0.00180224 0.0954451 0.995433 0.0302851 -0.981415 -0.189492 0.0748463 -0.904707 -0.419408 -0.0816856 -0.937351 -0.338674 0.309044 -0.933329 -0.182724 0.00258435 0.113751 0.993506 -0.0145961 0.11695 0.99303 0.00898576 0.105104 0.994421 -0.0194066 0.099549 0.994843 -0.0233316 0.105191 0.994178 -0.0313333 0.105037 0.993975 -0.0190768 0.138732 0.990146 -0.0155253 0.131816 0.991153 0.00540302 0.154244 0.988018 -0.00717332 0.117942 0.992995 -0.00736583 0.153867 0.988064 -0.0312215 0.138504 0.98987 -0.00945553 0.132137 0.991186 0.000260033 0.137718 0.990472 -0.0404326 0.141892 0.989056 -0.0338347 0.138833 0.989738 -0.0233731 0.120596 0.992427 -0.0294597 0.0911848 0.995398 0.0234785 -0.996804 -0.0763586 0.999701 0.0224958 -0.00958857 0.994273 -0.0141183 -0.105931 0.00889308 -0.976302 -0.21623 0.0162827 -0.999563 -0.0246829 -0.0262178 0.104575 0.994171 -0.0275661 0.106463 0.993934 -0.0148051 0.116645 0.993063 0.998268 -0.00922296 -0.0581001 0.00297592 0.117976 0.993012 0.99547 -0.0251282 -0.0916954 -0.00539245 0.103657 0.994598 -0.0225743 0.147315 0.988832 -0.0110048 0.119161 0.992814 0.00466964 0.110988 0.993811 0.00657904 0.111524 0.99374 0.000407793 0.124537 0.992215 -0.0114894 0.103623 0.99455 0.981581 0.00470213 0.19099 0.00337276 0.136974 0.990569 -0.0380608 0.121732 0.991833 -0.016674 0.1204 0.992585 -0.00421384 0.132747 0.991141 -6.22039e-05 -0.979776 -0.200099 0.00447477 0.0913855 0.995806 0.0166917 0.0396664 0.999074 -0.0124316 0.103835 0.994517 0.9932 -0.00663743 -0.116227 0.00530177 0.108571 0.994075 -0.0223373 0.0935193 0.995367 -0.0208415 0.0964618 0.995118 -0.0292777 0.17042 0.984937 0.00741498 0.126228 0.991974 -0.00210743 0.0926766 0.995694 -0.00273504 0.103079 0.994669 -0.00427944 0.0981181 0.995166 -0.0175322 0.136362 0.990504 -0.031805 0.057904 0.997815 -0.0244651 0.0954242 0.995136 -0.00964552 0.13791 0.990398 -0.0122847 0.154857 0.987861 0.00845386 0.0930785 0.995623 -0.00886215 0.106295 0.994295 -0.0143799 0.134064 0.990868 -0.0130557 0.131304 0.991256 0.0161865 0.114119 0.993335 -0.010991 0.134097 0.990907 -0.0133954 0.0939926 0.995483 -0.025405 0.086233 0.995951 -0.0106419 -0.98736 -0.158137 -0.00844246 -0.982243 -0.187421 0.0497611 -0.977892 -0.203103 -0.0378056 -0.99624 -0.0779519 0.067743 -0.997548 -0.0175715 0.0428123 -0.995489 -0.084672 0.00721272 0.0853012 0.996329 -0.0148793 0.0580918 0.9982 -0.00547462 0.121974 0.992518 -0.0246115 0.121738 0.992257 0.024492 0.102569 0.994424 -0.0242252 0.115693 0.99299 -0.0411101 0.107686 0.993335 0.00393263 0.0959535 0.995378 -0.0074996 0.0833917 0.996489 -0.00998067 0.0969169 0.995242 -0.0130063 0.083775 0.9964 0.00755228 0.0897628 0.995935 -0.00742485 0.078442 0.996891 0.99521 0.0169518 0.0962817 -0.00387356 0.117468 0.993069 0.019973 0.12892 0.991454 0.0299591 -0.999124 -0.0292097 -0.0158767 0.100657 0.994794 0.0436624 0.0676553 0.996753 0.0387142 0.088275 0.995344 0.0607834 0.051182 0.996838 0.0169984 0.103681 0.994465 -0.0693313 0.0828372 0.994148 -0.0944602 0.0882767 0.991607 -0.0678994 0.0860304 0.993976 -0.0908888 0.0577962 0.994183 -0.0414666 0.0469387 0.998037 -0.0161752 0.099967 0.994859 -0.00403985 0.0961285 0.995361 0.00174837 0.113347 0.993554 -9.56259e-05 0.0932677 0.995641 -0.0168488 0.10522 0.994306 0.00703673 0.103063 0.99465 0.01119 0.0979848 0.995125 -0.00180609 0.110042 0.993925 0.0122685 0.0976347 0.995147 -0.00139069 0.0737753 0.997274 -0.00116242 0.146122 0.989266 0.00809279 0.0718214 0.997385 0.0025891 0.123203 0.992378 0.0322428 0.0983526 0.994629 -0.0121909 0.0856338 0.996252 -0.0360463 0.0768054 0.996394 -0.0084845 0.158591 0.987308 -0.0584172 0.0607596 0.996442 -0.0317311 0.102463 0.994231 -0.012548 0.107834 0.99409 -0.00813309 0.105739 0.994361 0.00516234 0.104129 0.99455 0.0139811 0.0973809 0.995149 -0.0123276 0.102423 0.994665 0.0151663 0.075657 0.997019 0.00670126 0.138663 0.990317 -0.00563396 0.137444 0.990494 -0.0217177 0.0827393 0.996335 0.999701 0.0109681 -0.0218398 -0.00296976 0.0980522 0.995177 0.993565 -0.0105156 -0.112778 0.990636 -0.00945807 -0.136202 -0.00606297 0.0997526 0.994994 0.998915 -0.00733485 -0.0459894 -0.00174939 0.101161 0.994869 -0.0109586 0.0971665 0.995208 0.0569034 -0.915148 0.399082 -0.0288595 0.103291 0.994232 -0.00898102 0.106418 0.994281 -0.0261285 -0.998042 -0.0568336 0.0474609 -0.997067 0.0600456 0.0244602 0.125522 0.991789 -0.0117145 0.246008 0.969197 -0.0038189 0.234741 0.97205 0.0108186 0.0759728 0.997051 0.00301087 0.0717511 0.997418 -0.00240927 0.199048 0.979987 0.00932794 -0.98976 -0.142437 -0.0145768 0.14643 0.989114 0.912145 0.0599254 0.405464 -0.0118705 0.0991185 0.995005 0.0213377 0.14815 0.988735 0.00324674 0.327778 0.944749 0.00706633 0.0943677 0.995512 -0.027194 0.0746044 0.996842 -0.0365882 0.103538 0.993952 -0.000293792 0.122542 0.992463 -0.0268298 -0.996436 -0.0799689 -0.00025373 0.150902 0.988549 -0.0263381 -0.998907 0.0386216 0.00795389 0.227343 0.973782 -0.0620911 0.302822 0.951023 -0.0518703 0.111963 0.992358 0.033008 -0.97601 0.215209 0.0159151 0.0643244 0.997802 0.0217278 0.0876845 0.995911 -0.00310078 0.0889263 0.996033 0.992679 -0.0136276 -0.120009 -0.0234989 -0.935167 0.353427 -0.0440545 -0.238203 0.970216 -0.25326 0.0355418 0.966745 -0.139572 -0.194573 0.970907 -0.00222393 0.168921 0.985627 -0.0206121 0.16931 0.985347 -0.00869799 0.261771 0.965091 0.0065621 0.122918 0.992395 0.0815904 0.114128 0.99011 0.0776017 -0.00364633 0.996978 0.180277 -0.0181064 0.983449 -0.00549805 0.13492 0.990841 -0.00478808 0.242592 0.970117 -0.0227706 -0.220079 0.975216 -0.170149 0.114537 0.978739 -0.0125857 0.220899 0.975215 -0.0111525 -0.939722 0.341758 -0.217788 0.107781 0.970027 -0.190916 0.0260289 0.981261 -0.0405533 -0.941522 0.334503 0.061261 -0.937383 0.342869 0.0131094 -0.960519 0.277906 -0.139256 -0.0271409 0.989884 0.0876887 -0.15479 0.984048 -0.0102774 -0.937322 0.348312 -0.061139 -0.0866036 0.994365 0.0281484 -0.140985 0.989612 -0.00263664 0.225672 0.9742 0.00996985 0.122758 0.992387 -0.0111445 0.225095 0.974273 0.013111 0.237776 0.971231 -0.00347393 0.285644 0.95833 0.012681 0.345344 0.93839 0.0362539 -0.978318 0.20391 -0.0637623 -0.981947 0.178084 0.231278 0.0200376 0.972681 -0.240405 0.0920544 0.966298 0.212369 0.0989905 0.972163 0.992273 0.0180014 0.122758 0.00239492 0.285034 0.958514 -0.0157833 0.422378 0.906283 -0.000421582 0.420049 0.907502 0.0189042 0.435702 0.899893 -0.0106552 0.22727 0.973774 -0.00438288 -0.8686 0.495495 -0.017034 -0.873521 0.486489 0.0126849 -0.814554 0.579949 -0.0562488 0.24808 0.967105 0.0388507 -0.905714 0.422105 -0.0115779 0.268186 0.963298 -0.0152082 0.157578 0.987389 -0.00361566 0.135276 0.990801 -0.0247452 0.112824 0.993307 0.991745 0.00430838 -0.128154 0.00726607 0.0607257 0.998128 0.0111521 0.0847924 0.996336 -0.0142301 0.0897985 0.995858 -0.0550349 0.110266 0.992377 0.00443896 0.128734 0.991669 -0.0128554 0.225963 0.974051 -0.00374749 0.282866 0.959152 -0.00746087 0.254513 0.967041 0.993341 -0.0152314 -0.114199 0.997665 0.00632528 -0.0680074 0.26423 0.105802 0.958639 -0.173318 0.0878435 0.980941 0.208261 0.121147 0.970542 -0.258327 0.0514307 0.964688 0.420383 -0.118991 0.899511 0.166125 -0.0981416 0.981209 0.0200675 -0.134649 0.99069 0.0307998 0.0264203 0.999176 0.00201201 0.0127133 0.999917 -0.230457 0.126053 0.964884 -0.411039 0.104642 0.905592 0.0699617 0.120577 0.990236 -0.198641 0.112799 0.97356 -0.0530778 0.0456222 0.997548 0.119302 -0.173326 0.977612 -0.023197 -0.563653 0.825686 -0.00796062 0.310677 0.950482 -0.0385315 0.261095 0.964544 -0.0112976 0.232448 0.972543 0.633496 0.0615205 0.771296 0.766407 0.0649572 0.639063 -0.00489701 -0.674043 0.738676 0.00224539 -0.611409 0.791312 -0.0157011 0.358116 0.933545 0.024753 -0.681141 0.731734 -0.0061588 0.267438 0.963556 0.00455873 -0.575445 0.817828 0.037014 -0.570245 0.82064 -0.0215414 -0.630329 0.77603 0.00695126 0.163616 0.9865 0.181771 0.108094 0.977382 -0.0193209 -0.625811 0.779736 -0.00304878 0.0747275 0.997199 -0.0693167 -0.775955 0.626968 -0.0339206 0.034952 0.998813 -0.0134794 0.238212 0.97112 0.983382 0.0159546 0.180847 0.249218 0.101624 0.963101 -0.0578594 -0.596894 0.800231 0.0292733 -0.636388 0.770813 -0.0229134 0.0530468 0.998329 -0.181775 0.103528 0.977875 -0.442197 0.0767379 0.893629 -0.00535647 -0.327641 0.944787 -0.00124084 -0.0107091 0.999942 -0.00211652 -0.074095 0.997249 0.0840548 0.128847 0.988096 -0.00843551 -0.0462699 0.998893 -0.134583 0.124409 0.983061 0.129022 0.121355 0.984188 0.167512 0.128398 0.977473 -0.259965 0.0967325 0.960761 -0.00156164 -0.0777487 0.996972 -0.00978554 0.228122 0.973583 0.0162313 0.0614191 0.99798 -0.0362213 0.113872 0.992835 -0.0127127 0.169104 0.985516 0.0279422 0.10893 0.993657 0.0881575 0.10982 0.990034 0.0367562 0.0971683 0.994589 -0.0543235 0.106686 0.992808 0.000173645 -0.0533282 0.998577 0.130967 0.0974805 0.986583 0.00029251 -0.325807 0.945436 -0.00261058 0.00319093 0.999992 -0.0180294 -0.402826 0.915099 -0.00114684 -0.00365254 0.999993 -0.0564985 0.0302394 0.997945 0.0151611 -0.146589 0.989081 -0.00934105 0.106349 0.994285 -0.0649586 0.104069 0.992446 -0.0162757 -0.228832 0.97333 0.993194 -0.0032881 -0.116428 0.0677667 0.105548 0.992103 0.0385201 0.167743 0.985078 -0.266232 0.130149 0.955082 0.814877 0.0717153 0.575181 0.811205 0.0884921 0.578028 0.993174 0.00844975 -0.116333 0.987042 -0.00135879 -0.160454 0.055627 0.0180278 0.998289 -0.0319544 0.0547803 0.997987 0.0121802 0.0412056 0.999076 -0.0205251 0.0983609 0.994939 -0.0130866 0.216671 0.976157 0.99338 0.016438 0.113694 0.991395 0.0104383 0.130486 -0.300001 0.0959707 0.949099 0.217823 0.113458 0.969371 0.0802752 0.112877 0.990361 -0.265469 0.0919133 0.959728 0.176361 0.118233 0.977199 0.106417 0.110666 0.988144 -0.130624 0.0953441 0.986837 -0.176048 0.112457 0.977937 -0.188463 0.113215 0.975533 0.837451 0.0553519 0.543702 0.0456295 0.123582 0.991285 0.364477 0.12848 0.922307 -0.120134 0.0960068 0.988105 -0.0806382 0.10913 0.990751 0.282558 0.106135 0.953361 0.988965 0.0182876 0.147018 0.837133 0.0428287 0.54532 0.143202 0.0934348 0.985273 -0.267092 0.0583439 0.961903 0.993835 -0.0154319 -0.10979 -0.243932 0.0928613 0.965336 0.758014 0.0618903 0.649296 0.395122 0.0754218 0.915527 -0.0577087 0.103056 0.993 -0.0441029 0.105866 0.993402 -0.043131 0.116012 0.992311 0.0921172 0.115912 0.988979 0.0159494 0.118994 0.992767 0.030412 0.0883629 0.995624 -0.0716393 0.114547 0.990831 -0.0471633 0.0880189 0.995002 0.173656 0.106776 0.979001 0.0993125 0.105962 0.989398 -0.0361207 0.105178 0.993797 0.0167634 0.0918647 0.99563 -0.00102893 0.111897 0.993719 0.112965 0.117914 0.986578 -0.197051 0.0985528 0.975427 -0.119683 0.0652174 0.990668 0.797189 0.071075 0.599532 0.994693 0.0228295 0.100321 0.114183 0.109136 0.987447 0.203194 0.102907 0.973716 0.974279 0.0346608 -0.222664 -0.199551 0.101807 0.974584 0.116275 0.102737 0.987889 0.793108 0.0658029 0.605516 -0.0252145 0.106812 0.993959 -0.0377551 0.0987782 0.994393 -0.0113711 0.129093 0.991567 0.0251662 0.0855243 0.996018 -0.0630772 0.117949 0.991014 -0.195341 0.0871189 0.976858 0.464724 0.080254 0.881811 0.270331 0.0846658 0.959038 -0.205616 0.102102 0.973292 -0.00807581 0.0920254 0.995724 0.980662 0.0519864 0.188677 -0.0127948 0.0928577 0.995597 -0.0160397 0.102166 0.994638 -0.0679919 0.0787313 0.994575 -0.0332467 0.0882409 0.995544 -0.041213 0.068795 0.996779 -0.032772 0.0951332 0.994925 -0.028511 0.0660906 0.997406 0.962292 0.0451408 0.268246 0.76196 0.0990569 0.640004 0.0707774 0.102719 0.992189 0.272678 0.092783 0.957621 -0.062093 0.098468 0.993201 0.480003 0.127356 0.867974 -0.0339947 0.0597189 0.997636 0.140257 0.087506 0.986241 0.0154356 0.0768381 0.996924 0.970573 0.0426561 0.236998 0.975823 0.0790792 0.203754 0.908436 0.274784 0.31502 0.741779 0.0984044 0.663386 0.394345 0.103627 0.913101 -0.0197462 0.11731 0.992899 -0.0199529 0.159761 0.986954 0.0160925 0.120482 0.992585 -0.113721 0.104254 0.988028 0.00696008 0.0939655 0.995551 0.761786 0.0449553 0.646267 0.689231 0.100098 0.717594 -0.0401817 0.113495 0.992726 -0.0553481 0.126433 0.99043 0.256829 0.124706 0.958378 0.308929 0.115941 0.943992 0.0262372 0.111779 0.993387 0.507769 0.144592 0.849273 0.0839497 0.151506 0.984885 -0.995083 -0.0985632 -0.00976587 -0.431382 -0.902132 -0.00818 0.0110838 0.291177 0.956605 0.0368058 0.130544 0.990759 0.0624435 0.0966827 0.993355 0.0519905 0.0338784 0.998073 0.0849378 -0.0273217 0.996012 0.0277298 0.0030532 0.999611 0.0200048 0.19031 0.98152 0.0359379 0.255945 0.966023 0.00712463 0.338839 0.940818 -0.0457694 0.122667 0.991392 -0.0385979 0.250687 0.967298 -0.0927737 0.149114 0.984458 -0.0311329 -0.384636 0.922543 0.0358222 -0.0225634 0.999103 -0.00378325 0.101401 0.994838 -0.0186147 0.105073 0.99429 0.0047846 0.162325 0.986726 -0.0168556 0.143609 0.989491 0.0212215 0.0789534 0.996652 -0.0411422 -0.0310614 0.99867 -0.0148373 -0.0657683 0.997725 0.00713344 -0.290354 0.956893 0.0466822 0.162807 0.985553 0.0176266 0.143228 0.989533 0.0475036 -0.13532 0.989663 0.155226 0.0551991 0.986336 -0.0251489 0.0775274 0.996673 -0.027113 0.109548 0.993612 0.0177377 0.142421 0.989647 -0.0217235 0.0327556 0.999227 0.133076 -0.147129 0.980124 -0.0289201 0.0300312 0.99913 -0.00349703 0.0783038 0.996923 -0.0476109 -0.0882399 0.994961 -0.116482 0.0103552 0.993139 -0.114543 -0.134526 0.984268 0.028373 0.0507046 0.998311 -0.0231632 0.0895373 0.995714 -0.00304415 0.0897156 0.995963 0.00919965 -0.0619953 0.998034 -0.00420193 -0.10172 0.994804 0.0108756 -0.155709 0.987743 -0.0716837 -0.122875 0.98983 -0.0383639 -0.414828 0.909091 0.0440532 0.0999512 0.994017 -0.0290726 0.14045 0.989661 -0.042095 0.0776573 0.996091 -0.0153392 0.110893 0.993714 0.0210568 0.217104 0.975921 0.00972901 0.207967 0.978087 0.015759 0.170621 0.985211 -0.186014 -0.981964 -0.0338359 0.00979225 0.0496796 0.998717 0.0175122 -0.125095 0.99199 0.00451628 0.163149 0.986591 0.00377571 0.160432 0.98704 -0.0317921 0.0246494 0.999191 0.00599404 0.160926 0.986948 -0.0045872 -0.0151944 0.999874 0.0205104 0.224559 0.974245 -0.00462628 0.175286 0.984507 0.0892116 -0.0410587 0.995166 0.0216089 0.300541 0.953524 -0.0102272 0.218853 0.975704 -0.00372721 0.157585 0.987498 -0.127693 0.0746134 0.989003 -0.207856 0.0118965 0.978087 -0.0722897 -0.258681 0.963254 -0.0172004 0.150306 0.98849 -0.0750805 0.110713 0.991012 -0.996927 -0.0203903 -0.0756373 0.0153079 0.201034 0.979465 0.00693325 0.128674 0.991663 0.0256141 0.134165 0.990628 -0.0385933 0.0785599 0.996162 0.00651176 0.193126 0.981152 0.0172148 0.0217696 0.999615 0.0444391 -0.378517 0.924527 -0.787174 -0.616362 0.0213224 -0.0154135 0.107541 0.994081 -0.00935433 0.122127 0.99247 -0.0201669 0.113285 0.993358 -0.00874218 0.120664 0.992655 0.0258377 0.157809 0.987132 -0.00901243 0.0883069 0.996053 -0.0215731 0.129585 0.991334 -0.00681774 0.17359 0.984794 0.010052 0.103063 0.994624 -0.00402584 0.121733 0.992555 -0.0229862 -0.225422 0.97399 -0.00661265 0.126412 0.991956 0.00969677 0.131587 0.991257 -0.0496674 0.0859115 0.995064 -0.0328393 0.102997 0.994139 -0.0243275 0.149328 0.988488 -0.0427367 -0.249238 0.967499 -0.00636405 0.0961589 0.995346 -0.0379755 0.0789804 0.996153 0.00608616 0.113499 0.993519 -0.0154058 0.077458 0.996877 -0.00110666 0.149368 0.988781 -0.00364346 0.119479 0.99283 0.00454532 0.0936639 0.995593 -0.0586396 0.124891 0.990436 -0.00773861 0.0599789 0.99817 -0.00299278 0.134188 0.990951 0.0147558 0.0446307 0.998895 -0.00118736 0.0551631 0.998477 0.00113332 0.0941798 0.995555 0.00272501 0.0951812 0.995456 -0.0175717 0.117316 0.992939 -0.0176717 0.0762082 0.996935 0.0122188 0.093603 0.995535 0.000609084 0.0933305 0.995635 0.0846145 -0.269769 0.9592 -0.0188059 0.121731 0.992385 0.009157 0.122766 0.992393 0.0123394 0.113545 0.993456 -0.94813 -0.284382 -0.142046 0.00551863 0.0971646 0.995253 -0.00824553 0.119607 0.992787 -0.00307791 0.0700263 0.99754 -0.0327481 0.0739354 0.996725 -0.0273803 0.0899682 0.995568 0.00119456 0.0822848 0.996608 0.00585954 0.109638 0.993954 0.0286283 0.11772 0.992634 0.0163477 0.0654602 0.997721 -0.0155563 0.111405 0.993653 0.00816115 0.0813631 0.996651 -0.00867542 0.124646 0.992163 0.00822228 0.130615 0.991399 -0.00256837 0.136372 0.990654 -0.0025914 0.125291 0.992117 0.00686567 0.120018 0.992748 0.0094222 0.0823497 0.996559 0.00192745 0.0951804 0.995458 -0.0112853 0.111335 0.993719 -0.0131418 0.102113 0.994686 -0.0180865 0.102483 0.99457 -0.990771 -0.0194391 -0.134143 -0.00863958 0.116328 0.993173 -0.996923 -0.00624498 -0.0781325 -0.0021294 0.107972 0.994152 -0.00131874 0.109718 0.993962 -0.0205707 0.113818 0.993289 -0.0158631 0.113157 0.99345 0.00881488 0.140833 0.989994 -0.0126601 0.103449 0.994554 -0.0322418 0.0785602 0.996388 0.00126364 0.118516 0.992951 -0.0306551 0.144333 0.989054 0.00282074 0.106911 0.994265 0.005807 0.134471 0.990901 0.0181049 0.12273 0.992275 -0.000692957 0.0827873 0.996567 0.010495 0.103661 0.994557 -0.0220771 0.135421 0.990542 0.0179329 0.117201 0.992946 0.0460662 0.113903 0.992423 0.0384702 0.0912399 0.995086 -0.013569 0.0899435 0.995854 -0.00659848 0.0938171 0.995568 -0.00358504 0.104723 0.994495 -0.00653858 0.102749 0.994686 0.0260139 0.0733149 0.99697 0.0284638 0.076267 0.996681 0.025951 0.086444 0.995919 0.0253604 0.157166 0.987247 -0.0279488 0.123116 0.991999 -0.00193375 0.133525 0.991044 -0.297147 -0.917025 0.266025 0.0100719 0.112284 0.993625 0.0321458 0.128436 0.991197 0.0272215 0.0659064 0.997454 0.00775691 0.0987249 0.995085 -0.0112587 0.120178 0.992688 -0.00262809 0.0980189 0.995181 0.0285506 0.0951973 0.995049 -0.0621804 0.11203 0.991757 -0.0447966 0.124191 0.991247 -0.00704347 0.0629755 0.99799 -0.00616075 0.112122 0.993675 -0.00490738 0.128624 0.991681 -0.00332651 0.100614 0.99492 -0.0208505 0.103151 0.994447 -0.0269016 0.104362 0.994175 -0.0120002 0.0985916 0.995056 -0.0103452 0.0886213 0.996012 -0.0167684 0.114632 0.993267 -0.013977 0.117403 0.992986 -0.0177297 0.117555 0.992908 0.0177341 0.105602 0.99425 -0.0295837 0.100088 0.994539 -0.00524693 0.10405 0.994558 0.0069737 0.0782883 0.996906 -0.00833015 0.100239 0.994928 -0.0117164 0.0987793 0.99504 -0.000710208 0.101292 0.994856 0.00111262 0.122101 0.992517 0.0404669 0.0794452 0.996018 -0.0311228 0.127225 0.991386 -0.0574217 0.0609631 0.996487 -0.0252676 0.110691 0.993534 0.0181332 0.0938006 0.995426 -0.00739196 0.117603 0.993033 -0.0195238 0.0937888 0.995401 0.0085151 0.0922459 0.9957 0.0105728 0.116226 0.993167 -0.0139645 0.0770424 0.99693 0.0167562 0.0722061 0.997249 -0.0161077 0.098917 0.994965 -0.021085 0.105051 0.994243 -0.00423976 0.114469 0.993418 -0.00876536 0.106126 0.994314 -0.00699004 0.108688 0.994051 0.0260353 0.145124 0.989071 0.0071093 0.087399 0.996148 0.00802604 0.104609 0.994481 0.00911895 0.105148 0.994415 0.0080567 0.125279 0.992089 -0.000856467 0.0944737 0.995527 -0.00487918 0.0946453 0.995499 -0.0300342 0.129056 0.991182 -0.0216573 0.0813707 0.996449 -0.0553156 0.0962071 0.993823 0.0246546 0.0964868 0.995029 -0.0109435 0.094231 0.99549 0.00504049 0.101992 0.994772 0.00444968 0.116 0.993239 -0.000431036 0.082777 0.996568 0.0196979 0.100734 0.994718 0.0277553 0.108544 0.993704 0.0274833 0.125419 0.991723 -0.00161893 0.0941165 0.99556 0.00756187 0.0842049 0.99642 -0.996038 -0.00804743 -0.0885586 -0.986034 -0.0133993 -0.166007 -0.00217417 0.0969144 0.99529 0.0104665 0.0903686 0.995853 -0.0256034 0.145609 0.989011 -0.984133 -0.0462333 0.171304 -0.0130627 0.078197 0.996852 -0.0182687 0.118985 0.992728 -0.0106869 0.0832808 0.996469 0.00516507 0.0586101 0.998268 -0.0162152 0.0868277 0.996091 -0.015432 0.0915246 0.995683 -0.0173192 0.0736336 0.997135 -0.00909839 0.0832223 0.996489 -0.0107598 0.101358 0.994792 0.0292635 0.102265 0.994327 -0.0233263 0.10641 0.994049 -0.0175907 0.0858838 0.99615 0.00733823 0.0788806 0.996857 0.0090162 0.0885206 0.996034 -0.698615 -0.350373 0.62384 -0.00142177 0.118925 0.992902 -0.0462106 0.146434 0.988141 -0.0610418 0.119949 0.990902 -0.0716733 0.163916 0.983867 -0.00761408 0.150986 0.988507 0.00725685 0.0850597 0.996349 -0.0544538 0.111397 0.992283 -0.00482217 0.234665 0.972064 -0.00707496 0.138977 0.99027 0.00646834 0.0907971 0.995848 0.0127772 0.202397 0.97922 0.00205982 0.113437 0.993543 0.0161636 0.107972 0.994023 0.00696199 0.153896 0.988063 -0.0137366 0.217782 0.975901 0.0205682 0.152771 0.988048 0.0190435 0.0960679 0.995193 0.00649604 0.132241 0.991196 0.0134644 0.202768 0.979134 0.0235026 0.112444 0.99338 0.0465383 0.143448 0.988563 -0.00846794 0.0872187 0.996153 0.0675189 0.0900698 0.993644 -0.222371 0.0724911 0.972264 -0.0641243 -0.189486 0.979787 0.140773 0.0349277 0.989426 0.163158 -0.236361 0.957869 -0.00125 0.283343 0.959018 -0.0338899 0.228508 0.972952 0.00428757 0.117644 0.993047 -0.0526951 0.0596989 0.996825 -0.0221988 0.171806 0.984881 0.00300618 0.153747 0.988106 0.0064643 0.20801 0.978105 -0.0119943 0.110632 0.993789 -0.999798 0.00576177 0.019251 0.0427307 0.0476765 0.997948 0.000541203 0.0666965 0.997773 -0.00158669 0.0558288 0.998439 0.00557032 0.077938 0.996943 0.00829249 0.05836 0.998261 -0.00805731 0.0296371 0.999528 0.00844524 0.0689729 0.997583 -0.0246782 0.0887602 0.995747 -0.0104134 0.0894538 0.995937 -0.036368 0.129588 0.990901 -0.0158225 0.0943939 0.995409 0.0109556 0.100273 0.9949 0.0361127 0.0657152 0.997185 -0.0241491 0.0749893 0.996892 0.00457947 0.0907239 0.995866 0.0112037 0.0311285 0.999453 0.00789699 0.0723441 0.997348 0.0126484 0.0814859 0.996594 -0.000740337 0.0824916 0.996592 -0.163034 -0.242662 0.956313 -0.0418095 -0.726056 0.686363 -0.22264 0.0724661 0.972204 0.196765 0.0892553 0.97638 -0.186307 0.111586 0.976134 0.17925 0.0949549 0.97921 -0.201769 0.119375 0.972131 -0.313885 0.109719 0.9431 0.260467 0.0381013 0.964731 0.281431 0.100365 0.954318 0.254617 0.114227 0.960272 -0.876729 0.0343101 0.47976 -0.909213 0.0469194 0.413679 -0.00265896 0.206903 0.978358 0.0271058 0.0672091 0.997371 0.00974211 0.222644 0.974851 0.00625284 0.241207 0.970454 0.205407 0.113267 0.9721 0.244603 0.0183472 0.96945 0.0342727 -0.00790934 0.999381 -0.320495 0.0940837 0.942566 -0.216601 0.036358 0.975583 -0.1815 -0.174643 0.967759 -0.24953 -0.0755181 0.965418 -0.183997 -0.00419934 0.982918 0.293607 0.109682 0.949613 0.00351577 -0.18821 0.982123 -0.00518935 0.245207 0.969457 -0.0178109 0.111422 0.993614 -0.533805 0.0962166 0.840116 -0.499193 0.0546443 0.864766 -0.00682055 0.0863193 0.996244 -0.00421993 0.171956 0.985096 0.141549 -0.122799 0.982285 0.029856 0.0113344 0.99949 0.00729844 -0.171279 0.985196 0.0202856 0.045863 0.998742 0.00108868 0.127605 0.991825 -0.00102193 0.153218 0.988192 -0.265616 0.126441 0.955752 -0.269082 0.0997087 0.957942 -0.297622 0.0991279 0.949523 0.00558272 0.240825 0.970553 0.00250244 0.0897814 0.995958 -0.171386 0.1123 0.978783 -0.166502 0.114007 0.979428 -0.11159 -0.154414 0.981684 -0.0395835 0.116155 0.992442 -0.0250731 0.00215496 0.999683 0.0789908 0.113787 0.99036 0.0918877 0.0516041 0.994431 0.123813 -0.0723968 0.989661 0.039471 -0.203109 0.97836 -0.0631418 -0.0247764 0.997697 -0.0929059 0.0763248 0.992745 -0.000292416 0.0860714 0.996289 0.0123077 0.201852 0.979339 0.0138094 0.229781 0.973144 0.101284 0.0614014 0.992961 0.00274853 -0.116137 0.993229 0.0138475 0.0467397 0.998811 -0.0873797 -0.211528 0.973458 -0.960602 0.0114162 0.277692 -0.955319 0.0245841 0.294554 0.0155797 0.0717177 0.997303 -0.00921799 0.0560483 0.998386 0.00611627 0.100422 0.994926 0.00783376 -0.0152488 0.999853 0.263686 0.108116 0.958531 0.140208 0.0960965 0.985448 -0.667964 0.0467572 0.742724 -0.463021 0.107932 0.879751 -0.0808384 0.110156 0.990621 -0.0932501 0.106663 0.989913 0.018339 0.0967169 0.995143 0.0788238 0.105838 0.991254 0.101333 0.103723 0.989431 -0.27969 0.0979405 0.955082 -0.09266 0.113181 0.989244 0.196358 0.09022 0.976373 -0.11233 0.0982094 0.988806 -0.180097 0.104782 0.978052 0.248106 0.0963402 0.96393 0.0794817 0.104335 0.991361 -0.0073902 0.115651 0.993262 -0.0754161 0.108773 0.991202 -0.215225 0.0905629 0.972356 0.141436 0.0868566 0.98613 -0.169854 0.0993115 0.980452 -0.687015 0.0852894 0.721621 -0.167665 0.0981831 0.980943 -0.248427 0.101428 0.963326 -0.0920595 0.104965 0.990206 0.0234169 0.0913677 0.995542 0.00813004 0.0991633 0.995038 0.228117 0.0929037 0.969191 -0.0774707 0.0979444 0.992172 0.00213303 0.105461 0.994421 -0.0162263 0.126307 0.991858 -0.272707 0.0973815 0.957156 0.00333957 0.114249 0.993447 -0.193464 0.115758 0.974254 0.196365 0.096875 0.975734 0.267427 0.0930862 0.959071 0.0183431 0.1163 0.993045 0.0809467 0.101566 0.99153 0.218075 0.123877 0.968038 -0.0700623 0.102768 0.992235 0.235125 0.105229 0.966252 -0.000476582 0.10127 0.994859 -0.172557 0.126105 0.976894 0.0642376 0.109359 0.991924 0.0678622 0.0964219 0.993024 -0.0933576 0.0862181 0.991893 -0.00559584 0.112113 0.99368 -0.0440783 0.0775716 0.996012 0.0319532 0.0918644 0.995259 -0.263903 0.116665 0.957468 -0.0753207 0.0923602 0.992873 -0.00451152 0.079149 0.996853 -0.0173342 0.11918 0.992721 0.0947641 0.0987812 0.990587 0.000858735 0.142915 0.989735 -0.15977 0.143859 0.976616 -0.0622005 -0.0742493 0.995298 -0.453855 -0.170024 0.874704 0.0373767 -0.183262 0.982353 0.0527835 -0.178136 0.982589 0.0427377 0.0753625 0.99624 0.0305309 0.124479 0.991752 0.0559526 -0.543605 0.837474 -0.229972 -0.513353 0.82679 -0.253206 0.0948264 0.962754 -0.150716 0.0963008 0.983876 -0.713387 0.0607274 0.698135 -0.500463 0.0614214 0.863577 0.0663751 -0.663625 0.745115 0.0438924 -0.911197 0.409625 0.0253522 0.11787 0.992705 -0.236804 -0.796227 0.556729 0.1092 0.00866465 0.993982 0.0207005 0.0941939 0.995339 0.0405062 -0.175168 0.983705 0.0877436 -0.262794 0.960854 0.0139012 -0.612772 0.790137 0.0618563 -0.725295 0.685654 0.0580099 -0.89672 0.438781 -0.590703 -0.738629 0.324803 -0.580489 0.114597 0.806164 -0.823483 -0.239889 0.51413 -0.867122 0.0658678 0.493721 -0.48763 0.0985853 0.867466 0.0356233 0.0964517 0.9947 0.0376838 0.099173 0.994356 0.29344 0.112404 0.949346 -0.00319647 0.097012 0.995278 0.0330515 -0.937203 0.347214 0.737608 0.00266716 0.675224 0.252441 -0.39217 0.884577 0.672511 -0.333949 0.66046 0.339553 0.012142 0.940508 -0.128899 -0.97073 0.202653 0.313717 -0.81653 0.484624 -0.0706766 0.0933421 0.993122 0.0283559 0.0897822 0.995558 -0.989364 -0.0532447 0.135368 0.00539963 0.0993629 0.995037 0.371212 0.0843037 0.924713 -0.0107358 0.0998995 0.99494 0.0505261 0.074904 0.99591 0.317079 0.0460888 0.947279 0.558925 0.0296703 0.828687 0.749342 -0.00413098 0.66217 0.756605 0.0382149 0.652754 -0.995165 0.0136018 0.0972672 -0.176478 0.106525 0.978523 -0.384428 0.0870361 0.919043 -0.865087 0.0695757 0.496773 0.787437 0.065755 0.612879 0.671223 0.0900668 0.735764 -0.979006 -0.00469079 0.20378 -0.892834 -0.445474 0.066328 0.94851 -0.12633 0.290464 0.751398 -0.611861 0.247034 0.0149091 0.0818539 0.996533 0.0692796 -0.964196 0.255981 0.0309436 -0.959656 0.279468 0.953664 0.00142713 0.300871 0.0103425 0.111724 0.993685 -0.195476 0.107191 0.974833 -0.996122 0.00125911 0.0879782 -0.542918 0.0914508 0.834791 0.0309543 0.109904 0.99346 -0.00141416 0.104149 0.994561 0.119949 0.0969198 0.988038 -0.800363 0.0638813 0.596103 0.0112717 0.109605 0.993911 0.00111083 0.111532 0.99376 0.0180331 -0.975173 0.220711 -0.536916 0.0808866 0.839749 0.0218211 0.100539 0.994694 0.403767 0.11155 0.908036 0.318665 0.0645342 0.945668 0.67698 0.0582303 0.733694 0.904979 0.0346025 0.424046 -0.0293814 0.0898282 0.995524 -0.316844 0.086033 0.944568 0.0177709 0.0940881 0.995405 0.00580664 0.0912989 0.995807 0.745224 0.0492301 0.664995 0.0116378 0.0941745 0.995488 0.968131 -0.00257764 0.250433 0.975511 0.0376652 0.2167 -0.765645 0.0526903 0.641102 -0.394179 0.0898975 0.914626 -0.731811 0.0818658 0.676573 -0.998064 -0.0106578 -0.0612741 -0.0503197 0.119234 0.99159 -0.541848 0.0813011 0.836535 -0.847792 0.0514728 0.527825 0.0122928 0.106929 0.994191 0.0328145 0.107067 0.99371 -0.40098 -0.905658 0.137835 0.627394 0.0920115 0.773247 0.772877 0.071978 0.630461 -0.989455 0.0143647 0.144126 0.948941 0.0263515 0.314351 0.961546 -0.251654 0.11 0.626256 -0.743941 0.233141 -0.909004 0.035875 0.41524 -0.345757 0.0970486 0.933292 -0.97813 0.0288176 0.20599 0.00577228 0.102673 0.994698 0.143102 0.104129 0.984215 0.044345 0.0963595 0.994358 -0.98741 0.0281335 0.15566 -0.949111 -0.311424 0.0469396 0.348127 0.124686 0.929118 0.596254 0.0880241 0.797956 0.0180006 0.0949643 0.995318 0.0055915 0.0896965 0.995953 0.767874 0.0598737 0.637797 0.281951 0.0998727 0.954217 -0.0109363 0.0935215 0.995557 0.935162 0.042929 0.35161 0.987321 -0.00319951 0.158706 0.99268 0.0121955 0.120157 0.998664 -0.0226363 0.0464571 -0.0193953 -0.957272 0.288538 0.00459358 -0.975124 0.221613 0.99852 -0.0159643 0.0519825 0.997885 -0.00168444 0.0649783 0.00498193 0.0874939 0.996153 -0.189502 0.099852 0.97679 0.0334064 0.0953006 0.994888 0.0292286 0.108234 0.993696 0.00981028 0.104156 0.994513 0.00775875 0.111463 0.993738 -0.595159 0.0848132 0.79912 -0.839626 0.0627294 0.539531 0.696783 0.0688858 0.713966 0.355542 0.0678297 0.932196 0.79632 0.0697946 0.600836 0.914872 0.0613291 0.399059 -0.598384 0.0877054 0.796394 -0.978063 0.0243661 0.206877 0.966705 0.0319819 0.253887 0.999011 0.0153193 0.0417534 -0.876873 0.0435742 0.478744 -3.87964e-05 0.0867554 0.99623 -0.00337769 0.0878471 0.996128 -0.00120476 0.0818226 0.996646 -0.339377 -0.847351 0.408436 0.216029 0.0935882 0.971891 0.105618 0.093822 0.989971 0.486867 0.0689191 0.870753 -0.99625 0.0081694 0.0861369 -0.999116 0.0195188 0.0372357 -0.999295 0.00713923 -0.0368491 0.00441066 0.0954932 0.99542 -0.999422 0.00398988 -0.0337572 0.175134 0.0937501 0.980071 0.599057 0.0770867 0.796987 0.12764 -0.907039 0.401232 -0.0091083 0.0925145 0.99567 0.991691 -0.00465447 0.128555 -0.13574 0.108932 0.984738 -0.448001 0.063565 0.891771 0.999957 -0.00179741 0.0091203 -0.999731 0.00878011 0.0214843 -0.997892 0.00671617 -0.0645518 -0.999705 -0.0124107 0.020899 0.996832 -0.00158022 0.0795248 -0.814565 -0.42567 0.394068 -0.846885 0.0381316 0.530408 0.193417 0.0880324 0.977159 0.0499436 0.0905352 0.99464 0.360408 0.102794 0.927114 -0.988133 0.0114264 0.153173 0.0233427 -0.906781 0.420956 0.69066 0.116384 0.713753 0.598324 0.118719 0.79241 0.972127 0.015822 0.233921 0.837773 0.054786 0.543263 0.753197 -0.542984 0.371299 -0.362021 0.0814099 0.928608 -0.0991995 0.0879379 0.991174 0.841431 0.0519308 0.537864 -0.687953 0.0675999 0.7226 -0.810252 0.00359256 0.586071 0.91746 0.0446237 0.395318 -0.983158 -0.0318956 0.179954 0.435236 0.09326 0.895473 0.0828537 0.0878682 0.99268 -0.00476624 0.0852134 0.996351 -0.999616 -0.0144762 -0.023642 -0.0118962 0.0773076 0.996936 -0.00772378 0.0933465 0.995604 -0.0199242 -0.815306 0.578687 0.198383 -0.736568 0.646615 0.893971 0.100355 0.436743 -0.0111133 0.0909834 0.99579 -0.0295613 0.0884933 0.995638 -0.165055 0.0795084 0.983074 0.968458 0.0299024 0.247375 -0.623556 0.0682144 0.778797 0.988289 0.0305642 0.149505 -0.921957 0.000988778 0.38729 -0.023014 0.0887147 0.995791 -0.00412567 0.0759506 0.997103 -0.015979 0.0968014 0.995175 -0.00810996 0.0890097 0.995998 0.997209 0.0316262 0.0676339 -0.193354 0.0891806 0.977068 -0.999615 0.0119723 0.0250319 -0.280291 0.0907844 0.955613 -0.298208 -0.666448 0.683315 0.530009 -0.214644 0.820377 0.000686178 0.0988752 0.9951 -0.221752 0.101924 0.969762 -0.37773 0.102248 0.920253 -0.122463 0.0868606 0.988665 0.0179534 -0.713781 0.700138 0.497723 0.0524689 0.865747 0.798187 0.0682541 0.598531 -0.55379 0.0759988 0.829181 -0.458585 0.226072 0.859414 -0.943345 0.0385492 0.329567 -0.996137 -0.0409863 0.0776563 -0.998013 -0.00972292 -0.0622469 0.941078 0.0716225 0.330518 0.989017 0.0391111 0.142536 0.997188 0.0105387 0.0741973 0.109738 -0.408529 0.906124 0.965544 -0.149263 0.213181 -0.0380679 0.109003 0.993312 0.00147386 -0.208272 0.97807 0.0274232 0.213856 0.97648 -0.014728 -0.221217 0.975114 -0.0424643 0.0975413 0.994325 -0.00339055 0.324041 0.946037 0.971017 0.037879 0.23599 -0.631848 0.0833528 0.770598 -0.72205 0.0788643 0.687331 0.992115 0.06702 0.105906 0.998932 0.0132248 0.0442685 0.999923 0.0113214 0.00515535 -0.00989728 -0.230028 0.973134 0.0327507 0.0960081 0.994842 -0.0196068 0.22437 0.974307 -0.900715 0.0320893 0.433225 -0.634393 0.0521308 0.771251 -0.999018 -0.00724519 -0.0437167 -0.996636 -0.0367028 -0.0732799 -0.85646 0.164576 0.489276 0.999903 0.012307 -0.0064623 -0.0376772 0.111646 0.993034 -0.258506 0.088311 0.961965 -0.937298 0.0349649 0.34677 -0.0168543 -0.57713 0.816478 0.15772 -0.168095 0.973072 0.233727 0.121774 0.964646 0.206346 -0.0413559 0.977605 0.19102 0.358771 0.913671 -0.0154282 -0.0141458 0.999781 -0.0230277 0.379849 0.924762 -0.0215255 0.0631165 0.997774 0.0130745 0.0445955 0.99892 -0.0106264 0.37939 0.925176 -0.955852 -0.0127916 0.293569 -0.0265287 -0.26208 0.964681 -0.022581 0.174321 0.98443 -0.00376508 0.0687726 0.997625 0.00340654 0.320808 0.947138 0.00853531 -0.292307 0.956286 -0.177244 0.286001 0.941694 -0.955886 0.0304096 0.292159 -0.20419 0.095769 0.974235 -0.0107639 0.0932539 0.995584 -0.993286 -0.0337953 -0.110636 -0.220618 -0.0505184 0.974051 -0.593802 0.254501 0.763301 0.0159337 -0.0456402 0.998831 0.996909 0.0374618 0.0690584 -0.997678 0.00871261 0.0675461 -0.0448379 0.251312 0.966867 -0.0374224 -0.135902 0.990015 -0.954261 0.0348089 0.296941 -0.98173 0.0264121 0.188437 -0.0984001 -0.127679 0.986922 0.986945 0.030371 0.15817 0.00451417 -0.0823204 0.996596 -0.115676 -0.0814994 0.989938 -0.223905 0.167443 0.960119 -0.226789 0.0600319 0.972092 -0.00833834 0.0119629 0.999894 0.769634 0.043046 0.637033 -0.0354164 0.0139788 0.999275 -0.0286432 -0.282623 0.958803 0.011377 -0.332538 0.943021 -0.118462 0.0274544 0.992579 -0.558243 0.057694 0.827669 0.0604463 0.188786 0.980156 -0.646386 -0.00428607 0.762999 -0.0558345 0.306233 0.950318 0.165162 0.146049 0.975393 -0.0607447 0.0999835 0.993133 -0.918374 0.145167 0.368124 -0.173032 0.174568 0.969322 -0.0106609 -0.0226431 0.999687 -0.00270026 0.105654 0.994399 -0.997787 0.00264837 0.0664425 -0.996261 0.00621722 0.0861742 -0.946057 0.017436 0.323532 -0.0816371 0.100873 0.991544 0.938028 0.0309056 0.345179 -0.476196 0.0865666 0.875068 -0.450055 0.0424308 0.891992 -0.686429 0.0755816 0.723259 -0.940409 0.0359174 0.338143 -0.894837 0.0364721 0.444901 0.997162 0.0292895 0.0693486 0.999852 0.0170401 -0.0023729 -0.999894 -0.0106931 0.00983492 0.0292034 0.102496 0.994305 0.00171437 0.0848963 0.996388 -0.0163229 0.0876765 0.996015 -0.999925 -0.0109521 0.00542795 -0.159673 0.0968933 0.982403 -0.46409 -0.0298374 0.885286 -0.242321 -0.264832 0.933351 -0.087215 0.111541 0.989925 -0.0606222 0.123029 0.99055 0.140678 0.0139789 0.989957 0.190336 0.0777361 0.978636 -0.68565 0.0869908 0.722715 -0.585644 0.0480788 0.809142 -0.0120973 -0.0650944 0.997806 -0.0380387 0.10879 0.993337 0.0722207 0.108858 0.99143 0.00620632 0.0979006 0.995177 -0.0978257 -0.0533662 0.993772 -0.0465291 0.100051 0.993894 -0.0257764 0.209404 0.97749 0.008914 0.0876731 0.996109 -0.886433 0.0487261 0.460284 -0.919937 -0.0238365 0.39134 -0.914161 0.0197624 0.404868 -0.0732026 0.102462 0.99204 -0.508471 0.105532 0.854588 -0.0748093 0.113632 0.990702 -0.0912478 0.0994967 0.990845 0.0481451 0.111589 0.992588 -0.913345 0.0361578 0.405579 -0.0243631 0.00641181 0.999683 -0.0607196 0.116913 0.991284 -0.942697 0.0312964 0.332178 -0.193607 0.0545417 0.979562 0.0148617 0.114017 0.993368 0.312234 0.108225 0.943821 -0.922772 0.0189001 0.384882 -0.992243 0.0266797 0.121418 -0.992178 0.0273019 0.121809 -0.00296205 -0.0722567 0.997382 -0.112823 0.0972213 0.988847 -0.0451125 0.117512 0.992046 0.0774032 0.103015 0.991664 0.855524 0.0518081 0.515165 0.74872 0.0644577 0.659746 -0.574387 0.0560135 0.816666 0.996458 0.0233529 0.0807841 -0.995924 0.0212548 0.0876513 -0.977518 0.0300079 0.208707 -0.999917 -0.012843 0.00127459 -0.997907 0.00428133 -0.0645219 -0.993017 -0.00711391 -0.11776 -0.991557 -0.0170657 -0.128547 -0.999553 -0.00419624 0.0296062 -0.993518 -0.0201345 -0.11188 0.998928 0.0186629 0.0423729 0.9748 0.0292997 0.221148 0.0218908 0.105986 0.994127 0.0316841 0.109224 0.993512 -0.113477 0.102151 0.988275 -0.397328 0.0684703 0.915119 -0.999687 -0.0190819 0.0161743 0.949804 0.035407 0.310837 -0.141189 0.0918982 0.985708 -0.638409 0.056639 0.76761 -0.890403 0.0550825 0.451828 0.0915182 0.086557 0.992034 0.0320657 0.0940245 0.995053 0.399882 0.0523112 0.915073 0.0584277 0.104515 0.992806 -0.067448 0.0897452 0.993678 0.0546233 0.0953451 0.993944 0.0228076 0.0913781 0.995555 0.0830303 0.0913175 0.992354 -0.0438669 0.0844631 0.995461 -0.0562264 0.0893796 0.994409 -0.047315 0.0854431 0.995219 0.994601 0.0142345 0.102795 0.0234748 0.103036 0.994401 -0.0770263 0.0992179 0.99208 -0.0761941 0.0943568 0.992618 -0.0620119 0.0837042 0.994559 -0.240662 0.104183 0.965001 0.0123493 0.102946 0.99461 -0.59302 0.086602 0.800517 0.364378 0.0997708 0.925891 -0.853411 0.0440226 0.519376 0.0682496 0.0961524 0.993024 -0.912699 0.0843391 0.399833 -0.999907 -0.00138357 0.0135439 -0.96547 0.0304402 0.258731 -0.564089 0.0772431 0.822093 0.450251 0.0794364 0.889362 0.761169 0.0613578 0.645645 0.891939 0.0620691 0.447876 0.0853037 0.0795134 0.993177 0.00771534 0.0822659 0.996581 -0.0849503 0.0742352 0.993616 -0.0815188 0.074564 0.993879 0.404603 0.0889546 0.910156 0.095202 0.0930228 0.991102 0.0910031 0.0927712 0.99152 0.0996705 0.076725 0.992058 0.571043 0.0699403 0.817935 0.792727 0.026043 0.60902 0.956788 0.023646 0.289824 0.113239 0.0882544 0.98964 0.0483227 0.094244 0.994376 0.049223 0.0887059 0.994841 -0.020918 0.0954593 0.995214 -0.0962549 0.09585 0.990731 -0.117763 0.116681 0.986163 -0.426202 0.0845192 0.900671 -0.534193 0.0805647 0.841515 -0.758065 0.0592863 0.649478 -0.899691 0.0359171 0.435047 -0.0351056 0.0933022 0.995019 -0.0331996 0.0952101 0.994903 -0.989685 0.0209478 0.14172 -0.997237 0.00576428 0.0740629 -0.998577 0.00330213 -0.0532274 -0.342619 0.0922883 0.934931 -0.107271 0.103182 0.988861 0.0560736 0.0966004 0.993742 -0.997745 -0.019717 -0.0641517 -0.992705 -0.0101356 0.120141 -0.990396 0.00726662 0.13807 0.992334 0.0402742 0.116842 0.992196 0.0394373 0.118288 0.756592 0.0473347 0.652171 -0.997707 0.000593407 -0.0676828 -0.999984 0.00458192 -0.00319121 -0.992812 -0.0273594 -0.11652 -0.995663 -0.0171599 -0.0914413 -0.997762 -0.0102844 -0.066073 -0.990649 -0.016727 -0.135409 -0.0812227 0.0885949 0.992751 -0.503151 0.0910975 0.859384 -0.11321 0.0784404 0.99047 -0.480923 0.07109 0.873876 0.0269534 0.0865755 0.995881 -0.888732 0.0530419 0.455348 -0.119465 0.0796209 0.989641 0.430574 0.105668 0.896348 0.618416 0.0590022 0.783633 0.082693 0.103828 0.991152 0.0436497 0.0850138 0.995423 0.107 0.11038 0.988113 -0.0319741 0.111773 0.993219 0.97036 -0.00109361 0.241661 -0.058335 0.119177 0.991158 0.491862 0.0837593 0.866635 0.807439 0.0528115 0.587583 0.377966 0.0715904 0.923047 0.941082 0.00956662 0.338044 0.980501 0.001489 0.19651 0.0764921 0.0781356 0.994004 0.0306332 0.0966592 0.994846 -0.0114377 0.0866002 0.996177 -0.0846906 0.0938848 0.991974 0.39657 0.0943537 0.913143 -0.997923 -0.00324605 0.0643433 -0.0811098 0.103847 0.99128 -0.351196 0.0739842 0.933375 -0.052125 0.0695598 0.996215 -0.842713 0.0559483 0.535448 -0.986326 0.00181973 0.164793 -0.528366 0.0841149 0.84484 -0.852123 0.0568323 0.520247 -0.921841 0.0391532 0.385587 -0.0961988 0.098462 0.99048 0.908925 0.0575719 0.412966 -0.830491 0.0517446 0.554623 0.751329 0.0642318 0.656795 0.0556032 0.117315 0.991537 -0.0533233 0.102287 0.993325 -0.0669082 0.112625 0.991382 0.0740939 0.0999246 0.992232 0.122156 0.107603 0.986661 0.221965 0.0931003 0.9706 0.594752 0.0877422 0.799107 -0.969319 0.0255691 0.244473 -0.143244 0.124524 0.981822 -0.0565489 0.0979735 0.993581 0.748404 0.0400411 0.662034 -0.996403 0.00325101 -0.0846828 -0.415301 0.092439 0.904975 -0.298095 0.0604634 0.952619 -0.0780296 0.0857857 0.993253 -0.0562179 0.102429 0.99315 0.0377616 0.0981674 0.994453 0.0620805 0.0972738 0.99332 -0.932002 0.0525889 0.358616 -0.999446 -0.00856966 -0.0321708 -0.999981 0.00198934 -0.00590455 -0.993846 -0.0257697 -0.107732 -0.738667 0.0099591 0.673997 0.0121394 0.102497 0.994659 0.0383218 0.0983884 0.99441 0.961907 0.0261335 0.272125 -0.093964 0.0924452 0.991274 -0.0877713 0.0890263 0.992155 -0.995398 -0.0183378 -0.0940572 -0.992892 -0.00679415 -0.118826 -0.99857 -0.0281567 0.0454545 -0.765199 0.0274063 0.64321 -0.971918 0.0319452 0.233142 -0.505096 0.0657858 0.860552 -0.447789 0.103806 0.888093 0.764161 0.0778362 0.640313 -0.545849 0.0835517 0.833708 0.981241 0.0250175 0.191156 -0.95444 0.00992301 0.298239 0.871292 0.0649584 0.486448 -0.0825196 0.103269 0.991225 0.445449 0.103731 0.889278 0.819233 0.105404 0.563691 0.0282403 0.0867399 0.995831 0.108172 0.0901139 0.99004 0.918454 0.0173457 0.395148 0.914432 0.0570116 0.400703 0.973855 0.015016 0.226674 0.0673603 0.0988137 0.992823 0.0911667 0.102389 0.990558 -0.0703017 0.103198 0.992173 0.394092 0.0955773 0.914088 0.355867 0.0933405 0.929864 0.23657 0.0777635 0.968498 0.0239472 0.0869587 0.995924 -0.100046 0.0957521 0.990365 -0.388055 0.0911838 0.917114 -0.719988 0.0339127 0.693158 -0.985039 0.0137729 0.171779 -0.997432 0.00376224 0.0715282 -0.997981 -0.0152363 -0.0616543 -0.997388 -0.00084721 -0.0722209 -0.995132 -0.0273984 -0.094662 0.433824 0.0811204 0.897338 0.653213 0.0884712 0.751988 -0.795202 0.0584019 0.603526 -0.723057 0.0318222 0.690055 0.0637841 0.110042 0.991878 -0.028131 0.113 0.993197 -0.0076935 0.107559 0.994169 0.162311 0.10118 0.981538 0.0338788 0.0992036 0.99449 0.042656 0.0990933 0.994163 0.518007 0.104251 0.849 0.656972 0.0680467 0.750838 0.930025 0.0405068 0.365257 -0.0927216 0.0927417 0.991364 -0.00256288 0.0974528 0.995237 -0.0274813 0.0992395 0.994684 -0.082723 0.0958545 0.991952 0.0488844 0.107229 0.993032 -0.069723 0.0845534 0.993977 0.0773251 0.101652 0.99181 0.417127 0.0553421 0.907162 0.814513 0.0463332 0.578293 -0.079098 0.0960247 0.992231 -0.110403 0.10379 0.988453 -0.357446 0.114465 0.926893 -0.437642 0.0908114 0.894552 -0.684668 0.0605487 0.726336 -0.777201 0.0432349 0.627766 -0.957725 -0.00687911 0.287603 -0.966373 -0.0050481 0.257093 -0.999518 -0.00557726 0.030546 -0.993364 -0.0144598 -0.114099 -0.993221 -0.0098241 0.115828 -0.958523 0.023101 0.284078 -0.971662 0.0203902 0.235493 -0.946405 0.0233366 0.322138 0.999939 -0.00220495 0.0107922 0.99753 -0.017599 -0.0680037 -0.99892 -0.00570716 -0.0461203 -0.999816 -0.00586651 -0.0182624 0.693233 0.0457145 0.719262 0.090116 0.0851582 0.992284 0.39928 0.0929637 0.912104 0.349835 0.0879826 0.932671 -0.821245 0.0500779 0.568375 -0.687674 0.0735376 0.722286 -0.345186 0.074142 0.935601 -0.0919046 0.0895549 0.991733 0.877921 0.0440151 0.476778 0.902583 0.0840365 0.422234 0.153456 0.0826219 0.984695 0.106414 0.0928505 0.989977 0.457519 0.0697819 0.886457 0.0302058 0.105703 0.993939 0.891993 0.0863621 0.443723 -0.00941482 0.0992433 0.995019 -0.0450234 0.106866 0.993254 -0.0382237 0.0916746 0.995055 0.000929034 0.0860834 0.996288 -0.0435372 0.0946909 0.994554 -0.0579892 0.0889065 0.99435 -0.271519 0.0763258 0.959402 -0.607972 0.0609525 0.791616 -0.677479 0.0753097 0.731677 -0.744193 0.103317 0.659926 -0.946347 0.0273775 0.321991 -0.966361 -0.0160998 0.256686 0.0668598 0.0837355 0.994242 0.972167 0.0153315 0.233785 0.993791 0.0104268 0.110774 0.985823 0.0450376 0.161631 -0.995696 0.0027451 0.0926361 -0.999389 -0.0153465 -0.0314182 -0.987621 -0.0184553 -0.155767 0.0568111 0.0919885 0.994138 -0.809336 0.0394116 0.586022 -0.605565 0.0668734 0.792981 -0.998611 -0.0207815 0.0484118 -0.403819 0.0767451 0.911614 0.719659 0.100866 0.686962 -0.995674 -0.0118838 -0.0921569 0.508128 0.0883044 0.856743 0.0514647 0.0879547 0.994794 -0.111624 0.0956948 0.989132 -0.133798 0.0829251 0.987533 -0.421739 0.0728482 0.903786 0.617648 0.086734 0.781657 0.844651 0.0433837 0.533556 0.868148 0.0578941 0.492918 -0.00197295 0.0818706 0.996641 -0.00682874 0.0876444 0.996128 0.0118532 0.0866814 0.996166 -0.0189893 0.100508 0.994755 0.0235762 0.0881785 0.995826 0.0166676 0.0836642 0.996355 -0.00974655 0.0839975 0.996418 -0.0477556 0.102044 0.993633 -0.136984 0.073165 0.987868 -0.207947 0.100287 0.972985 -0.0458237 0.0964293 0.994284 -0.0217337 0.107185 0.994002 -0.0260487 0.0865606 0.995906 0.271184 0.0781751 0.959348 -0.188349 0.0874929 0.978197 -0.873958 0.011743 0.485859 -0.947633 0.0208947 0.318676 -0.996594 -0.00713965 0.0821565 -0.997237 -0.00296222 -0.0742265 -0.993956 -0.0202353 -0.107902 0.99912 -0.00427939 -0.0417167 0.0313968 0.10414 0.994067 0.0741787 0.0995122 0.992268 0.980624 -0.0284691 0.193821 0.999903 -0.013925 -0.00104447 -0.995702 -0.0129289 -0.0917071 -0.999947 -0.00120889 -0.0101913 -0.982885 0.00670161 0.184098 -0.977057 0.0315412 0.210629 -0.95086 0.0171422 0.309145 -0.873024 0.0421754 0.485851 -0.585332 0.0663165 0.808077 -0.444344 0.0636581 0.893592 -0.332259 0.0791497 0.939861 -0.0489583 0.076139 0.995895 0.510574 0.0737994 0.856661 0.219193 0.107498 0.969742 0.0464804 0.0811557 0.995617 0.0104604 0.0958046 0.995345 0.100432 0.102703 0.989629 -0.0459867 0.0864542 0.995194 -0.04373 0.0762878 0.996126 0.878219 0.0604815 0.474419 0.994318 0.0276397 0.102798 -0.0865343 0.0877809 0.992374 -0.0203536 0.109312 0.993799 -0.0425092 0.0908006 0.994961 0.00666192 0.0963244 0.995328 -0.992138 -0.040334 -0.118471 -0.991666 -0.0221952 -0.126912 0.998637 0.00462604 -0.0519955 -0.437906 0.0713948 0.896182 -0.585912 0.0787778 0.806536 -0.98781 -0.0128678 -0.155135 -0.898489 0.0468059 0.436495 -0.457914 0.125802 0.88005 -0.966471 0.0114178 0.256521 -0.815303 0.068305 0.574992 -0.077648 0.0975247 0.992199 0.00252223 0.0846462 0.996408 -0.113818 0.0860725 0.989766 0.0395422 0.0993916 0.994262 0.00299886 0.0876944 0.996143 -0.0393428 0.0937724 0.994816 -0.109257 0.0966627 0.989302 -0.129197 0.0850493 0.987965 -0.508175 0.0893925 0.856602 -0.866382 0.0623661 0.495473 -0.913312 0.0117767 0.407091 -0.979623 0.0216166 0.199678 0.990079 0.0221002 0.138763 0.986281 0.0259754 0.163018 -0.993927 -0.0129839 -0.109274 -0.997066 -0.0181403 0.0743714 -0.978595 0.0194021 0.204878 -0.981249 0.0215646 0.191535 -0.918702 0.0129727 0.394738 -0.759486 0.0482253 0.648734 -0.999671 -0.0033165 -0.0254457 -0.990349 0.00902313 0.138303 0.999605 0.0227096 -0.016572 -0.884096 0.0613053 0.463266 -0.822594 0.0670749 0.56466 -0.816992 0.0286753 0.575936 -0.578073 0.0668944 0.813238 -0.13124 0.0923282 0.987042 -0.430417 0.0789604 0.89917 -0.12877 0.0908649 0.987503 -0.436113 0.0780855 0.896498 -0.462299 0.0554485 0.884989 -0.997691 0.0112923 0.0669648 -0.999206 0.00244285 0.0397708 -0.999889 -0.00793318 -0.0125987 -0.995601 -0.0128596 -0.0928032 -0.996116 -0.0106309 -0.0874032 -0.992748 -0.00948694 -0.119841 -0.992851 -0.0149773 -0.118417 -0.876832 0.0229802 0.480247 -0.554994 0.0759391 0.828381 -0.498262 0.0671896 0.864419 -0.180756 0.105914 0.977809 0.167818 0.111551 0.979486 0.16672 0.12442 0.978123 -0.13779 0.0986446 0.985537 0.247 0.102531 0.963576 0.0411564 0.0970957 0.994424 0.0358676 0.0866617 0.995592 -0.0083726 0.0925672 0.995671 -0.00420125 0.0878869 0.996122 -0.0375788 0.0883475 0.995381 -0.0318115 0.0901933 0.995416 -0.0874308 0.0847735 0.992557 -0.873217 0.0387853 0.485785 -0.39804 0.0883784 0.913101 -0.812572 0.031877 0.581988 -0.853685 0.0447721 0.518861 -0.996414 0.0144024 0.0833761 -0.999907 -0.00730492 0.0114881 -0.996663 -0.00720526 -0.0813122 -0.993747 -0.0242556 -0.108986 -0.9653 0.0360831 0.258637 -0.958897 0.0202292 0.283032 -0.999188 0.00718844 -0.0396547 -0.998592 0.000875002 0.0530379 0.0514331 0.0882769 0.994767 -0.0125383 0.085456 0.996263 0.99981 0.0169462 -0.00963332 0.998124 0.0052222 -0.0609993 -0.163613 0.134909 0.977257 -0.253744 0.114396 0.960483 -0.964648 0.0178092 0.262938 -0.945369 0.0291537 0.324697 -0.998407 0.0272166 0.0494254 -0.705295 0.0769064 0.70473 -0.675082 0.0336066 0.736977 -0.486804 0.0728684 0.870467 -0.613015 0.0530635 0.788288 -0.547727 0.0753706 0.833256 -0.311203 0.0715519 0.947646 -0.152879 0.0788584 0.985094 -0.069129 0.0901211 0.993529 0.172761 0.134339 0.97576 0.273482 0.110428 0.955517 0.124838 0.144081 0.98166 -0.806427 0.0798836 0.585914 -0.995589 -0.0219605 -0.0912154 0.293923 0.112338 0.949205 -0.145308 0.137703 0.979757 -0.982801 -0.00385167 0.184629 -0.995561 -0.00472844 0.0940016 0.240822 0.11485 0.96375 -0.670034 0.0962161 0.736069 -0.0428802 0.189497 0.980945 -0.200468 0.134534 0.970419 0.152687 0.113309 0.981757 0.153466 0.139134 0.97831 0.216193 0.11465 0.969596 -0.195407 0.109393 0.974602 -0.203671 0.0769119 0.976014 -0.242601 0.104024 0.964533 0.0927264 0.111556 0.989423 0.0826791 0.10607 0.990915 -0.185226 0.0602459 0.980848 -0.239789 0.0773933 0.967735 0.016043 0.094763 0.995371 0.0232474 0.0749493 0.996916 -0.0995295 0.0731179 0.992345 -0.98807 -0.0407764 -0.14851 -0.101827 0.111461 0.988538 -0.96997 0.0268263 0.241741 0.996183 0.00485292 -0.0871576 0.998744 0.00729491 -0.049571 -0.99766 -0.0070103 -0.0680141 -0.996619 -0.00240726 -0.082129 -0.992795 -0.0204116 -0.118076 -0.992749 0.0100689 0.119782 -0.967788 0.0378829 0.248902 -0.00656989 0.0969262 0.99527 -0.22375 0.105854 0.968881 -0.909835 0.0445852 0.412569 -0.695376 0.071238 0.715106 -0.999834 -0.0177368 0.0041183 0.00191245 0.106711 0.994288 0.0547289 0.103704 0.993101 -0.00793487 0.10076 0.994879 -0.996962 0.00264159 -0.0778472 0.0325266 0.109784 0.993423 -0.199818 0.114646 0.973103 -0.192046 0.132185 0.972443 -0.0835332 0.103175 0.991149 0.1076 0.104201 0.988719 0.131944 0.0990313 0.986298 0.233601 0.101663 0.967003 -0.238957 0.106078 0.965219 0.0299505 0.0974087 0.994794 0.0315292 0.112201 0.993185 -0.998079 -0.00848826 -0.0613668 -0.999662 -0.0259737 0.00147073 -0.998316 0.00985064 0.0571709 -0.928347 0.0386205 0.369704 -0.681175 0.0805724 0.727674 -0.32471 0.106765 0.939769 -0.202604 0.106331 0.973471 0.0088757 0.113769 0.993468 -0.99922 -0.00654705 -0.0389545 -0.996307 -0.00678654 -0.0855971 -0.9997 -0.0128093 -0.020896 0.167312 0.0979686 0.981024 -0.120824 0.114062 0.986099 -0.122234 0.0869523 0.988685 0.203085 0.104614 0.973557 -0.990148 0.0218707 0.138308 -0.210683 0.102561 0.97216 0.128311 0.107836 0.985854 -0.00570031 0.0987021 0.995101 0.189064 0.111162 0.975653 -0.121862 0.103834 0.987101 -0.154116 0.111584 0.981732 -0.237426 0.109544 0.965209 0.994454 -0.000241369 -0.105176 -0.994854 -0.0343045 -0.0953402 -0.0883037 0.101921 0.990866 -0.232787 0.101633 0.967203 -0.998956 -0.0126448 -0.0438976 0.00373377 0.0865568 0.99624 0.039842 0.0978819 0.9944 0.110297 0.100869 0.988767 0.0461771 0.112622 0.992564 0.0272799 0.0941851 0.995181 0.0543949 0.0954676 0.993945 -0.00983171 0.123161 0.992338 0.182798 0.102691 0.977773 -0.166259 0.103237 0.980663 0.237111 0.0998949 0.966333 0.189228 0.0981651 0.977014 -0.101953 0.094907 0.990252 -0.118672 0.100842 0.9878 0.17422 0.102245 0.979384 0.193539 0.0930862 0.976667 -0.972751 -0.0113819 0.231575 -0.929711 0.00425721 0.368266 -0.900352 0.0411786 0.433209 -0.710653 0.0565206 0.701269 -0.0570649 0.093359 0.993996 -0.0440098 0.0817218 0.995683 0.0108956 0.113605 0.993466 0.196451 0.122443 0.972839 0.13276 0.127928 0.982858 -0.999665 -0.0123929 -0.0227154 -0.980354 0.0295143 0.195024 -0.99991 -0.0106327 0.00822002 -0.599649 0.0548032 0.798384 -0.567214 0.0602291 0.821365 -0.155623 0.0959496 0.983146 -0.2563 0.0847161 0.962878 0.00578356 0.0907512 0.995857 0.0271203 0.109106 0.99366 -0.210126 0.0999296 0.972554 -0.107602 0.100924 0.989058 -0.0109086 0.1259 0.991983 0.00308604 0.112744 0.993619 -0.0177765 0.0998519 0.994844 0.00139958 0.0701906 0.997533 0.174117 0.099985 0.979636 0.136481 0.125677 0.982638 -0.140973 0.109043 0.98399 -0.0101002 0.105345 0.994384 -0.996786 -0.0215421 -0.0771577 -0.997168 -0.0119964 -0.0742482 -0.0864357 0.110047 0.990161 -0.0422285 0.0910496 0.994951 -0.0238978 0.1066 0.994015 0.0135048 0.123935 0.992198 0.170435 0.128875 0.976905 -0.996819 -0.0311632 -0.0733544 -0.977681 0.0264425 0.208425 -0.774656 0.0778957 0.627568 -0.755824 0.0517219 0.652729 -0.999457 -0.0219626 -0.0245756 -0.016433 0.0845149 0.996287 -0.1746 0.0649083 0.982498 0.00129877 0.135334 0.990799 0.0356843 0.10239 0.994104 0.0174549 0.0841299 0.996302 -0.185637 0.080147 0.979344 -0.00500385 0.0905767 0.995877 -0.115081 0.0814952 0.990008 0.0212827 0.0976107 0.994997 0.153042 0.0798112 0.984992 0.154648 0.0965477 0.983241 -0.199698 0.101281 0.974609 -0.115656 0.107072 0.987502 0.0178577 0.113319 0.993398 -0.395846 0.108442 0.911892 -0.0742929 0.139444 0.987439 -0.999948 0.00443555 0.00915375 0.0015042 0.115748 0.993277 0.188592 0.080459 0.978754 0.184629 0.0813858 0.979433 -0.963052 0.0207812 0.268514 -0.906721 0.02752 0.420832 -0.108472 0.0783928 0.991004 -0.192956 0.0751288 0.978327 0.0173877 0.113286 0.99341 -0.0774452 0.0803657 0.993752 0.0510312 0.112428 0.992349 0.0075476 0.0907162 0.995848 -0.0132519 0.104834 0.994401 -0.113049 0.13017 0.985026 -0.995656 -0.0032577 0.0930504 0.0376439 0.0928267 0.99497 0.115931 0.119337 0.986062 -0.176557 0.110341 0.978086 -0.221551 0.094759 0.970534 -0.23013 0.0970371 0.96831 -0.0546165 0.0753857 0.995658 0.0384496 0.0737531 0.996535 0.0365667 0.0796569 0.996151 -0.990404 0.00766494 0.137989 -0.970318 0.0133701 0.241463 0.219021 0.0783154 0.972572 0.219432 0.0834746 0.97205 -0.813938 0.0430579 0.579354 -0.651917 0.0158739 0.758124 -0.0141077 0.0961967 0.995262 -0.620492 0.0552469 0.782264 0.204817 0.095606 0.97412 0.0508863 0.0914887 0.994505 -0.247666 0.112807 0.962256 -0.0637792 0.116115 0.991186 0.0237475 0.0769398 0.996753 0.0278617 0.0770509 0.996638 0.0443568 0.0790517 0.995883 -0.157195 0.0547911 0.986047 0.00661501 0.0981404 0.995151 -0.0035583 0.10266 0.99471 -0.996704 0.00739204 0.0807896 -0.854098 0.0418408 0.518426 -0.802519 0.0543782 0.594143 0.157332 0.0808623 0.98423 -0.453619 0.07905 0.887683 -0.0990923 0.0894878 0.991046 0.0316098 0.0906237 0.995383 0.0915956 0.0898601 0.991734 -0.170787 0.0807318 0.981995 0.192064 0.102848 0.975978 -0.0955711 0.108199 0.989525 -0.160205 0.09714 0.982292 -0.999655 -0.00976629 0.0243777 0.0417787 0.113366 0.992675 -0.0442756 0.0863229 0.995283 -0.0508069 0.11565 0.99199 -0.0241167 0.110737 0.993557 0.0142577 0.106975 0.99416 0.167908 0.0923206 0.98147 0.168436 0.111196 0.979421 -0.938352 0.00439287 0.345654 0.013044 0.100556 0.994846 -0.87952 0.037985 0.474343 -0.848886 0.0435869 0.526776 -0.129884 0.100272 0.986446 -0.522265 0.075564 0.849429 -0.117782 0.0977624 0.988216 0.0374524 0.104529 0.993816 0.00439659 0.105181 0.994443 -0.208382 0.0849834 0.974348 -0.144013 0.088753 0.985588 0.0654623 0.0984594 0.992986 0.0599417 0.090099 0.994127 0.230136 0.086031 0.969348 -0.95493 0.0196328 0.296181 -0.554332 0.0900719 0.827407 -0.166555 0.0970358 0.981246 -0.0390131 0.0911353 0.995074 0.0474126 0.110291 0.992768 -0.000162793 0.100883 0.994898 -0.15999 0.0747022 0.984288 0.196264 0.094485 0.975988 0.0672633 0.0827557 0.994297 -0.198389 0.0925188 0.975747 -0.087133 0.094885 0.991668 -0.00937149 0.0923191 0.995685 -0.0543016 0.0798555 0.995326 0.0120669 0.0877597 0.996069 0.181019 0.0986568 0.978519 0.154263 0.0816144 0.984653 -0.0326885 0.117513 0.992533 -0.908005 0.0272149 0.418075 -0.932837 0.0500315 0.356809 -0.0573917 0.0838805 0.994822 -0.660688 0.0674248 0.747627 -0.646694 0.0310547 0.762117 0.0506214 0.0886903 0.994772 -0.48377 0.0767371 0.871825 -0.24166 0.0883982 0.966326 -0.0591553 0.0723574 0.995623 0.025568 0.0757042 0.996802 -0.0813565 0.0767457 0.993726 -0.0171469 0.0720227 0.997256 0.0879358 0.0717821 0.993536 0.0389421 0.0953116 0.994685 -0.102206 0.0832474 0.991274 0.145115 0.0811258 0.986083 -0.00781525 0.0961901 0.995332 -0.166996 0.0827966 0.982475 -0.0521644 0.0864116 0.994893 -0.159161 0.0837048 0.983698 -0.671029 0.0714664 0.737979 -0.211997 0.0767121 0.974255 -0.17248 0.0600909 0.983178 0.00775881 0.0814576 0.996647 0.0127511 0.0860685 0.996208 0.0354625 0.0932885 0.995007 0.121465 0.0948333 0.988055 0.0461597 0.1098 0.992881 -0.00353446 0.079515 0.996827 -0.493875 0.0532995 0.867898 -0.212977 0.0933255 0.97259 0.0436971 0.083673 0.995535 -0.701322 0.0561256 0.710632 -0.0496661 0.0891369 0.99478 0.10059 0.0872383 0.991096 0.0478366 0.0974826 0.994087 0.0211158 0.0745348 0.996995 0.0292312 0.0924924 0.995284 0.0291694 0.0927635 0.995261 0.0344702 0.0980112 0.994588 -0.0421082 0.0223135 0.998864 -0.17094 0.0758459 0.982358 -0.0495878 0.080551 0.995516 0.00371821 0.166051 0.98611 0.0215947 0.0353182 0.999143 -0.0584055 0.0899459 0.994233 0.00432281 0.100711 0.994906 0.210413 0.292832 0.932725 0.0562667 0.23617 0.970081 0.112013 0.150668 0.982218 -0.122497 0.233058 0.964717 -0.0391154 0.286797 0.957193 -0.0900887 0.330571 0.939472 -0.0355718 0.1468 0.988526 -0.0347217 0.218588 0.975199 0.0781042 0.188123 0.979035 0.00879638 0.214575 0.976668 0.0199164 0.140251 0.989916 -0.0696575 0.220776 0.972834 -0.116913 0.227484 0.966738 -0.0329807 0.125928 0.991491 -0.00635887 0.157003 0.987578 0.102014 0.0562876 0.993189 0.00403671 0.0867828 0.996219 0.124309 0.0201976 0.992038 0.0179973 0.254965 0.966783 0.0267871 0.171416 0.984835 -0.0813253 0.0954035 0.992111 0.0636835 0.0586655 0.996244 0.0180542 0.0954167 0.995274 0.0617864 0.0288572 0.997672 0.0326751 -0.0245064 0.999166 -0.142915 0.051514 0.988394 -0.0524869 0.149123 0.987425 -0.0966514 0.0860643 0.99159 -0.025139 0.126538 0.991643 0.141625 0.00195521 0.989918 0.00908139 0.0783383 0.996885 -0.117178 0.0965772 0.988404 -0.0106435 0.116598 0.993122 -0.0347553 0.103064 0.994067 0.0253212 0.103046 0.994354 0.00977583 0.171434 0.985147 -0.0451951 0.169557 0.984484 -0.0336635 0.141237 0.989403 -0.0602689 0.153348 0.986333 0.0922989 0.0310044 0.995249 -0.0387977 0.102082 0.994019 -0.00695148 0.0872858 0.996159 -0.000987772 0.107735 0.994179 0.00477704 0.110905 0.99382 0.016976 0.112573 0.993498 -0.0377886 0.104608 0.993795 -0.0348568 0.149386 0.988164 0.0242236 0.114044 0.99318 -0.00728798 0.082214 0.996588 -0.0175851 0.120041 0.992613 -0.011848 0.144767 0.989395 -0.00922063 0.113186 0.993531 0.0674752 0.172266 0.982737 0.0761227 0.21911 0.972726 0.14863 0.139131 0.979057 -0.0283205 0.123306 0.991965 -0.151341 0.135696 0.979123 -0.00381725 0.110268 0.993895 -0.0855899 0.155046 0.984193 0.0271174 0.145873 0.988932 -0.0249335 0.101917 0.99448 -0.0743001 0.13965 0.987409 0.0950773 0.144871 0.984872 0.00207248 0.127766 0.991802 -0.031716 0.108447 0.993596 -0.0167402 0.0607993 0.99801 0.141621 0.172389 0.974795 -0.0128206 0.0945477 0.995438 -0.0308583 0.0918567 0.995294 -0.0146815 0.0576102 0.998231 -0.0156273 0.0402967 0.999066 -0.105617 0.0323239 0.993881 -0.00780025 0.143077 0.989681 -0.113263 0.0542295 0.992084 -0.0745415 0.0508596 0.99592 -0.00798041 0.0571579 0.998333 -0.0185438 0.121185 0.992457 -0.000769476 0.114573 0.993415 -0.0190559 0.0964306 0.995157 -0.0171529 0.103195 0.994513 -0.0171503 0.112244 0.993533 -0.021603 0.102661 0.994482 -0.00247316 0.0922629 0.995732 -0.004197 0.109836 0.993941 -0.0317237 0.136232 0.990169 0.0415079 0.127901 0.990918 0.0863066 0.182417 0.979426 0.0375276 0.217768 0.975279 0.0691903 0.11387 0.991083 0.0599824 0.186751 0.980574 -0.0596455 0.0423237 0.997322 -0.0061706 0.122383 0.992464 -0.147262 0.0710163 0.986545 0.0180644 0.104988 0.994309 -0.00483318 0.122858 0.992413 -0.00612254 0.115467 0.993292 -0.040118 0.113815 0.992692 -0.194865 0.109065 0.974747 -0.0440353 0.245191 0.968474 -0.00890558 0.127621 0.991783 -0.0248096 0.153701 0.987806 -0.0104157 0.0604715 0.998116 0.000477962 0.1884 0.982092 -0.0773455 0.134414 0.987902 -0.0363771 0.0833988 0.995852 -0.0497615 0.113313 0.992312 -0.0463846 0.0914818 0.994726 -0.00344174 0.142454 0.989796 0.0236153 0.175171 0.984255 0.021852 0.128805 0.991429 0.00764637 0.159996 0.987088 0.0516625 0.188945 0.980628 -0.0775432 0.298436 0.951274 0.00266886 0.105039 0.994465 0.0385446 0.189993 0.981029 -0.12651 0.0727256 0.989296 -0.172083 0.108249 0.979117 -0.116156 -0.0537142 0.991777 0.00999039 0.0945708 0.995468 -5.34792e-05 0.101672 0.994818 0.0966507 0.140277 0.985384 0.0348391 0.0884329 0.995473 -0.0133367 0.132563 0.991085 -0.00303012 0.0737832 0.99727 -0.0513372 -0.0619943 0.996755 -0.146617 -0.0115835 0.989126 0.00215598 0.199796 0.979835 0.000649238 0.115533 0.993303 0.00346616 0.094914 0.995479 0.0495955 0.106787 0.993044 0.00605201 0.100844 0.994884 -0.00412719 0.108732 0.994063 0.00435768 0.126907 0.991905 0.0539177 0.267832 0.961956 -0.0399812 0.181094 0.982653 -0.075792 0.204562 0.975915 -0.190054 0.0772242 0.978732 0.062266 0.156697 0.985682 0.0677829 0.177672 0.981753 0.143971 0.149264 0.97826 -0.193588 0.0851536 0.97738 -0.039585 0.120515 0.991922 -0.0659911 0.114506 0.991228 0.013535 0.11733 0.993001 0.0149333 0.113391 0.993438 0.00241939 0.125615 0.992076 -0.017398 0.112579 0.99349 -0.0106087 0.108523 0.994037 -0.0384143 0.121841 0.991806 0.00870423 0.0937523 0.995558 -0.0325703 0.122942 0.991879 0.0260974 0.135747 0.9904 -0.0274717 0.0782408 0.996556 -0.0209306 0.13621 0.990459 -0.00120518 0.122415 0.992478 0.0255859 0.11581 0.992942 -0.00321696 0.164402 0.986388 -0.00359715 0.0996823 0.995013 -0.0312887 0.110953 0.993333 -0.016636 0.133651 0.990889 -0.0208243 0.0625155 0.997827 -0.0251371 0.114623 0.993091 -0.0121267 0.113936 0.993414 0.0174882 0.126387 0.991827 -0.0432973 0.129959 0.990574 -0.0106237 0.127573 0.991772 0.0031558 0.059218 0.99824 -0.0124869 0.132921 0.991048 -0.0232276 0.114388 0.993165 -0.0212534 0.122451 0.992247 -0.243464 0.0594389 0.968087 -0.0134074 0.103656 0.994523 -0.0170667 0.0815934 0.99652 0.00487614 0.0886401 0.996052 -0.0287303 0.0701306 0.997124 -0.0422355 0.191804 0.980524 -0.00170054 0.147977 0.988989 -0.0415249 0.127025 0.99103 -0.00760369 0.0761821 0.997065 -0.0557997 0.148816 0.987289 -0.0542748 0.128797 0.990185 0.0105552 0.162241 0.986695 0.0607798 0.129315 0.989739 -0.105421 0.129927 0.985903 -0.0290762 0.119213 0.992443 -0.0731785 0.101686 0.992121 -0.0270653 0.185938 0.982189 -0.0144315 0.0669197 0.997654 -0.144252 0.0173315 0.989389 -0.0101969 0.109645 0.993919 -0.00725034 0.116405 0.993175 -0.0158973 0.128492 0.991583 -0.014939 0.124609 0.992093 -0.0193408 0.132033 0.991057 -0.0105241 0.1428 0.989696 -0.000151217 0.128472 0.991713 0.00594603 0.0971925 0.995248 -0.0201141 0.12084 0.992468 0.0177574 0.140189 0.989965 -0.00784187 0.0815479 0.996639 -0.0317175 0.120126 0.992252 0.00752317 0.052748 0.99858 -0.0133567 0.098202 0.995077 -0.0726905 0.10685 0.991614 -0.0260559 0.179779 0.983362 -0.0699489 0.0721411 0.994939 0.0447579 0.129877 0.990519 0.0127149 0.179599 0.983658 0.120039 0.15309 0.980895 -0.0893695 0.184704 0.978722 -0.0477606 0.198781 0.97888 0.00707635 0.127717 0.991786 0.0397394 0.184109 0.982102 0.0165688 0.254472 0.966938 -0.0101602 0.262797 0.964798 -0.0271996 0.0667557 0.997399 0.00955141 0.0595915 0.998177 0.0373015 0.157735 0.986777 0.00357708 0.310687 0.950505 -0.0630281 0.17642 0.982295 -0.0284956 0.13408 0.990561 0.10072 0.178386 0.978792 0.0540083 0.0110512 0.998479 0.112222 -0.135037 0.984465 0.187717 0.237269 0.953135 0.0148256 0.172663 0.984869 0.176353 0.110696 0.978083 -0.16838 0.182105 0.968755 0.0073319 0.191002 0.981562 -0.048725 0.245206 0.968246 -0.175124 0.108784 0.978518 0.0170631 0.22199 0.9749 0.0127523 -0.0525067 0.998539 0.0986287 -0.143902 0.984665 -0.0218175 -0.192157 0.981122 -0.0453552 -0.0611684 0.997096 0.0135572 -0.171606 0.985072 -0.0702786 -0.0794382 0.994359 -0.00309495 -0.150472 0.988609 -0.023674 0.22057 0.975084 -0.0142082 0.236339 0.971567 -0.0309864 0.129117 0.991145 0.00608955 0.0361064 0.999329 -0.0544609 0.164349 0.984898 0.00967 0.143887 0.989547 -0.0103148 0.102854 0.994643 -0.01046 0.06674 0.997716 0.103378 -0.0346256 0.994039 0.0615276 -0.0301518 0.99765 0.122834 -0.115331 0.985703 -0.0137712 0.223696 0.974562 0.0168427 0.164922 0.986163 0.00418034 0.124226 0.992245 0.000351307 0.17429 0.984694 0.0005974 0.156415 0.987691 -0.0718045 0.191683 0.978827 -0.156689 0.144236 0.977059 -0.021737 -0.159034 0.987034 -0.174446 0.00445254 0.984657 -0.158414 0.110208 0.981203 -0.134878 -0.0436157 0.989902 -0.00793614 -0.147628 0.989011 -0.0150116 0.062593 0.997926 -0.0129348 0.14389 0.989509 -0.0312266 -0.0919848 0.995271 -0.0205893 0.166571 0.985814 -0.0818848 -0.17768 0.980676 -0.0464922 0.107175 0.993153 -0.0216686 0.226877 0.973682 -0.00894861 0.142376 0.989772 -0.0142848 0.231293 0.972779 0.0122382 0.10256 0.994652 -0.154599 0.0978096 0.983124 -0.0265812 -0.0189741 0.999467 -0.0145442 0.199848 0.979719 0.0256496 0.0100688 0.99962 0.0115958 -0.0361724 0.999278 -0.0532767 -0.00312935 0.998575 -0.0201341 0.242458 0.969953 -0.0138045 0.23046 0.972984 0.0337748 -0.176629 0.983698 -0.06376 0.18986 0.979739 0.0513094 -0.175299 0.983177 -0.0050272 0.0619586 0.998066 -0.0103423 -0.154703 0.987907 -0.012768 0.221047 0.97518 -0.0453183 -0.0258591 0.998638 0.13507 0.106086 0.985141 -0.0232281 0.0972189 0.994992 -0.162486 0.104697 0.981141 0.275539 0.0503573 0.95997 0.0911411 0.105466 0.990237 0.0409486 0.206556 0.977578 -0.0441985 0.125774 0.991074 0.0292553 0.166197 0.985659 -0.0354735 0.0792517 0.996223 0.114449 0.107862 0.987556 -0.0483385 0.0956116 0.994244 -0.073099 0.136611 0.987924 -0.128327 0.074506 0.988929 -0.0762692 0.000668466 0.997087 -0.0615027 0.161229 0.984999 -0.0606824 0.077593 0.995137 -0.0432865 0.0117681 0.998993 -0.209161 -0.0220119 0.977634 -0.549667 0.0521258 0.833756 -0.209957 0.085544 0.973961 -0.307094 0.122583 0.943751 -0.00178946 0.110977 0.993821 0.0911197 0.157527 0.983302 0.0325522 0.10619 0.993813 -0.0166037 0.125088 0.992007 -0.0618396 0.0974651 0.993316 -0.0675045 0.0854174 0.994056 -0.100254 0.072153 0.992342 -0.0260054 0.0904636 0.99556 -0.151163 0.106734 0.98273 -0.0890093 0.112842 0.989618 0.0218537 0.110524 0.993633 -0.0172169 0.0539713 0.998394 0.0632952 0.0802843 0.99476 -0.151525 0.080747 0.98515 -0.0950693 0.101642 0.990268 0.116796 0.118849 0.986019 -0.0217495 0.117059 0.992887 0.0454178 -0.164391 0.985349 0.0231266 0.115743 0.99301 0.105456 -0.0468616 0.993319 0.0687145 -0.268905 0.960712 -0.050502 0.0360628 0.998073 -0.0107087 0.132591 0.991113 -0.0179935 0.0227982 0.999578 -0.0417703 -0.0197998 0.998931 0.00818115 0.132046 0.99121 0.0487252 -0.0110305 0.998751 0.01723 0.14839 0.988779 0.137461 -0.0772113 0.987493 0.066771 -0.0517154 0.996427 0.270305 -0.122176 0.954991 0.021642 0.0843973 0.996197 -0.0299113 -0.0301785 0.999097 0.00875556 0.0658046 0.997794 -0.0604777 -0.0569774 0.996542 -0.102834 0.128718 0.986335 -0.0692916 -0.0307171 0.997123 -0.187796 0.0172592 0.982056 -0.032618 -0.194759 0.980309 -0.0084268 -0.252801 0.967482 -0.154718 -0.144643 0.977313 0.015127 0.0907487 0.995759 -0.00481368 0.0852456 0.996348 -0.00600296 0.132787 0.991126 -0.00301986 0.105785 0.994384 0.00634456 0.117281 0.993079 -0.00512016 0.112123 0.993681 -0.00619882 0.113944 0.993468 -0.0180393 0.105758 0.994228 -0.00855422 0.11424 0.993416 -0.129232 -0.266147 0.95523 0.122309 -0.254478 0.959313 -0.00706165 0.110981 0.993797 -0.0191179 0.120019 0.992588 -0.0863798 0.120809 0.98891 -0.212862 0.1099 0.970882 0.0806 -0.234096 0.968867 -0.0154232 0.132706 0.991036 -0.00414006 0.139974 0.990147 0.00803279 0.137094 0.990526 0.0177993 0.10281 0.994542 -0.0998766 0.13967 0.985148 -0.187964 0.138335 0.972385 -0.0422388 0.0423505 0.99821 -0.0360144 0.181747 0.982686 -0.0275681 0.119934 0.992399 -0.021565 0.0949526 0.995248 0.0103578 0.105697 0.994344 -0.00612953 0.0860314 0.996274 0.0361167 0.0359485 0.998701 -0.0145393 0.12032 0.992629 0.010615 0.0896703 0.995915 0.0482826 0.112264 0.992505 -0.0143652 0.0371507 0.999206 0.00113255 0.130249 0.991481 -9.58465e-05 0.12037 0.992729 0.0129746 0.119349 0.992768 -0.0123368 0.127638 0.991744 -0.0130945 0.12244 0.99239 0.00773781 0.136555 0.990602 -0.00562167 0.179763 0.983694 0.00464825 0.11138 0.993767 9.41845e-05 0.125119 0.992142 -0.00564708 0.118571 0.99293 0.0143334 0.144915 0.98934 -0.0158354 0.15608 0.987618 -0.012636 0.123477 0.992267 -0.00971741 0.125861 0.992 -0.0111951 0.101772 0.994745 -0.0170062 0.118017 0.992866 -0.0156737 0.120543 0.992584 -0.0130076 0.11629 0.99313 -0.178286 0.122446 0.976331 -0.243451 0.161715 0.956337 -0.011378 0.139614 0.990141 -0.0115629 0.0981107 0.995108 0.0132711 0.112756 0.993534 0.00102893 0.123499 0.992344 -0.00170139 0.0939898 0.995572 0.0346667 0.0933764 0.995027 0.0299729 0.0784132 0.99647 -0.0229731 0.115567 0.993034 -0.00964951 0.104017 0.994529 0.00651922 0.0935001 0.995598 0.00106927 0.107576 0.994196 -0.0136302 0.0981664 0.995077 -0.048776 0.0736068 0.996094 -0.0296467 0.107634 0.993748 -0.00611595 0.128884 0.991641 -0.0101251 0.105124 0.994408 -0.00665775 0.11264 0.993614 0.0143418 0.0784112 0.996818 -0.00569 0.0763794 0.997063 0.0166564 0.128321 0.991593 0.00296587 0.112754 0.993619 0.0076388 0.140698 0.990023 0.0118653 0.0818186 0.996577 -0.0238025 0.0916612 0.995506 -0.00895998 0.0994986 0.994997 0.00359016 0.118412 0.992958 -0.00539575 0.108548 0.994077 -0.131029 0.104058 0.985902 -0.132433 0.117364 0.984219 -0.259884 0.0798207 0.962335 -0.0080132 0.0857511 0.996284 0.0154708 0.118355 0.992851 -0.000954513 0.0989673 0.99509 0.0322756 0.129187 0.991095 0.0098364 0.0880736 0.996065 0.00250894 0.0926506 0.995696 -0.0211147 0.11378 0.993282 0.000687672 0.0932057 0.995647 -0.0150325 0.102206 0.99465 -0.0113779 0.0485053 0.998758 0.00592016 0.0804642 0.99674 -0.0345938 0.129231 0.991011 0.00866463 0.0848216 0.996359 0.00550055 0.097524 0.995218 -0.0216688 0.101372 0.994613 -0.0350524 0.161029 0.986327 -0.101542 0.0703818 0.992338 -0.0855469 0.123323 0.988672 -0.20628 0.0128535 0.978409 0.0135409 0.0946368 0.99542 0.00394111 0.110967 0.993816 -0.00947009 0.0771276 0.996976 0.0134616 0.0699273 0.997461 0.00327856 0.0809861 0.99671 -0.0139292 0.118994 0.992797 0.00570108 0.120523 0.992694 0.000428856 0.148266 0.988948 0.00438434 0.103389 0.994631 -0.00316007 0.128662 0.991683 0.0333205 0.154637 0.987409 -0.0255777 0.0743621 0.996903 -0.048729 0.0918627 0.994579 0.0133677 0.117387 0.992996 -0.0269574 0.0996122 0.994661 -0.00235203 0.0946864 0.995504 -0.121552 0.108666 0.986619 -0.0176351 0.118332 0.992818 -0.173016 0.12976 0.976334 -0.00281868 0.0861562 0.996278 -0.0214253 0.0964057 0.995112 -0.12607 0.061146 0.990135 -0.168782 0.0889437 0.981632 -0.143215 0.103073 0.98431 -0.0896821 0.104589 0.990464 -0.111789 0.177077 0.977828 0.00796334 0.115107 0.993321 0.0245177 0.147676 0.988732 0.000754677 0.235603 0.971849 -0.0187835 0.142351 0.989638 -0.0448257 0.158592 0.986326 -0.0228543 0.168207 0.985487 -0.00497462 0.105218 0.994437 0.00429383 0.0472281 0.998875 -0.0208335 0.0855103 0.996119 -0.134787 0.0406471 0.990041 -0.025773 -0.0711225 0.997135 0.135047 0.0800994 0.987596 -0.254087 0.0314151 0.966671 0.207369 0.106249 0.972476 -0.220537 0.097828 0.97046 0.0875852 0.0942291 0.99169 0.162484 -0.179822 0.970187 0.0329306 -0.0641398 0.997397 0.119828 -0.065897 0.990605 0.00336438 -0.172534 0.984998 0.0182248 0.151159 0.988342 0.0128967 0.0100627 0.999866 0.0317458 0.0406869 0.998668 0.00384785 0.10963 0.993965 0.0251395 -0.0430759 0.998755 0.0137092 -0.206486 0.978354 0.0272418 -0.293609 0.955537 0.00525279 -0.0461525 0.998921 0.00245786 0.138911 0.990302 0.0375037 -0.114785 0.992682 0.0134884 -0.345213 0.938427 0.0551229 -0.0641517 0.996417 -0.0377241 -0.348477 0.936558 0.27725 0.118618 0.953447 0.0152557 0.144187 0.989433 0.00751492 0.117607 0.993032 -0.153007 -0.136142 0.978803 -0.0384577 -0.0880501 0.995373 -0.0880766 -0.140338 0.986178 0.0150188 0.136717 0.990496 -0.00138864 0.108339 0.994113 0.0104769 -0.165174 0.986209 0.0148869 0.152547 0.988184 0.00171257 0.170551 0.985347 -0.0335805 0.22433 0.973935 -0.115432 0.120802 0.985942 0.131587 0.104541 0.985777 0.11115 0.113219 0.987333 -0.190021 0.148491 0.970486 0.28792 0.0993384 0.952488 -0.292371 0.0906954 0.951995 0.0370792 0.00820509 0.999279 0.0813076 -0.0134802 0.996598 -0.00361957 -0.0578601 0.998318 -0.00156219 0.137019 0.990567 0.0131933 0.10487 0.994398 0.0243962 0.0956288 0.995118 0.0187611 0.105106 0.994284 0.0235631 0.096048 0.995098 0.278381 0.0798317 0.957147 -0.101462 0.11374 0.988316 0.0668443 0.106648 0.992047 0.157693 0.0836552 0.983938 0.0261142 0.00523345 0.999645 -0.0735054 0.0871985 0.993475 -0.0693533 0.0701413 0.995123 -0.00408421 0.127443 0.991838 -0.107017 0.0595864 0.99247 -0.0315244 0.0335939 0.998938 -0.173021 0.106707 0.979121 -0.167264 0.0708508 0.983363 -0.00672804 0.0344306 0.999384 0.0300429 0.131519 0.990858 0.0483872 0.0544842 0.997342 0.046867 0.108096 0.993035 0.186489 0.114254 0.975791 0.0633705 0.118669 0.99091 0.15259 0.106387 0.982547 0.00610942 0.108166 0.994114 0.226678 0.109649 0.967778 -0.0109489 0.0812754 0.996632 0.00572691 0.15763 0.987482 0.0765663 0.109498 0.991034 0.191412 0.109605 0.975371 0.0521542 0.1171 0.99175 0.0467859 0.0869391 0.995114 -0.209361 0.106245 0.972049 -0.276671 0.0875638 0.956967 0.269222 0.107899 0.957015 -0.296054 0.0892548 0.950992 -0.100919 0.0971344 0.990142 -0.101064 0.100378 0.989803 0.101309 0.104207 0.989382 0.0381478 0.105435 0.993694 -0.00396923 0.11622 0.993216 0.24322 0.0867721 0.966082 0.0112597 0.125365 0.992047 0.0915841 0.116397 0.988971 0.0421749 0.112264 0.992783 0.242142 0.0858861 0.966432 0.175341 0.0954609 0.979869 0.0510288 0.110847 0.992527 0.0808636 0.101149 0.99158 0.0240652 0.100863 0.994609 0.0309831 0.118684 0.992449 0.161651 0.112729 0.980388 0.00181566 0.0985368 0.995132 0.00518933 0.101107 0.994862 -0.0244148 0.100111 0.994677 0.0244563 0.106075 0.994057 0.0151001 0.108717 0.993958 0.0131347 0.10664 0.994211 4.21547e-05 0.131534 0.991312 0.0137774 0.107187 0.994143 -0.222504 0.113322 0.968323 -0.327777 0.115599 0.937656 -0.243181 0.10077 0.964732 0.326558 0.115187 0.938132 0.09323 0.10959 0.989595 0.0215665 0.109247 0.993781 0.0329557 0.0954969 0.994884 -0.0229781 -0.00136558 0.999735 -0.259994 0.125537 0.957415 0.149371 0.137829 0.979128 0.297418 0.108477 0.948565 0.284158 0.114583 0.951906 -0.229514 0.127468 0.964922 -0.184471 0.113938 0.976211 0.125383 0.111058 0.985873 0.127922 0.121509 0.984313 0.0332812 0.116337 0.992652 0.110041 0.105825 0.988277 0.121948 0.102913 0.987187 0.0248105 0.10531 0.99413 -0.248879 0.105294 0.962794 -0.0640237 0.0949231 0.993424 0.000244781 0.0842152 0.996448 0.00919813 0.118051 0.992965 0.067551 0.0933595 0.993338 0.0674117 0.120357 0.990439 -0.305822 0.120361 0.94445 0.163573 0.110341 0.980341 0.0323739 0.115942 0.992728 0.232118 0.0977632 0.967762 -0.00319161 0.107629 0.994186 -0.050178 0.103202 0.993394 0.0170674 0.109216 0.993872 0.0275402 0.113711 0.993132 -0.055832 0.116078 0.99167 -0.00182977 0.107493 0.994204 0.0305705 0.112811 0.993146 0.0905346 0.120648 0.988558 0.0975063 0.11407 0.988676 0.0765363 0.116262 0.990265 -0.0132636 0.116378 0.993116 0.0181394 0.127375 0.991689 -0.0713749 0.11723 0.990537 0.0258833 0.112855 0.993274 -0.0385673 0.107688 0.993436 -0.0238483 0.121212 0.99234 0.0264368 0.107119 0.993895 -0.329845 0.106757 0.937979 0.0939001 0.127434 0.987392 0.0317638 0.0934507 0.995117 0.227586 0.0963378 0.968981 -0.0426774 0.10938 0.993083 -0.0418294 0.121053 0.991764 0.0665372 0.111609 0.991522 0.998768 0.00131201 -0.0496146 0.997288 -0.0218613 -0.0702792 0.104267 0.115228 0.987852 -0.103406 0.117117 0.98772 -0.0616995 0.101388 0.992932 0.130205 0.116248 0.984649 -0.138892 0.114704 0.983642 -0.0420627 0.115755 0.992387 -0.185836 0.1027 0.977199 -0.0307268 0.091337 0.995346 -0.0740118 0.118213 0.990226 -0.075832 0.0962581 0.992464 0.131789 0.0952872 0.986687 -0.109263 0.104536 0.988501 -0.159556 0.106302 0.981449 -0.144149 0.0995629 0.984535 -0.135291 0.105579 0.985165 0.149099 0.0943633 0.98431 0.184704 0.0991458 0.97778 0.0159037 0.111733 0.993611 0.0121161 0.113419 0.993473 -0.179953 0.124844 0.975721 -0.133198 0.122607 0.983476 -0.143957 0.112998 0.983111 -0.137985 0.102433 0.985123 0.0139563 0.100834 0.994805 0.0235571 0.117103 0.99284 -0.0648337 0.119436 0.990723 0.150849 0.120959 0.981129 0.135133 0.105167 0.98523 -0.190623 0.126008 0.973543 -0.135946 0.0857926 0.986995 0.170187 0.100556 0.980268 -0.143858 0.0883514 0.985646 -0.0254589 0.0824884 0.996267 0.995374 -0.0152407 -0.0948612 -0.259123 0.109587 0.959607 -0.176211 0.112876 0.977859 -0.0146478 0.117127 0.993009 -0.0257703 0.101301 0.994522 0.99413 -0.00799027 -0.107898 0.99288 -0.00920145 -0.11876 0.966608 -0.0237693 -0.255155 -0.196884 0.097923 0.975524 0.989854 -0.00042224 -0.14209 0.166068 0.098095 0.981223 0.165042 0.122335 0.97867 0.20199 0.105848 0.973651 -0.120071 0.113365 0.986272 0.97566 -0.104816 -0.192618 0.0334723 0.085134 0.995807 0.00926191 0.0840912 0.996415 -0.0164418 0.109328 0.99387 0.142496 0.110656 0.98359 0.0532347 0.101315 0.993429 -0.245851 0.107734 0.963302 -0.088867 0.111447 0.989789 -0.0780314 0.106781 0.991216 -0.00732702 0.0967447 0.995282 -0.0202398 0.116981 0.992928 -0.0463894 0.094069 0.994484 -0.0220385 0.084435 0.996185 0.0136029 0.130595 0.991342 -0.00460226 0.102834 0.994688 -0.00312684 0.115856 0.993261 0.154912 0.115593 0.981143 -0.0834619 0.112741 0.990113 -0.195348 0.0955606 0.976067 -0.0820206 0.114427 0.99004 -0.0256063 0.0896967 0.99564 -0.0257901 0.0661245 0.997478 -0.00799268 0.0931152 0.995623 -0.178802 0.0952238 0.979266 -0.21191 0.103607 0.971782 0.154122 0.112717 0.981601 0.0261441 0.116488 0.992848 -0.0353501 0.10679 0.993653 -0.0880506 0.122852 0.988511 -0.0364936 0.116384 0.992534 -0.0645693 0.108229 0.992027 0.998908 -0.0184779 0.0429193 0.0917021 0.0938784 0.991351 0.0771726 0.132894 0.988121 -0.205397 0.109137 0.972575 0.152723 0.0954347 0.98365 0.00498952 0.109642 0.993959 0.0101537 0.103349 0.994593 -0.00521734 0.104907 0.994468 -0.0938456 0.106493 0.989875 -0.184445 0.107529 0.976943 -0.186548 0.125147 0.974442 -0.254502 0.0915466 0.962729 -0.0193333 0.15247 0.988119 0.0670858 0.102632 0.992455 -0.0193906 0.124675 0.992008 -0.0243612 0.143119 0.989406 -0.0538342 0.127705 0.99035 0.0275586 0.105453 0.994042 -0.00357143 0.0852664 0.996352 0.0516699 0.0948302 0.994152 0.139442 0.0835766 0.986697 0.0488625 0.102069 0.993577 0.9948 0.00786797 -0.10154 0.0201467 0.112806 0.993413 -0.0473169 0.108094 0.993014 -0.0217001 0.0825893 0.996347 -0.174633 0.0885428 0.980644 0.0513468 0.0923137 0.994405 -0.0383114 0.09952 0.994298 0.0875666 0.126402 0.988107 0.102614 0.0786323 0.991608 -0.173927 0.124019 0.976918 0.139783 0.0962987 0.985488 0.0291477 0.0984156 0.994718 0.158983 0.10048 0.982155 -0.204963 0.109149 0.972665 -0.014105 0.10961 0.993875 -0.00778027 0.0740592 0.997224 -0.129209 0.0999307 0.986569 0.00751389 0.111344 0.993754 -0.00525556 0.107974 0.99414 -0.01864 0.111889 0.993546 0.165412 0.106183 0.980492 0.0848299 0.117876 0.989398 -0.0148795 0.0794831 0.996725 0.175262 0.104193 0.978993 0.0142069 0.111006 0.993718 -0.115056 0.0991206 0.988401 -0.165207 0.113893 0.979661 0.0110893 0.11218 0.993626 0.0242632 0.0986451 0.994827 -0.0891524 0.0806744 0.992745 -0.100028 0.10995 0.988891 -0.0345313 0.108694 0.993475 0.00541363 0.121858 0.992533 0.0084996 0.10585 0.994346 0.99937 0.00246958 0.0354027 0.999991 0.00361007 -0.00205975 0.998557 -0.00271318 -0.053641 0.995717 0.0355679 -0.0853417 0.141418 0.0957355 0.98531 -0.105332 0.0811809 0.991118 -0.185653 0.0973725 0.977779 0.129543 0.108982 0.985567 0.0474768 0.117428 0.991946 -0.183807 0.113447 0.976394 -0.214927 0.0948182 0.972016 0.0300178 0.0863672 0.995811 -0.133664 0.106577 0.985279 -0.111513 0.106497 0.98804 -0.195895 0.1249 0.972638 0.000200815 0.0942945 0.995544 0.0147478 0.124311 0.992134 -0.00756 0.0862625 0.996244 0.0100962 0.140633 0.99001 -0.0627214 0.122542 0.990479 -0.0244091 0.110413 0.993586 -0.0367718 0.109171 0.993343 0.147422 0.106538 0.983319 0.146118 0.124838 0.981359 -0.0850636 0.113395 0.989902 -0.137955 0.111826 0.984105 -0.128321 0.095669 0.987108 -0.120275 0.083892 0.98919 -0.0289099 0.0978618 0.99478 -0.0567699 0.112251 0.992057 0.976492 -0.207676 0.0577446 -0.124615 0.0685827 0.989832 0.163346 0.111351 0.980265 0.991028 0.00126844 -0.133649 0.987788 0.00043432 -0.155806 0.998436 0.00683166 -0.0554834 -0.0616412 0.108941 0.992135 -0.0262375 0.0872505 0.995841 -0.0311564 0.0981101 0.994688 0.0213285 0.109727 0.993733 0.0117921 0.128688 0.991615 0.049142 0.0922313 0.994524 -0.00418849 0.102868 0.994686 -0.058927 0.130927 0.989639 -0.0139597 0.102352 0.99465 0.0133467 0.117268 0.993011 -0.0379258 0.122216 0.991779 -0.0501643 0.105859 0.993115 0.032345 0.104638 0.993984 -0.0156388 0.107972 0.994031 0.941263 -0.277155 0.192896 -0.014336 0.131055 0.991271 -0.0175047 0.133852 0.990847 -0.0579594 0.110507 0.992184 0.02968 0.109039 0.993594 0.135755 0.104206 0.985247 0.106303 0.0962385 0.989666 0.100258 0.111424 0.988703 0.153458 0.108669 0.982162 -0.169132 0.111936 0.979216 -0.0563168 0.0851171 0.994778 -0.113088 0.0992171 0.988619 0.175482 0.106163 0.978742 -0.238679 0.100338 0.965901 0.0255098 0.152428 0.987985 0.0134412 0.128943 0.991561 -0.0398955 0.12977 0.990741 -0.178041 0.0959965 0.979329 -0.17101 0.0914338 0.981018 0.0128484 0.113863 0.993413 0.00989553 0.104712 0.994453 -0.0203517 0.116821 0.992945 0.102536 0.107732 0.988878 -0.171178 0.10723 0.979388 0.15423 0.113619 0.98148 -0.110468 0.11545 0.987152 -0.0717266 0.104193 0.991967 0.0155838 0.117765 0.992919 -0.160486 0.102544 0.981697 -0.0386968 0.105132 0.993705 -0.261503 0.104043 0.959579 -0.148739 0.115626 0.982093 -0.079217 0.122315 0.989325 -0.0381972 0.0966576 0.994585 -0.0354677 0.0986485 0.99449 -0.101777 0.0867893 0.991014 -0.133635 0.0859433 0.987297 0.0259628 0.105646 0.994065 0.241389 0.296466 0.924034 0.780715 0.066446 0.621345 0.131432 0.0900317 0.987228 -0.0750251 0.118894 0.990068 0.247135 0.114403 0.962204 -0.188351 0.101169 0.976877 -0.224492 0.102549 0.969065 0.962851 0.0400615 0.267044 0.244856 0.121213 0.961953 0.042521 0.118375 0.992058 0.18108 0.106553 0.977679 0.0346971 0.0999509 0.994387 -0.0717701 0.108141 0.991542 -0.134232 0.106502 0.98521 0.180959 0.0990288 0.978492 -0.135201 0.104677 0.985273 0.113966 0.0916084 0.989252 -0.0703638 0.0928681 0.993189 -0.20095 0.102158 0.97426 -0.197152 0.106953 0.974521 0.191582 0.0926491 0.977094 0.197802 0.124327 0.972326 0.0306333 0.102526 0.994259 0.806749 0.156755 0.569723 -0.041751 0.121985 0.991653 -0.254875 0.11667 0.95991 -0.0154155 0.153883 0.987969 -0.0625002 0.116868 0.991179 -0.102704 0.119405 0.987519 -0.0608158 0.140683 0.988185 0.00941722 0.134283 0.990898 -0.0078325 0.113668 0.993488 -0.00682125 0.107269 0.994207 0.0227961 0.131875 0.991004 0.00243071 0.143954 0.989581 0.0326854 0.100312 0.994419 -0.0265187 0.15128 0.988135 0.155344 0.104699 0.982296 -0.129633 0.112474 0.985162 -0.00104099 0.103032 0.994678 0.183865 0.113751 0.976348 -0.184555 0.0949021 0.97823 0.998978 0.0140163 -0.0429598 0.98856 -0.00259238 -0.150807 0.0190599 0.0954623 0.995251 0.991667 0.000482999 -0.128824 0.0375957 0.11239 0.992953 0.0022764 0.0928276 0.99568 0.0209157 0.0975136 0.995014 -0.0476459 0.0954947 0.994289 0.291325 0.0146993 0.956511 0.576922 -0.318519 0.752135 0.180673 0.0849397 0.979869 0.145794 0.0849678 0.985659 -0.12836 0.0851635 0.988064 -0.15811 0.0773787 0.984385 -0.096813 0.086378 0.991547 -0.0735475 0.0609931 0.995425 0.028318 0.0939223 0.995177 0.00603996 0.094968 0.995462 0.0844239 0.0973737 0.991661 -0.192285 0.100118 0.976219 -0.00807355 0.0967962 0.995272 0.00421622 0.0969095 0.995284 -0.0216391 0.0906418 0.995649 -0.0081822 0.094533 0.995488 0.0259485 0.0928502 0.995342 0.0196865 0.11263 0.993442 -0.0745608 0.0932495 0.992847 -0.0489901 0.0977619 0.994003 0.141947 0.0778425 0.986809 0.205633 0.0847551 0.974952 -0.246364 0.0919684 0.964804 -0.227692 0.0903928 0.969529 -0.195899 0.0825151 0.977146 -0.237517 0.0747783 0.968501 -0.0667281 0.0941593 0.993318 0.92177 0.0366797 0.385998 0.917709 0.0383663 0.395396 -0.0101935 0.121268 0.992567 0.000651779 0.0855754 0.996332 -0.05639 0.0990147 0.993487 -0.0998393 0.0451441 0.993979 -0.0283635 0.112075 0.993295 0.1131 0.098263 0.988713 -0.113044 0.0969695 0.988847 0.208945 0.10529 0.972243 -0.202647 0.102538 0.973869 0.00857708 0.105078 0.994427 -0.0386474 0.0954234 0.994686 -0.00117093 0.0969977 0.995284 0.408653 -0.0753187 0.909577 0.968555 0.0359017 0.246197 0.158635 0.0947362 0.982782 -0.144599 0.0775002 0.986451 0.0848851 0.0925748 0.992081 0.147427 0.146106 0.978222 -0.175784 0.0964248 0.979695 -0.196806 0.0798765 0.977183 -0.198612 0.090629 0.975879 0.139319 0.102078 0.984972 0.0344041 0.0777513 0.996379 0.0429333 0.0856412 0.995401 0.0892438 0.089404 0.991989 -0.167749 0.0920572 0.981522 -0.118096 0.102015 0.987748 -0.241276 0.075833 0.967489 -0.263823 0.0914663 0.960225 -0.190297 0.0842845 0.978102 -0.105822 0.0946983 0.989866 0.538175 0.0768936 0.839318 0.563436 0.0677174 0.82338 0.999806 0.012062 0.0155604 0.235738 0.107415 0.965862 -0.182436 0.0784886 0.98008 0.164287 0.0853882 0.98271 -0.199451 0.0827803 0.976405 -0.113602 0.101737 0.988304 -0.0272689 0.0915797 0.995424 -0.125213 0.0844445 0.98853 -0.235295 0.113668 0.965254 -0.0595471 0.0858346 0.994528 -0.00527283 0.0801802 0.996766 -0.0403203 0.0926366 0.994883 -0.02528 0.0929866 0.995346 -0.03204 0.0934512 0.995108 -0.0289972 0.0873862 0.995752 0.998358 0.0144023 0.0554461 0.995269 0.00924474 0.0967186 0.00119861 0.100216 0.994965 -0.00468669 0.111279 0.993778 -0.00948522 0.0897373 0.99592 -0.0110679 0.0822289 0.996552 -0.045313 0.0859276 0.99527 0.0012323 0.0869951 0.996208 -0.00828126 0.0656516 0.997808 0.0660198 0.098898 0.992905 0.0285732 0.0912294 0.99542 0.00753854 0.0909665 0.995825 -0.0154231 0.12085 0.992551 -0.0205384 0.109404 0.993785 -0.0589475 0.0937019 0.993854 0.911441 0.0184287 0.411017 0.916091 0.0456152 0.398367 -0.0134416 0.078127 0.996853 0.0152528 0.0814214 0.996563 0.0910488 0.097288 0.991083 0.113324 0.100281 0.988484 0.181453 0.0932714 0.978966 0.181971 0.0955287 0.978653 -0.180843 0.0989208 0.978525 -0.195147 0.0984277 0.975823 -0.347438 0.0662713 0.935358 -0.22266 0.0828519 0.971369 0.22236 0.0906762 0.970739 0.19663 0.0884554 0.97648 -0.147273 0.0753357 0.986223 -0.0151853 0.0756077 0.997022 0.00430727 0.0826931 0.996566 -0.0120004 0.100239 0.994891 -0.0218659 0.0906008 0.995647 -0.178466 0.0913893 0.979693 -0.202181 0.0937776 0.974848 -0.018146 0.0747553 0.997037 0.058589 0.0982691 0.993434 0.0557839 0.0828967 0.994996 -0.0429816 0.0725307 0.99644 0.0599544 0.0818968 0.994836 0.207217 0.0878599 0.974342 -0.103602 0.0812439 0.991295 0.705669 0.0818621 0.703796 0.163746 0.0958551 0.981835 0.198959 0.0893563 0.975926 -0.0220684 0.0209375 0.999537 0.0133278 0.0949386 0.995394 0.0327742 0.0891273 0.995481 0.172701 0.0892078 0.980926 -0.0277384 0.0830241 0.996161 -0.00865783 0.0994206 0.995008 0.0023563 0.0958458 0.995393 0.0362987 0.0947146 0.994843 -0.204812 0.0916621 0.9745 -0.0311118 0.0839015 0.995988 0.0176244 0.0923962 0.995566 -0.0229569 0.0888598 0.99578 -0.0345703 0.0885554 0.995471 -0.235759 0.0964227 0.967016 0.00927936 0.109043 0.993994 0.0147563 0.124446 0.992117 0.0410844 0.0663846 0.996948 -0.0155522 0.0904817 0.995777 0.137616 0.0783615 0.987381 0.0213228 0.0788615 0.996658 -0.0471558 0.15824 0.986274 -0.26289 0.0926103 0.960371 -0.122421 0.0926234 0.988147 -0.0193912 0.103773 0.994412 -0.182717 0.106581 0.977372 0.0320479 0.121034 0.992131 0.675332 0.0461308 0.736069 0.481802 0.0837819 0.872266 0.161505 0.0962147 0.982171 -0.0207313 0.105682 0.994184 -0.210928 0.0878494 0.973546 0.0162414 0.105618 0.994274 -0.0336245 0.115091 0.992786 -0.0410611 0.0996288 0.994177 -0.0295632 0.102412 0.994303 0.0239892 0.119497 0.992545 -0.0687956 0.0805097 0.994377 0.0391091 0.0994718 0.994272 0.225342 0.106449 0.968447 0.945935 0.0484579 0.320716 0.937892 0.047711 0.343631 0.0197005 0.0892298 0.995816 0.0255417 0.105047 0.994139 0.18915 0.093434 0.977493 -0.272154 0.091193 0.957923 -0.0145942 0.0708463 0.99738 -0.198105 0.0918048 0.975872 0.0137796 0.0729175 0.997243 -0.020616 0.0740077 0.997045 0.014351 0.0765504 0.996962 -0.000472837 0.104601 0.994514 0.00876567 0.0956612 0.995375 -0.125096 0.0927792 0.987797 -0.0494317 0.093018 0.994437 -0.210626 0.083425 0.974001 -0.0865181 0.0965956 0.991556 0.0149362 0.0811745 0.996588 0.0196757 0.0935353 0.995422 -0.00966583 0.0801584 0.996735 -0.00953231 0.0737595 0.997231 -0.112322 0.100499 0.988577 -0.175758 0.101174 0.979221 -0.137802 0.126449 0.982355 0.188261 0.11716 0.975106 0.0311874 0.192207 0.980859 0.914724 0.0273791 0.403151 0.64761 0.100349 0.755335 -0.214784 0.0885614 0.972638 -0.0693377 0.0978591 0.992782 0.200981 0.104182 0.974039 0.0863513 0.109034 0.99028 0.00931724 0.0949546 0.995438 -0.147282 0.104691 0.983538 -0.00860532 0.0914091 0.995776 0.152224 0.0972008 0.983555 0.134174 0.111117 0.984708 0.0165662 0.0827718 0.996431 0.12078 0.094948 0.988128 0.0247952 0.0971609 0.99496 -0.0538112 0.105635 0.992948 0.0505133 0.0940013 0.99429 -0.0454154 0.101994 0.993748 0.143667 0.07915 0.986456 0.283215 0.0750981 0.956112 -0.19505 0.100187 0.975663 0.0200834 0.0993551 0.994849 -0.0398628 0.0842714 0.995645 -0.234591 0.0985888 0.967082 -0.140547 0.0842636 0.986482 0.0061203 0.0931423 0.995634 0.0267627 0.090628 0.995525 0.902135 0.0436479 0.42924 0.0623973 0.0994134 0.993088 -0.0267508 0.0944399 0.995171 0.0479584 0.110893 0.992675 0.0217855 0.10383 0.994356 0.160236 0.0972536 0.982276 0.196797 0.0950615 0.975825 0.178089 0.0977246 0.97915 -0.271448 0.116175 0.955416 0.0874691 0.097412 0.991393 -0.155732 0.0917512 0.983529 -0.138087 0.100457 0.985312 -0.182642 0.0869033 0.979331 0.112787 0.101249 0.988447 0.151941 0.0990782 0.983411 0.68009 0.0712173 0.729662 0.0953583 0.100804 0.990326 0.00280783 0.111683 0.99374 0.0949028 0.104931 0.989941 -0.0450626 0.0901349 0.99491 -0.15198 0.100072 0.983304 0.189849 0.0857753 0.978059 -0.0497738 0.0854145 0.995101 -0.084065 0.0970824 0.99172 -0.0889758 0.0921457 0.991762 0.148469 0.106382 0.983179 -0.189586 0.101152 0.97664 -0.103411 0.0947521 0.990115 -0.0612667 0.118115 0.991108 -0.160719 0.0950252 0.982415 -0.0290915 0.111639 0.993323 0.0205065 0.109971 0.993723 -0.0156905 0.117593 0.992938 -0.00718901 0.103709 0.994582 -0.0260804 0.105728 0.994053 0.00444308 0.106479 0.994305 -0.00533941 0.100687 0.994904 -0.012757 0.112034 0.993622 0.00886113 0.0775461 0.996949 -0.0110423 0.0823843 0.996539 -0.024553 0.0950767 0.995167 -0.204955 0.108251 0.972767 0.0128083 0.0898554 0.995872 -0.0512158 0.0931851 0.994331 -0.0424016 0.086225 0.995373 0.607758 0.0618296 0.791712 0.303599 0.11001 0.946428 0.483342 0.0769289 0.872045 0.118174 0.0964415 0.988299 0.128941 0.116397 0.984797 -0.183394 0.0916087 0.978762 -0.00252853 0.106371 0.994323 0.160614 0.105736 0.981337 0.0354259 0.0791706 0.996231 -0.00350638 0.103538 0.994619 0.00416879 0.0923058 0.995722 -0.000264448 0.0729393 0.997336 -0.193031 0.103747 0.975692 -0.0542263 0.100583 0.99345 -0.015792 0.112048 0.993577 0.021624 0.0926443 0.995465 -0.0175111 0.0911635 0.995682 0.0413213 0.0917761 0.994922 -0.0406117 0.104918 0.993651 -0.134247 0.110696 0.984746 -0.0377296 0.106722 0.993573 -0.0457475 0.100697 0.993865 -0.04634 0.101743 0.993731 0.253925 0.102529 0.961774 0.012732 0.0898841 0.995871 -0.181937 0.0920049 0.978996 -0.0193285 0.0967261 0.995123 0.00408271 0.0859694 0.996289 0.0148651 0.100259 0.99485 -0.0182355 0.0918374 0.995607 -0.00650899 0.0865703 0.996225 -0.154984 0.0970873 0.983135 -0.0233983 0.0855327 0.996061 -0.034551 0.0957406 0.994807 0.122634 0.092034 0.988175 -0.0144368 0.0990243 0.99498 0.00451905 0.0948395 0.995482 0.018699 0.108034 0.993971 0.0321757 0.116632 0.992654 0.0703641 0.111694 0.991248 -0.180442 0.0975444 0.978737 -0.0145578 0.088862 0.995938 -0.0395901 0.0977613 0.994422 0.212363 0.101102 0.971947 0.0503456 0.103852 0.993318 0.0345051 0.0956112 0.994821 -0.0739048 0.0840142 0.99372 -0.176357 0.0800984 0.981062 -0.141883 0.112002 0.983527 -0.137956 0.0608322 0.988569 -0.189553 0.119036 0.974628 0.169649 0.123698 0.97771 0.25953 0.107911 0.959687 0.150745 0.0980688 0.983696 0.0666873 0.107827 0.991931 0.0494828 0.134558 0.989669 -0.0187496 0.120168 0.992576 0.0201224 0.143074 0.989507 -0.0769202 0.0878147 0.993163 0.027095 0.117589 0.992693 -0.185746 0.108241 0.976618 -0.229121 0.102071 0.968031 -2.46364e-05 0.0932559 0.995642 0.0951203 0.107111 0.989687 -0.109003 0.101872 0.988808 -0.00173863 0.129664 0.991557 -0.0343307 0.113886 0.9929 0.0108019 0.123944 0.99223 -0.00336406 0.09498 0.995474 0.171282 0.111052 0.978943 0.0441232 0.121552 0.991604 0.229849 0.0956563 0.968514 0.160031 0.103607 0.98166 0.236774 0.113546 0.964907 0.0939675 0.125726 0.987605 0.0284404 0.14707 0.988717 0.0470132 0.132729 0.990037 0.0472679 0.133538 0.989916 0.0126418 0.122395 0.992401 0.0187529 0.105274 0.994266 0.0196309 0.11401 0.993286 -0.00589574 0.105123 0.994442 0.023187 0.11207 0.99343 0.0944032 0.0961498 0.99088 0.119964 0.110146 0.986649 0.156726 0.112587 0.981204 0.106022 0.0970607 0.989615 0.0213681 0.106952 0.994035 0.0186946 0.0886141 0.995891 0.0874977 0.10819 0.990272 -0.0308338 0.120054 0.992289 -0.0469823 0.112898 0.992495 -0.0627292 0.112763 0.99164 0.00108461 0.115945 0.993255 0.0114124 0.0908484 0.995799 0.191134 0.0987356 0.976585 0.0799861 0.121855 0.98932 0.0381056 0.0942414 0.99482 0.127928 0.087423 0.987923 0.109203 0.100072 0.988969 -0.228058 0.116256 0.966682 -0.0408568 0.104645 0.99367 -0.00802337 0.0818251 0.996614 0.0131015 0.103754 0.994517 -0.135049 0.122433 0.983246 -0.00938509 0.108494 0.994053 0.0199589 0.113442 0.993344 0.00240076 0.131925 0.991257 0.0146518 0.0938377 0.99548 0.124743 0.098228 0.987315 0.209669 0.116372 0.970823 0.195446 0.130746 0.97196 -0.0790373 0.128363 0.988573 -0.200928 0.0956791 0.974922 0.0065463 0.136625 0.990601 0.0178973 0.133618 0.990871 0.0110635 0.152543 0.988235 0.0159595 0.114024 0.99335 -0.00357037 0.118836 0.992908 0.0114884 0.0936886 0.995535 -0.0393021 0.106433 0.993543 -0.0563588 0.120076 0.991164 -0.111369 0.0870729 0.989957 -0.1741 0.10454 0.979163 -0.165519 0.100662 0.981056 -0.0225698 0.0982022 0.994911 -0.0394071 0.0769156 0.996259 0.0129594 0.0930331 0.995579 0.0137389 0.103702 0.994514 0.217296 0.0826244 0.972602 -0.0989471 0.0828895 0.991634 0.222388 0.114534 0.968207 0.0786871 0.126401 0.988854 -0.235971 0.0882993 0.96774 0.00346457 0.137256 0.99053 0.170421 0.110673 0.979137 -0.085379 0.12424 0.988572 -0.0318351 0.0988607 0.994592 0.016228 0.12356 0.992204 0.01493 0.114459 0.993316 0.00907159 0.128131 0.991716 0.176314 0.113757 0.977739 0.198403 0.132283 0.971153 0.0142012 0.153253 0.988085 -0.100062 0.0854663 0.991304 -0.173754 0.111065 0.978506 0.0308437 0.104857 0.994009 0.176777 0.10297 0.97885 0.0653227 0.0992027 0.992921 0.212372 0.0828865 0.973667 -0.135507 0.0854221 0.987087 0.230009 0.0867772 0.969312 -0.00196511 0.102829 0.994697 0.0187152 0.103464 0.994457 0.126284 0.123588 0.984265 -0.00132323 0.121202 0.992627 0.225947 0.0992487 0.96907 0.146343 0.0939343 0.984764 0.00948961 0.144947 0.989394 0.0883924 0.130184 0.987542 -0.0579709 0.112334 0.991978 -0.064426 0.119462 0.990746 0.00176542 0.0940678 0.995564 -0.0027752 0.12703 0.991895 -0.0581397 0.0921711 0.994044 -0.131845 0.088454 0.987316 -0.0186741 0.113291 0.993386 0.207828 0.0749475 0.97529 -0.0617239 0.156609 0.98573 -0.0985264 0.126706 0.987035 -0.0053264 0.135268 0.990795 0.0988983 0.109794 0.989022 -0.306621 0.073091 0.949021 -0.193722 0.061372 0.979135 0.0707926 0.0776957 0.994461 0.305653 0.0791136 0.948851 -0.283127 0.0656193 0.956835 -0.267476 0.0909859 0.959259 -0.0177857 0.0865191 0.996091 0.26676 0.096413 0.958929 0.25107 0.0900751 0.963769 0.0735707 0.0725145 0.99465 -0.00631952 0.0672421 0.997717 0.170315 0.0589693 0.983624 0.24243 0.103077 0.964678 -0.129829 0.0927648 0.987188 -0.0260044 0.0939375 0.995238 -0.00333644 0.0982699 0.995154 -0.125197 0.0554379 0.990582 -0.170043 0.0946135 0.980884 0.0953424 0.0875971 0.991583 0.0198955 0.0973769 0.995049 -0.262575 0.103735 0.959319 0.00617831 0.104298 0.994527 0.00313552 0.10429 0.994542 0.0620325 0.111664 0.991808 0.23452 0.1 0.966954 0.122 0.105621 0.986894 0.139997 0.115266 0.98342 -0.225105 0.113741 0.967673 -0.211126 0.0901169 0.973296 0.111553 0.0959103 0.989119 -0.0616139 0.0823171 0.9947 -0.00596299 0.0935743 0.995594 0.214261 0.110187 0.970542 -0.124132 0.0993838 0.987276 0.218334 0.0940603 0.97133 -0.233639 0.0949501 0.967676 -0.0877989 0.111847 0.989839 0.332546 0.0850399 0.939245 0.0945938 0.106767 0.989774 0.286296 0.069535 0.955615 0.339376 0.0814672 0.937116 0.17571 0.070259 0.981932 0.115776 0.0872014 0.98944 -0.183146 0.0794797 0.979868 0.186137 0.0989024 0.977533 0.228921 0.0784653 0.970277 -0.0214633 0.0756578 0.996903 0.0018284 0.11927 0.99286 -0.00885444 0.116298 0.993175 -0.0237256 0.104086 0.994285 0.0258637 0.0957393 0.99507 0.0128439 0.0723668 0.997295 0.135747 0.0963499 0.986047 -0.090454 0.101892 0.990675 -0.080847 0.11042 0.990591 -0.135236 0.121725 0.983308 0.108137 0.0865804 0.990359 -0.159902 0.0835431 0.983591 0.13073 0.0830597 0.987933 0.215874 0.0711372 0.973826 -0.262979 0.100248 0.959579 0.060871 0.0980012 0.993323 -0.2747 0.0773585 0.958413 -0.145814 0.0765285 0.986348 -0.118391 0.0791498 0.989808 -0.0293589 0.0719987 0.996973 -0.0384941 0.0908152 0.995124 0.232894 0.0766248 0.969479 0.249689 0.0859333 0.964506 0.0385061 0.0932144 0.994901 -0.0155571 0.0799223 0.99668 -0.0174832 0.0815861 0.996513 0.018332 0.0794536 0.99667 -0.067515 0.0739633 0.994973 -0.0110707 0.0942876 0.995483 0.00812251 0.125399 0.992073 0.0228049 0.102702 0.994451 0.0642336 0.0930419 0.993588 -0.361981 0.109433 0.92574 0.233307 0.0862305 0.968572 -0.0814059 0.0874749 0.992835 -0.00410732 0.0981827 0.99516 -0.24855 0.0887206 0.964547 -0.152256 0.103003 0.982959 -0.173105 0.0997355 0.979841 -0.200473 0.0822208 0.976243 -0.17037 0.080022 0.982126 0.260158 0.0843268 0.961877 0.189515 0.086743 0.978039 0.134993 0.0850728 0.987188 -0.0385965 0.0659191 0.997078 -0.0134972 0.0824391 0.996505 0.27492 0.0957609 0.956686 0.0119785 0.125846 0.991977 -0.293537 0.0908964 0.951616 0.260216 0.0657152 0.963312 -0.313778 0.0984565 0.944378 -0.173167 0.0766462 0.981906 -0.20916 0.0991886 0.972838 -0.115086 0.0607219 0.991498 -0.0948948 0.043837 0.994522 -0.292684 0.106157 0.950298 -0.146825 0.108848 0.983155 0.121918 0.0941729 0.988063 0.205557 0.078891 0.97546 0.0395414 0.0771109 0.996238 0.132286 0.0756894 0.988318 0.0869928 0.100159 0.991161 -0.0218031 0.0838754 0.996238 0.214166 0.434377 0.874899 0.440184 0.120075 0.889843 0.304538 0.219379 0.926892 -0.00938449 -0.0324266 0.99943 0.230288 0.0171077 0.972972 -0.00172954 -0.0744949 0.99722 0.179715 -0.126809 0.975511 -0.0239302 0.0976611 0.994932 -0.0211053 0.100729 0.99469 -0.0668117 0.0757923 0.994883 -0.00905439 0.0813928 0.996641 -0.00828384 0.0677338 0.997669 -0.00291263 0.0802545 0.99677 0.105942 0.080948 0.991072 0.0124338 0.0795301 0.996755 0.0949897 0.0735179 0.99276 -0.00462377 0.110507 0.993865 -0.0134303 0.0728245 0.997254 -0.0160903 0.0779721 0.996826 0.0316822 0.0604326 0.997669 0.187966 -0.0236962 0.98189 0.0881258 0.0175784 0.995954 -0.202898 0.0936048 0.974716 -0.24614 0.0769016 0.966179 -0.177116 0.0952481 0.97957 -0.260547 0.0843261 0.961771 -0.0181464 0.0814194 0.996515 0.406011 0.0432323 0.912845 -0.0238915 0.0760987 0.996814 -0.0183972 0.0850628 0.996206 -0.0366889 0.085056 0.9957 -0.0270147 0.0864712 0.995888 -0.0486295 0.087144 0.995008 -0.0109581 0.0692506 0.997539 0.185675 0.0644505 0.980495 -0.0255425 0.0618155 0.997761 0.0208314 0.0933795 0.995413 -0.0362042 0.0668357 0.997107 -0.00925347 0.0923423 0.995684 0.0346487 0.159689 0.986559 0.17518 -0.141799 0.974272 0.107075 0.133509 0.985246 0.185239 0.100507 0.97754 -0.0463063 0.0912735 0.994749 -0.000846296 0.0781908 0.996938 -0.226596 0.0844463 0.970321 -0.0882846 0.0658598 0.993916 -0.145702 0.0715242 0.98674 -0.0209251 -0.0246141 0.999478 0.165575 0.0708743 0.983647 -0.0540224 0.0696575 0.996107 -0.0169304 0.0713414 0.997308 0.0395372 0.0800044 0.99601 -0.0911293 0.429727 0.898349 -0.385126 0.274583 0.881069 -0.0225887 0.0824512 0.996339 0.0274978 0.100664 0.994541 0.0952483 0.0647161 0.993348 0.0344069 0.131611 0.990704 0.0404881 0.0582159 0.997483 0.126753 0.0772993 0.988918 -0.123898 0.0953086 0.987707 -0.0980647 0.0925145 0.990871 -0.135115 0.078052 0.987751 -0.0364627 0.0691883 0.996937 -0.0170067 0.0824342 0.996451 0.159628 0.0842853 0.983573 0.100113 0.0915807 0.990752 0.175291 0.0806006 0.981212 0.114484 0.108315 0.987503 0.00209334 0.112761 0.99362 0.178723 0.119353 0.976633 0.0128924 0.101425 0.99476 0.0296012 0.0808642 0.996285 0.103143 0.104345 0.989178 -0.0290179 0.0932513 0.99522 -0.0396106 0.0709797 0.996691 -0.0271078 0.0626171 0.997669 0.0201223 0.0776278 0.996779 0.036631 0.0737587 0.996603 -0.033932 0.0738009 0.996696 0.0216948 0.0680053 0.997449 -0.0165494 0.0966701 0.995179 -0.104342 0.0936587 0.990122 -0.148979 0.121597 0.981336 0.155381 0.107016 0.982041 0.00138975 0.0778873 0.996961 0.126808 0.0894627 0.987885 0.162663 0.0948127 0.982116 0.139264 0.10907 0.98423 0.00867012 0.10779 0.994136 0.040428 0.104658 0.993686 -0.017115 0.0832542 0.996381 -0.00890358 0.0906212 0.995846 -0.0869015 0.0944588 0.991729 -0.0698751 0.0684184 0.995207 -0.130172 0.0712573 0.988928 -0.274652 0.0359382 0.960872 -0.226446 -0.0150339 0.973908 -0.429982 0.0155518 0.902703 -0.00112702 0.0949451 0.995482 -0.0215233 0.0838411 0.996247 -0.00731146 0.0800215 0.996766 0.0330877 0.0749679 0.996637 -0.0654406 0.0300909 0.997403 -0.0115679 0.0882878 0.996028 -0.0777364 0.115315 0.990283 -0.11899 0.0409037 0.992053 -0.124111 0.0210183 0.992046 -0.105124 0.248345 0.962951 -0.099638 0.162827 0.981611 -0.0773351 0.0196979 0.996811 -0.106178 0.0702048 0.991866 -0.128584 0.00112844 0.991698 0.00186009 0.101106 0.994874 0.0157167 0.0798932 0.99668 0.0254151 0.0882434 0.995775 -0.0505452 0.092083 0.994468 -0.0441067 0.0830182 0.995571 -0.186481 0.068133 0.980093 -0.214511 0.0832798 0.973165 -0.029055 0.0881078 0.995687 -0.182296 0.0985584 0.978292 -0.196992 0.0975153 0.975543 -0.191141 0.0752369 0.978675 -0.123178 0.0973556 0.987598 0.104632 0.0953198 0.989933 -0.159905 0.0865203 0.983334 0.148279 0.0970988 0.984167 0.0353645 0.101533 0.994203 0.0109003 0.100291 0.994898 -0.0445205 0.102542 0.993732 -0.0100096 0.0277006 0.999566 0.0120995 0.064646 0.997835 0.117583 0.113364 0.986571 0.130025 0.10353 0.986091 0.152022 0.0954358 0.983759 -0.0159941 0.0933504 0.995505 -0.107981 0.114487 0.987539 0.0451851 0.106891 0.993243 -0.127105 0.0892579 0.987865 -0.0257291 0.106515 0.993978 -0.129722 0.097715 0.986724 0.0202901 0.0815556 0.996462 0.0352703 0.090575 0.995265 -0.0502364 0.115142 0.992078 0.00839348 0.0919837 0.995725 -0.0786619 0.0901115 0.99282 -0.153069 0.0963861 0.983504 -0.179121 0.102745 0.978447 -0.0248995 0.0920561 0.995443 -0.11864 0.0875258 0.989072 -0.148348 0.0881115 0.985002 0.0175991 0.0969916 0.99513 -0.00246427 0.0930419 0.995659 -0.00918847 0.0849901 0.996339 -0.018024 0.0991825 0.994906 -0.0568341 0.104283 0.992922 0.00758977 0.102765 0.994677 -0.0537971 0.106023 0.992907 -0.0103441 0.0909114 0.995805 -0.00528679 0.0395883 0.999202 -0.106339 0.0671218 0.992062 -0.090263 0.0893612 0.991901 0.0759533 0.0850956 0.993474 0.0128552 0.0744729 0.99714 0.0157461 0.0857594 0.996191 -0.124179 0.0900552 0.988165 0.0435177 0.0991787 0.994118 -0.118092 0.097329 0.988221 -0.159255 0.088852 0.983231 0.0175326 0.10403 0.99442 0.11429 0.0965095 0.988749 -0.142482 0.0902195 0.985677 0.13205 0.0896985 0.987176 0.134051 0.0952276 0.986388 -0.00913099 0.0799276 0.996759 -0.0585932 0.0837376 0.994764 -0.0333306 0.0826961 0.996017 0.122869 0.0801086 0.989184 -0.0243284 0.0448269 0.998699 -0.0595049 0.0637008 0.996193 -0.00650939 0.0738034 0.997252 0.0149703 0.0761072 0.996987 -0.0526858 0.0644065 0.996532 -0.125282 0.0690999 0.989712 -0.0384668 0.0810087 0.995971 -0.00618438 0.0956835 0.995393 0.075339 0.096408 0.992487 0.0216153 0.102584 0.994489 0.0267724 0.0855737 0.995972 0.00624761 0.0874995 0.996145 -0.00479589 0.0992992 0.995046 -0.0227237 0.116101 0.992977 -0.0997474 0.0944024 0.990524 -0.00359506 0.0940743 0.995559 -0.152654 0.0665256 0.986038 0.027182 0.0746783 0.996837 0.010157 0.0836763 0.996441 -0.141578 0.0805729 0.986643 0.131079 0.0925402 0.987043 0.15167 0.0826323 0.984971 0.10174 0.0841618 0.991245 -0.0587636 0.112242 0.991942 -0.0913357 0.0714839 0.993251 0.0116223 0.0859054 0.996235 -0.0296787 0.0909406 0.995414 0.0216099 0.118582 0.992709 -0.0157026 0.0483685 0.998706 -0.11979 0.079793 0.989588 -0.146988 0.0743665 0.986339 0.0300012 0.0940533 0.995115 -0.0402729 0.0755567 0.996328 0.116794 0.0763455 0.990217 0.00383434 0.0869929 0.996202 -0.0211838 0.0862418 0.996049 0.00697977 0.0924543 0.995692 -0.012282 0.0988734 0.995024 -0.113947 0.0636225 0.991448 -0.0228994 0.0906695 0.995618 -0.0232941 0.0961655 0.995093 -0.165093 0.095961 0.981599 -0.00192077 0.113452 0.993542 -0.0151447 0.101992 0.99467 -0.0339783 0.0908686 0.995283 0.0418633 0.0976632 0.994339 0.0286979 0.0956934 0.994997 0.0264812 0.0927005 0.995342 -0.0784319 0.0949842 0.992384 -0.012019 0.0996216 0.994953 -0.116306 0.0972545 0.988441 -0.12687 0.105951 0.986245 -0.0853777 0.116307 0.989537 0.081094 0.100165 0.991661 -0.12988 0.0914855 0.9873 -0.0423838 0.0793759 0.995943 0.0301818 0.0990229 0.994627 -0.123182 0.0921247 0.988099 0.11038 0.106728 0.988142 0.114186 0.0967559 0.988737 0.0443333 0.0999736 0.994002 0.126341 0.103268 0.986597 0.0325036 0.09451 0.994993 -0.155747 0.0888435 0.983793 -0.139435 0.0946194 0.9857 -0.026594 0.113956 0.99313 -0.0768389 0.0593512 0.995275 -0.0224249 0.0927444 0.995437 -0.0379292 0.0732953 0.996589 0.0758464 0.0827499 0.99368 0.0506357 0.0966389 0.994031 -0.0165985 0.107957 0.994017 -0.0307822 0.0983322 0.994677 0.0108143 0.0888883 0.995983 0.00493506 0.0865929 0.996232 -0.004047 0.0940287 0.995561 -0.0164454 0.0928235 0.995547 -0.0291521 0.0818533 0.996218 0.013917 0.0963365 0.995252 0.0846783 0.0914997 0.992198 0.000598392 0.0768061 0.997046 0.117843 0.0928514 0.988682 0.109178 0.0964415 0.989333 -0.147068 0.0958286 0.984473 -0.12405 0.0876876 0.988394 -0.029813 0.0968256 0.994855 0.00322509 0.0892237 0.996006 -0.059011 0.101414 0.993093 -0.00785424 0.0839474 0.996439 -0.08641 0.0942304 0.991793 0.00634076 0.0973395 0.995231 0.13285 0.0956609 0.986509 0.0203979 0.0972784 0.995048 -0.176226 0.0610331 0.982456 -0.120056 0.0800011 0.989538 -0.0643278 0.08212 0.994544 -0.101566 0.094004 0.990377 -0.107764 0.072347 0.991541 -0.0116755 0.0870915 0.996132 0.0291554 0.112485 0.993226 -0.157157 0.0938705 0.983102 -0.0373623 0.0932267 0.994944 0.0791223 0.102372 0.991594 -0.108911 0.101587 0.988847 -0.510901 0.330531 0.793555 -0.265663 0.174505 0.948141 -0.627426 0.391958 0.672834 -0.0437798 0.0961137 0.994407 -0.0190081 0.102543 0.994547 -0.0714946 0.0966922 0.992743 -0.00173353 0.0907554 0.995872 0.021457 0.0892673 0.995777 -0.00880809 0.0961655 0.995326 -0.266159 0.0780483 0.960764 -0.413495 -0.00975559 0.910454 -0.421108 0.130576 0.897562 -0.231389 -0.00220153 0.972859 -0.224153 0.0162991 0.974418 -0.111973 0.0883396 0.989777 -0.0828505 0.0882413 0.992648 -0.0787579 0.0765125 0.993953 -0.0614285 0.0811861 0.994804 0.117502 0.101038 0.987919 -0.0308973 0.0924484 0.995238 0.00719457 0.0889043 0.996014 -0.0129314 0.0854793 0.996256 0.0121499 0.0816611 0.996586 0.00755579 0.0836872 0.996463 0.0927528 0.108745 0.989733 -0.141304 0.0918817 0.985693 -0.117008 0.0785413 0.99002 -0.00461512 0.0825386 0.996577 -0.0181654 0.102054 0.994613 -0.0678577 0.0752689 0.994852 -0.0213831 0.0637904 0.997734 -0.0166288 0.0745305 0.99708 0.0193275 0.0956585 0.995227 0.0871317 0.0889134 0.992221 0.0619466 0.0935417 0.993686 -0.0757611 0.103148 0.991777 -0.0727782 0.0788068 0.99423 -0.0109447 0.0822438 0.996552 -0.0268886 0.0625659 0.997679 -0.112747 0.09244 0.989314 -0.0335266 0.0912768 0.995261 -0.154713 0.198623 0.967788 -0.139423 0.0722903 0.987591 -0.0181456 0.102986 0.994517 -0.0218579 0.0952937 0.995209 -0.214221 0.0760139 0.973823 -0.0873225 0.0924681 0.991879 -0.0439907 0.0897488 0.994992 0.0278166 0.0893492 0.995612 -0.0559589 0.106592 0.992727 0.036186 0.0905116 0.995238 -0.0369199 0.174981 0.983879 -0.0120584 0.096574 0.995253 -0.0797795 0.180154 0.980398 -0.0899561 0.100001 0.990913 -0.0156494 0.110207 0.993786 0.00779651 0.0913612 0.995787 0.155511 0.229085 0.960904 0.0621987 0.163705 0.984547 -0.00979765 0.0932409 0.995595 -0.0742734 0.187511 0.97945 -0.0363945 0.111333 0.993117 0.0183287 0.0426587 0.998922 -0.037844 0.0861582 0.995562 0.0233777 0.08576 0.996042 -0.0839716 0.254035 0.963543 -0.0873043 0.114486 0.989581 -0.178149 0.0569099 0.982356 -0.0618055 0.0682494 0.995752 -0.034095 0.0784848 0.996332 0.0155546 0.0804798 0.996635 0.0138787 0.0826066 0.996486 -0.147821 0.282224 0.947892 0.00963638 0.109312 0.993961 -0.0277621 0.0987773 0.994722 -0.0166544 0.160346 0.98692 0.0471417 0.266416 0.962705 0.0192481 0.203217 0.978944 -0.0924515 0.247558 0.964452 -0.0373283 0.224626 0.97373 -0.181837 0.0910627 0.979103 0.0566791 0.0728074 0.995734 0.0722952 0.0831264 0.993913 0.0154415 0.0796634 0.996702 -0.0506659 0.0786003 0.995618 -0.0420652 0.0764757 0.996184 -0.170384 0.0848462 0.981718 -0.493371 0.0517008 0.868281 -0.566812 0.0714876 0.82074 0.00274968 0.0842376 0.996442 0.0645683 0.0931083 0.99356 0.0376413 0.104145 0.99385 -0.0617487 0.0925023 0.993796 -0.168276 0.0809913 0.982407 -0.467397 0.0659802 0.881582 -0.145005 0.087312 0.985571 -0.0494673 0.0896054 0.994748 -0.820444 0.041325 0.570231 -0.84866 0.0390731 0.527493 -0.764005 0.0308471 0.644472 -0.934507 0.0195902 0.355406 -0.981327 -0.00927057 0.192125 -0.985087 0.0218061 0.170668 -0.52567 0.0745157 0.847419 -0.799621 0.0446345 0.598844 -0.903998 0.0611954 0.423135 -0.369148 0.0808566 0.925847 -0.092155 0.0949734 0.991205 -0.0559644 0.0786233 0.995332 -0.340604 0.0809503 0.936715 -0.583508 0.0661987 0.809405 -0.999419 -0.0162923 -0.0299371 -0.100393 0.0962581 0.990281 -0.385301 0.0581255 0.920958 -0.111159 0.0719967 0.991191 0.0688873 0.0851613 0.993983 0.0638006 0.0796104 0.994782 0.000869841 0.0530541 0.998591 -0.0154046 0.0762789 0.996968 -0.0335191 0.0618685 0.997521 0.0181521 0.0949994 0.995312 0.0531621 0.0935491 0.994194 -0.0161375 0.0756455 0.997004 -0.0331677 0.0724625 0.996819 -0.0782966 0.0682476 0.994591 -0.512144 0.0700302 0.85604 -0.713113 0.054355 0.698939 0.0256299 0.0878528 0.995804 -0.880674 0.0208961 0.473261 -0.221347 0.0576995 0.973487 -0.438639 0.0400748 0.897769 0.0741941 0.295357 0.952502 0.0156168 0.188663 0.981918 0.0407913 0.322895 0.945556 -0.399286 -0.119089 0.909059 -0.612104 -0.139747 0.778331 -0.148789 -0.00558203 0.988853 0.0669425 0.0617164 0.995846 -0.0320647 0.0719012 0.996896 0.000973512 0.125556 0.992086 -0.000202542 0.010701 0.999943 0.0580837 0.145965 0.987583 -0.546228 0.0518582 0.83603 -0.662443 0.027197 0.748618 -0.765815 0.0277641 0.642461 -0.910045 0.00988389 0.414391 -0.883324 -0.00253341 0.468756 -0.945515 0.0116215 0.32537 -0.988069 -0.00404389 0.153956 -0.979197 -0.00576568 0.202828 -0.852421 -0.150979 0.500583 -0.945323 -0.0864633 0.314464 -0.0220451 0.092305 0.995487 -0.228578 0.0738089 0.970724 -0.100635 0.0816714 0.991566 -0.999733 -0.0167399 0.0159305 -0.968694 0.00385594 0.248229 -0.995487 -0.0788824 0.0527542 -0.995706 -0.0186266 0.0906817 -0.997501 -0.0132115 0.0694086 -0.998979 -0.0178152 0.0415208 -0.998291 -0.0253845 -0.0526289 -0.99752 -0.0637117 -0.0299208 -0.999251 -0.0312943 -0.0227515 -0.99906 -0.0217646 -0.0374992 -0.998033 -0.0337552 -0.0528371 -0.999362 -0.0246176 -0.0258787 -0.998675 -0.0188289 -0.0478871 -0.994867 -0.0230207 -0.0985398 -0.993377 -0.0829893 -0.0794671 -0.997019 -0.0142921 0.0758281 -0.990334 -0.0447716 -0.131276 -0.988539 -0.0238169 -0.149074 0.233832 0.0969527 0.967431 -0.0458916 0.0934837 0.994563 -0.202364 0.0773487 0.976251 -0.994727 -0.0182104 -0.100932 0.0643111 0.0793177 0.994773 0.127978 0.101883 0.98653 -0.109315 0.0968824 0.989275 -0.988885 -0.0385125 -0.143605 -0.986823 -0.0384161 -0.157179 -0.976511 0.00651693 0.21537 -0.929881 -0.000541445 0.367861 0.157152 0.10449 0.982031 0.083663 0.107212 0.99071 0.101639 0.0732531 0.992121 0.0108805 0.0887854 0.995991 0.0997607 0.0925209 0.990701 0.120017 0.0750986 0.989927 -0.121493 0.100597 0.987481 -0.150292 0.0893424 0.984596 -0.120878 0.103902 0.987215 -0.187953 0.0833203 0.978638 -0.0575375 0.0701773 0.995874 -0.994247 -0.0443434 -0.0975006 -0.993227 -0.0211987 -0.114238 -0.99894 -0.0140706 -0.0438294 -0.122938 0.0973234 0.987631 0.059546 0.111179 0.992015 0.132768 0.0967625 0.986413 -0.129012 0.0888979 0.98765 -0.183849 0.0896917 0.978854 -0.0734053 0.0918259 0.993066 -0.994876 -0.026929 0.0974533 -0.999091 -0.0399166 -0.0149766 -0.981388 -0.0110901 0.191715 -0.956292 0.0248272 0.291358 -0.0955284 0.0921742 0.99115 -0.0291502 0.0811292 0.996277 -0.081515 0.0893159 0.992662 0.167409 0.0881601 0.981938 -0.0531362 0.094342 0.994121 -0.0278818 0.119033 0.992499 -0.0718108 0.0880827 0.993521 -0.118319 0.083606 0.98945 -0.0388523 0.071674 0.996671 -0.00426264 0.0941475 0.995549 0.0101345 0.0881272 0.996058 0.0012372 0.0871817 0.996192 -0.995963 -0.0307148 -0.0843466 -0.982512 0.00129408 0.186193 0.0570348 0.0868855 0.994584 0.101513 0.0918581 0.990584 0.109924 0.0853005 0.990273 -0.834226 0.0432126 0.549726 -0.0127766 0.0846623 0.996328 0.00277555 0.0985631 0.995127 -0.12665 0.0823522 0.988523 -0.117989 0.112482 0.986624 -0.730437 0.0377679 0.681935 -0.566582 0.0497775 0.8225 -0.269188 0.0959858 0.958293 0.0596889 0.0938816 0.993792 0.11896 0.096452 0.988203 -0.0249989 0.0913637 0.995504 -0.139119 0.0837406 0.986729 -0.0976355 0.104003 0.989773 0.0688152 0.0712242 0.995084 -0.100801 0.0702824 0.992421 0.0675609 0.106552 0.992009 0.141272 0.0830407 0.986482 0.109024 0.0956483 0.989427 0.0659749 0.0803477 0.994581 -0.0589007 0.0990513 0.993338 -0.118013 0.084988 0.989369 -0.0183531 0.0941102 0.995393 -0.0493911 0.0729782 0.99611 -0.00266885 0.0910833 0.99584 -0.00668301 0.0957983 0.995378 0.0918654 0.089933 0.991702 0.0476988 0.0849181 0.995246 0.108155 0.097978 0.989294 0.0979701 0.11735 0.988246 0.036917 0.0838916 0.995791 -0.0165521 0.0900312 0.995801 -0.115765 0.092456 0.988964 0.11831 0.0918213 0.988722 0.0519245 0.0846263 0.995059 -0.00409596 0.104577 0.994508 -0.984582 0.0133752 0.174414 -0.00268916 0.0767142 0.99705 -0.00400478 0.0820512 0.99662 -0.0129901 0.0999125 0.994911 -0.438365 0.0705414 0.896025 -0.0944508 0.074598 0.992731 0.119517 0.10468 0.987298 -0.022971 0.0907466 0.995609 -0.0549825 0.102922 0.993169 -0.135582 0.0893848 0.986726 -0.0793902 0.076761 0.993884 -0.123884 0.0847452 0.988671 0.083055 0.0972533 0.991788 -0.0649726 0.0941394 0.993437 -0.968282 0.0317202 0.247838 -0.736176 0.0408483 0.675557 0.130992 0.0727688 0.988709 0.131017 0.0767279 0.988407 -0.0945156 0.0991013 0.990579 0.102074 0.0876696 0.990906 0.0942319 0.0943574 0.991069 0.125847 0.0896704 0.987989 0.0985509 0.0780443 0.992067 0.132364 0.0854906 0.987508 0.00683972 0.0893852 0.995974 0.0111663 0.0730994 0.997262 -0.025861 0.0918226 0.99544 -0.0303425 0.0826496 0.996117 0.0101045 0.0793527 0.996795 0.00401898 0.0936915 0.995593 -0.00831825 0.0846272 0.996378 0.040746 0.0956666 0.994579 -0.405556 0.0793091 0.910623 -0.148953 0.0997399 0.983801 -0.0478529 0.0880622 0.994965 -0.0368518 0.0835892 0.995819 -0.0849563 0.0910416 0.992217 -0.0375374 0.0846572 0.995703 0.157688 0.108093 0.981555 0.00225135 0.0974168 0.995241 -0.990326 -0.0140832 0.138045 -0.802127 0.0539701 0.59471 -0.142946 0.0987314 0.984794 -0.817368 0.0540193 0.573577 0.0258143 0.0856921 0.995987 -0.0143304 0.102179 0.994663 -0.0436468 0.0977948 0.994249 -0.00699239 0.0748618 0.997169 -0.0163796 0.0875576 0.996025 0.00424724 0.109497 0.993978 0.0154106 0.0925703 0.995587 0.00334932 0.079132 0.996859 0.00715415 0.0963122 0.995325 0.0802079 0.0991305 0.991837 0.0142972 0.116521 0.993085 0.0672362 0.08771 0.993874 0.138482 0.0975754 0.985547 0.200628 0.0798516 0.976408 0.137368 0.0849725 0.986869 0.113379 0.0665171 0.991323 -0.0797373 0.0921545 0.992547 0.0747313 0.0959001 0.992582 -0.102137 0.0948958 0.990234 0.0979604 0.0981835 0.990335 -0.144341 0.0964037 0.984821 -0.0252098 0.0974619 0.99492 -0.0758383 0.0962569 0.992463 -0.0586741 0.097424 0.993512 0.0494712 0.0923831 0.994494 -0.010036 0.0959157 0.995339 0.0583779 0.0869468 0.994501 -0.119809 0.191765 0.9741 -0.176982 0.0377045 0.983492 0.18099 0.0908073 0.979284 -0.121159 0.0969414 0.987888 0.0119682 0.0981013 0.995104 -0.0141865 0.100148 0.994871 0.113326 0.103748 0.988126 -0.00979246 0.079882 0.996756 -0.00508325 0.0549186 0.998478 -0.0268499 0.0952754 0.995089 -0.0353395 0.0744647 0.996597 -0.0991326 0.0875879 0.991212 -0.110019 0.0509862 0.992621 -0.0045945 0.0984991 0.995127 0.0271836 0.0825698 0.996215 0.0337736 0.0598552 0.997636 -0.995049 2.01737e-05 0.0993872 -0.0264399 0.0975091 0.994883 -0.998031 -0.0569554 0.0262775 0.124233 0.0824982 0.988818 -0.0161778 0.0905007 0.995765 0.132923 0.0987096 0.986199 -0.0631916 0.0935037 0.993612 -0.957032 -0.00383696 0.289956 0.190347 0.0943544 0.977172 0.176846 0.0864683 0.980433 -0.890669 0.0304687 0.453631 -0.471355 0.0900102 0.877338 -0.165162 0.0999277 0.981191 -0.0676276 0.0962853 0.993054 -0.0291904 0.0610685 0.997707 -0.0705316 0.0933621 0.993131 -0.235155 0.0659648 0.969717 0.0411859 0.0882834 0.995244 -0.124964 0.0874053 0.988304 0.0631657 0.0903941 0.993901 -0.0250107 0.096913 0.994979 -0.111607 0.0989473 0.988814 -0.134916 0.0764669 0.987902 -0.00554655 0.0895109 0.99597 -0.51274 0.0603077 0.856423 0.203202 0.0750902 0.976253 0.00712154 0.0794838 0.996811 0.151047 0.0939904 0.984048 0.129977 0.0803488 0.988256 0.0234209 0.0860194 0.996018 -0.135914 0.0977832 0.985883 -0.128871 0.0886214 0.987694 -0.11498 0.0910885 0.989183 0.0632582 0.0975116 0.993222 -0.0395036 0.0854778 0.995557 -0.00215296 0.093887 0.995581 0.0154493 0.0824116 0.996479 0.00331842 0.0787879 0.996886 0.0156579 0.0905091 0.995773 -0.00678669 0.0975979 0.995203 0.00391262 0.0968028 0.995296 0.0203739 0.116812 0.992945 0.0417161 0.0961389 0.994493 -0.893542 0.0346956 0.447637 0.0858681 0.094627 0.991803 0.0050892 0.0664768 0.997775 -0.00161671 0.0742483 0.997239 0.0311533 0.0837457 0.996 0.0151699 0.0976955 0.995101 0.153599 0.0885411 0.984158 -0.0159396 0.0825958 0.996456 -0.047356 0.0821066 0.995498 -0.0429702 0.0972417 0.994333 -0.0824664 0.0678032 0.994285 0.0136265 0.0788077 0.996797 -0.0953556 0.0404617 0.994621 -0.115515 0.0638835 0.991249 0.00554303 0.10348 0.994616 -0.0175476 0.0950297 0.99532 0.0111138 0.0963322 0.995287 -0.0115352 0.0991676 0.995004 0.131155 0.0927789 0.987011 0.119369 0.0831138 0.989365 0.00349661 0.091207 0.995826 -0.092502 0.132814 0.986815 -0.100793 0.0676162 0.992607 -0.0925095 0.0523948 0.994332 -0.0382636 0.0965167 0.994596 0.152179 0.101825 0.983094 0.0259667 0.0912449 0.99549 0.141781 0.0855062 0.986198 0.0163051 0.0972297 0.995128 0.0224401 0.0967053 0.99506 -0.106085 0.101169 0.989197 0.0388771 0.0825936 0.995825 -0.00621661 0.087194 0.996172 0.00270901 0.0941479 0.995555 -0.0264587 0.0928706 0.995327 -0.10342 0.0791475 0.991484 0.046928 0.0812751 0.995586 0.0225094 0.0946508 0.995256 -0.017083 0.0792866 0.996705 -0.0184889 0.0940826 0.995393 -0.659508 0.0804557 0.74738 -0.126678 0.00325117 0.991939 -0.00800388 0.0608 0.998118 -0.0557211 0.0515764 0.997113 -0.0818738 0.0793389 0.99348 -0.0724401 0.0343729 0.99678 -0.112558 0.0483562 0.992468 -0.155153 0.0115726 0.987823 -0.0123052 0.0888769 0.995967 0.0100601 0.0885399 0.996022 -0.831937 0.010256 0.554775 0.0109222 0.0858144 0.996251 -0.0875778 0.0803833 0.992909 0.0278881 0.0919426 0.995374 0.0840172 0.0850027 0.992832 -0.717385 0.0219491 0.696331 -0.579548 0.0683383 0.812068 -0.126645 0.0920424 0.987669 0.0747989 0.0747831 0.994391 -0.315526 0.0754319 0.945914 -0.0219186 0.0746045 0.996972 0.0800422 0.0913789 0.992594 0.00890646 0.069155 0.997566 -0.00396257 0.0874787 0.996159 0.0613218 0.094464 0.993638 0.0366838 0.0871528 0.995519 -0.0836079 0.0798445 0.993295 0.0688688 0.0743679 0.99485 0.139315 0.0804176 0.986977 0.154938 0.0821218 0.984505 -0.0987902 0.075047 0.992274 0.121798 0.102019 0.987298 -0.0887606 0.0794868 0.992876 -0.0582055 0.079467 0.995137 -0.0141304 0.0928065 0.995584 0.00269564 0.101867 0.994794 -0.00847444 0.0947921 0.995461 -0.00692601 0.105937 0.994349 0.0814854 0.0730791 0.993992 -0.0169507 0.0844857 0.996281 -0.0188715 0.138871 0.990131 0.0355248 0.119541 0.992194 -0.399771 0.0731882 0.913688 -0.350658 0.06776 0.934049 -0.175855 0.0794312 0.981206 -0.0492324 0.0987407 0.993895 -0.0526931 0.0932434 0.994248 0.0475813 0.0958232 0.99426 0.087332 0.094586 0.991679 -0.0171664 0.0855406 0.996187 0.0328233 0.0711589 0.996925 0.0389776 0.102144 0.994006 0.0848716 0.0904571 0.992277 0.00543536 0.0866934 0.99622 0.164569 0.218103 0.96195 0.0257888 0.198689 0.979723 0.10882 0.336347 0.93543 -0.00716939 0.207336 0.978244 0.00601123 0.0826855 0.996558 -0.0793226 0.0855996 0.993167 -0.00598503 0.164156 0.986416 -0.040434 0.0806525 0.995922 0.00839512 0.0932331 0.995609 -0.0418203 0.0869752 0.995332 0.00570452 0.0837118 0.996474 -0.0141246 0.0824826 0.996492 0.0196428 0.0893395 0.995808 -0.00542934 0.0848393 0.99638 0.0179436 0.098729 0.994953 0.00645458 0.0890914 0.996003 -0.0140455 0.0813736 0.996585 -0.0748458 0.141727 0.987072 -0.0691268 0.128912 0.989244 -0.0111027 0.143543 0.989582 -0.116538 -0.0134628 0.993095 0.0629198 0.0930265 0.993674 -0.048745 0.0881062 0.994918 0.00669977 0.0886386 0.996041 -0.0948819 0.0882006 0.991574 -0.0360871 0.0742743 0.996585 -0.0140783 0.213667 0.976805 0.00157853 0.162592 0.986692 -0.0415861 0.185206 0.981819 0.0290473 0.0979986 0.994763 0.0164863 0.0691968 0.997467 -0.0259326 0.0857467 0.995979 -0.0249103 0.0732535 0.997002 -0.0876297 0.0704387 0.99366 -0.0748393 0.00318466 0.997191 0.0276241 0.100944 0.994509 -0.0108601 0.0773308 0.996946 0.0124533 0.286473 0.958007 -0.0444204 0.118966 0.991904 -0.0439529 0.300113 0.952891 -0.0882455 0.0616041 0.994192 0.0483836 0.176815 0.983054 0.0333181 0.287013 0.957347 0.0188376 0.33173 0.943186 0.049794 0.0770146 0.995786 0.0295716 0.503596 0.863433 0.0467491 0.412407 0.9098 0.0255032 0.223496 0.974371 0.0586476 0.214791 0.974898 -0.0100024 0.183614 0.982948 -0.0473878 0.129005 0.990511 -0.0432998 0.0736853 0.996341 0.00734088 0.104401 0.994508 -0.0103472 0.220205 0.975399 -0.0285384 0.295587 0.95489 -0.0634151 0.162132 0.984729 -0.116202 0.209805 0.970814 0.10021 0.183949 0.977814 -0.0502271 0.0525704 0.997353 -0.0456958 0.111827 0.992676 -0.023113 0.109892 0.993675 -0.10067 0.245157 0.964243 0.025275 0.175986 0.984068 0.0742051 0.101655 0.992048 0.0263066 0.229662 0.972915 0.0381162 0.145553 0.988616 0.0292828 0.170795 0.984871 -0.00764307 0.29072 0.956778 0.0281268 0.104487 0.994128 0.042856 0.0568644 0.997462 -0.00390867 0.589679 0.807628 0.0552069 0.493645 0.86791 -0.040099 0.268061 0.962567 -0.0453958 0.409053 0.911381 0.0278043 0.680951 0.731801 -0.0391468 0.571765 0.819483 0.0186671 0.262689 0.9647 -0.0768287 0.263343 0.961638 -0.0412037 0.20834 0.977188 0.0229239 0.263113 0.964493 0.19151 0.32358 0.926618 0.22656 0.0904858 0.969785 0.088896 0.0730566 0.993358 0.487393 0.0842547 0.869108 0.784293 0.099251 0.612401 0.0928452 0.0954171 0.991098 -0.0238864 0.0950142 0.995189 0.122501 0.0747558 0.989649 0.544661 0.0602358 0.83649 0.853346 0.0306664 0.520442 0.862994 0.0324428 0.504172 -0.0402266 0.093316 0.994824 -0.0133521 0.109487 0.993899 0.350114 0.104555 0.930853 0.188872 0.0570314 0.980344 0.537445 0.0480854 0.841927 0.0758437 0.0843711 0.993544 -0.0327363 0.0864349 0.99572 -0.0421093 0.0836398 0.995606 -0.0231486 0.0663797 0.997526 -0.00343717 0.0592455 0.998238 0.00300865 0.0774104 0.996995 -0.014017 0.0915564 0.995701 -0.0400123 0.0639394 0.997151 -0.134327 0.0937368 0.986494 -0.427689 0.0809785 0.900291 0.971322 -0.00635245 0.237682 0.983513 0.0373515 0.176939 0.368633 0.108673 0.923201 0.0337944 0.0765427 0.996493 0.0827091 0.107127 0.990799 0.743046 0.114106 0.659441 -0.0204447 0.0816185 0.996454 -0.252074 0.0645932 0.96555 -0.168081 0.070746 0.983231 -0.605391 0.0654237 0.793235 -0.6411 0.0452886 0.76612 0.865588 0.0390156 0.499235 0.839698 0.06416 0.53925 -0.261756 0.0641858 0.962997 -0.76983 0.0657913 0.634849 -0.689889 0.059326 0.72148 0.97967 0.0454027 0.195411 0.986665 0.018124 0.161752 0.200987 0.0792917 0.97638 -0.0126703 0.0769734 0.996953 -0.00944175 0.0760169 0.997062 -0.036092 0.0711265 0.996814 0.33593 0.0878253 0.937784 0.145439 0.0685353 0.986991 0.505656 0.0646242 0.860312 -0.161411 0.0452071 0.985851 -0.00602735 0.0716541 0.997411 -0.00745809 0.0551293 0.998451 -0.0199734 0.0757667 0.996926 -0.0104557 0.0685888 0.99759 -0.00980032 0.0678137 0.99765 0.756006 0.059042 0.651896 0.698701 0.0740365 0.711573 -0.511629 0.0368727 0.858415 0.977734 0.011202 0.20955 -0.955573 0.0260779 0.293599 -0.530565 0.0455946 0.846417 -0.70069 0.033264 0.71269 0.0150592 0.469605 0.882748 0.106994 0.121586 0.986797 0.398617 0.466619 0.789539 -0.89453 0.0259275 0.446255 -0.923231 0.0253505 0.383409 0.470089 0.0923337 0.877776 0.759261 0.0742019 0.646542 0.913518 0.0733467 0.400132 0.989145 0.0674957 0.130521 0.959222 0.126645 0.252692 0.999818 0.0140394 0.0129156 0.00728151 0.110797 0.993816 0.0131439 0.309215 0.950902 -0.00618585 0.186874 0.982364 0.0191019 0.326083 0.945148 -0.23325 0.285052 0.929699 -0.281839 0.141172 0.949019 0.00184589 0.0498225 0.998756 0.999397 0.0043906 0.034456 0.999282 0.0112086 0.0362033 -0.758091 0.0643393 0.648968 -0.914061 -0.0087443 0.405482 -0.96047 -0.00169651 0.27838 -0.896292 -0.00171246 0.443461 0.811365 0.147271 0.565684 0.938903 0.0365152 0.34224 0.942121 0.0400023 0.332879 0.993044 0.0418205 0.110063 -0.0166132 0.518744 0.854768 0.791216 0.539945 0.287119 0.485448 0.758395 0.434944 -0.990146 -0.0198363 0.138627 0.996072 0.0206303 0.0861149 -0.990122 -0.00273849 0.140184 0.999188 0.00526989 0.0399552 0.999803 0.0125132 0.0154059 0.999044 0.0186089 0.039571 -0.996972 -0.0102855 0.0770728 0.963794 0.134663 0.230144 -0.99848 -0.0541752 0.010153 -0.994458 -0.0581812 0.0875696 0.980738 0.190338 0.0438729 -0.997667 -0.0132378 -0.066974 -0.999923 -2.4488e-05 -0.0124374 0.992929 0.0178194 0.117363 0.999839 -0.00163044 -0.0178772 0.999771 0.0207954 0.00505175 0.999572 0.00668452 0.0284668 0.994843 0.0206013 0.0993176 0.993226 0.0251731 0.113441 -0.999544 -0.0208629 -0.0218155 -0.996407 -0.0330032 -0.0779982 0.848592 0.525566 0.0606054 0.996078 0.0183255 0.086558 0.837977 0.473779 0.270792 -0.999565 -0.0270565 -0.0117722 0.999797 0.00654546 0.0190615 0.999145 0.0323524 0.0257373 0.992012 0.0362252 0.120831 -0.99541 -0.0269823 -0.0918219 0.906456 0.407085 0.112337 0.921815 0.386092 -0.0344876 0.94296 0.0384098 0.330682 -0.991892 -0.0517286 -0.116081 0.995761 0.0735281 0.0552584 0.501523 0.0891643 0.860537 0.130251 0.108063 0.985575 0.213976 0.0813518 0.973446 -0.991575 -0.0709834 -0.108349 0.999879 -0.0051711 0.014663 0.962532 0.0485275 0.266791 -0.999533 -0.0264809 0.0152251 0.820321 0.559694 0.117544 0.0805621 0.0919202 0.992502 0.0620765 0.0636944 0.996037 0.498236 0.0384252 0.866189 0.914459 0.0772524 0.397237 0.982933 0.0249326 0.182267 0.775151 0.0603541 0.628886 -0.020637 0.0812686 0.996479 -0.062793 0.0778147 0.994988 -0.0272348 0.0889886 0.99566 0.786936 0.0497137 0.615029 0.586698 0.0943872 0.804286 0.810491 0.568555 0.14089 0.985682 0.0130433 0.16811 0.903571 0.0518039 0.425295 0.104657 0.0784063 0.991413 0.387921 0.0866633 0.917609 0.30058 0.0798394 0.950409 0.606926 0.0752382 0.791189 0.895118 0.0204217 0.445362 0.740597 0.00053644 0.671949 -0.0321717 0.0818327 0.996127 -0.022222 0.073184 0.997071 0.015412 0.0798051 0.996691 0.753455 0.103914 0.649236 0.517198 0.0703694 0.852968 -0.0283475 0.0779066 0.996558 0.196712 0.0745966 0.977619 -0.0149035 0.0831191 0.996428 0.912199 0.0533706 0.406257 -0.998464 -0.0195826 0.0518286 0.994715 0.026132 0.0992927 0.976533 0.00346366 0.215339 -0.999509 0.0143935 0.0278358 -0.986337 -0.0130452 -0.164226 0.96148 0.0299163 0.273241 0.910017 0.0157311 0.414272 0.681644 0.101521 0.724607 0.152615 0.123727 0.98051 0.0874701 0.099865 0.991149 0.393012 0.0963168 0.914475 0.662864 0.0634416 0.746047 0.720128 0.0987896 0.686772 0.922518 0.0351 0.384355 0.981613 0.0445615 0.185607 0.016102 0.0977652 0.995079 0.0501551 0.111474 0.992501 -0.0664886 0.0825034 0.99437 -0.0856557 0.1158 0.989572 0.392109 0.0960799 0.914888 0.173052 0.0859359 0.981157 -0.999318 -0.0316323 -0.0190363 0.940624 0.0197529 0.338874 0.501382 0.113339 0.85777 0.755994 0.0734593 0.650444 0.92425 0.0445932 0.379176 0.742114 0.0444167 0.668801 0.0259586 0.0919184 0.995428 0.0471027 0.104578 0.993401 -0.00338699 0.100231 0.994958 -0.0603464 0.10091 0.993064 -0.106605 0.102567 0.988997 -0.0934167 0.0970061 0.99089 0.100376 0.111579 0.988673 0.713347 0.0398753 0.699675 0.405616 0.12016 0.906111 0.925091 0.0516998 0.37621 0.99911 0.0219099 0.0360327 -0.915858 0.000286839 0.401502 -0.00473797 0.0803724 0.996754 -0.0328225 0.0820303 0.996089 0.997568 0.0187216 0.0671421 -0.995116 -0.00434231 0.0986194 0.156303 0.0904675 0.983557 0.92026 0.170996 0.351968 -0.976913 -0.012879 0.213251 -0.956091 -0.00293423 0.293055 0.76049 0.0509876 0.647344 0.192773 0.0604217 0.979381 0.529977 0.0582714 0.846008 0.940685 0.0698629 0.332009 0.782391 0.11422 0.612224 0.0140763 0.0800179 0.996694 0.709594 0.0664689 0.701469 0.832841 -0.145735 0.533982 0.433725 0.0613028 0.898958 0.38907 0.0790237 0.917812 -0.0784108 0.086704 0.993144 0.104277 0.104883 0.989002 0.0953848 0.0793648 0.992272 0.974465 0.0255258 0.223084 0.997415 0.0217101 0.0685004 0.999436 0.00460407 0.0332491 0.8699 0.0480607 0.49088 0.665263 0.0804653 0.74226 0.568308 0.0776899 0.81914 0.416127 0.0805336 0.905733 0.837762 0.05897 0.542841 0.808086 0.0514585 0.586813 0.0132196 0.0724791 0.997282 0.0471788 0.10501 0.993351 -0.0290797 0.0770211 0.996605 0.0548974 0.0912566 0.994313 -0.029064 0.074208 0.996819 -0.0799091 0.0661718 0.994603 -0.0884362 0.0841108 0.992524 0.0873355 0.0803232 0.992935 0.415649 0.0751916 0.906412 0.203106 0.0813051 0.975775 0.00181918 0.080804 0.996728 0.997524 0.00756728 -0.0699226 -0.0244112 0.103928 0.994285 -0.110488 0.0951626 0.989311 0.998975 0.0270185 0.0363101 0.998463 0.00847348 -0.0547632 0.306743 0.101401 0.946376 0.144265 0.0956105 0.984909 0.102395 0.0948525 0.990211 0.486022 0.0845736 0.869845 0.827349 0.0541855 0.559069 -0.814064 0.00679854 0.580736 -0.726201 0.0303446 0.686812 0.567664 0.0439552 0.822086 0.690657 0.0268976 0.722682 -0.018945 0.102112 0.994593 0.0149393 0.0871698 0.996081 -0.0148273 0.0944486 0.995419 0.0314008 0.086596 0.995749 -0.0208696 0.0822569 0.996393 0.311999 0.101356 0.94466 0.294766 0.078554 0.952335 0.111426 0.079506 0.990587 0.829764 0.047744 0.556068 0.984945 0.0197753 0.171734 0.97142 0.0419194 0.233636 0.483023 0.706724 0.516943 0.511572 0.382372 0.769471 0.99629 0.0184799 -0.0840503 0.662314 0.083446 0.744565 0.371478 0.0785522 0.925113 0.668506 0.095878 0.737501 -0.51211 0.0541401 0.857212 -0.0216113 0.425757 0.904579 -0.039331 0.100794 0.99413 0.197726 0.173243 0.964827 -0.0775277 0.0560311 0.995414 -0.0813808 0.168921 0.982264 0.00883602 0.0585972 0.998243 0.318358 0.0875033 0.943924 -0.0788681 0.0811892 0.993573 0.118279 0.0681307 0.99064 0.974227 0.0338169 0.223019 0.996622 0.00258979 -0.0820836 0.217471 0.550791 0.805814 0.716345 0.255352 0.649342 0.0632829 0.325163 0.943538 -0.0713455 0.335049 0.939496 -0.00911048 0.85157 0.524162 0.861246 0.036977 0.506842 -0.0357165 0.185591 0.981978 0.911497 0.0737505 0.404641 0.987756 0.0303994 0.153016 0.999942 0.00995833 -0.00404145 0.279707 0.802734 0.526671 0.768792 0.540072 0.342464 0.0326455 0.731182 0.681401 0.971854 0.0236697 0.234392 0.983601 0.0690425 0.166622 0.997396 0.033006 0.0641296 -0.0488957 0.288822 0.956134 0.997392 0.00775629 -0.0717608 -0.00301068 0.971404 0.237413 0.984285 0.138836 0.109119 0.994714 0.00220572 -0.102659 0.796159 0.571404 0.199067 0.99982 0.013147 -0.0136522 0.977369 0.0224408 0.210346 0.999738 0.0133996 -0.018565 0.995805 0.00688597 -0.0912467 0.992617 0.00429223 -0.121213 0.998711 0.00711813 -0.0502563 0.99891 0.00292144 -0.0465952 0.992567 0.0122664 -0.121081 0.992607 -0.00746253 -0.121144 0.988974 0.0125717 -0.147554 0.930749 0.363013 -0.0439127 0.997963 0.00102804 -0.0637854 0.999466 0.0209608 0.0250826 0.998228 0.022974 -0.0548829 0.990525 0.104155 -0.0895139 0.992677 0.0115963 -0.120238 0.880801 0.45701 0.123818 0.989413 0.00437649 -0.145063 0.993552 -0.00265064 -0.113349 0.55969 0.085297 0.8243 0.865674 0.0461691 0.498474 0.996942 0.0190103 -0.0758006 0.998424 0.00856044 -0.0554648 0.987894 0.021654 0.153613 -0.0603764 0.0984509 0.993309 -0.172786 0.0968266 0.980189 0.634417 0.0760276 0.769243 0.999469 -0.00142352 -0.0325644 0.997769 -0.00166525 -0.0667392 0.982336 0.0314763 0.184461 -0.0391732 0.0907689 0.995101 0.152228 0.0854092 0.984648 0.150231 0.0954056 0.984037 0.857888 0.0543208 0.510957 0.990726 0.021876 -0.134103 0.985325 0.0206452 -0.169436 0.910817 0.400452 -0.100252 0.971003 0.0394154 0.235797 0.973358 0.0484479 0.224113 0.853936 0.0777485 0.514537 -0.191744 0.0854549 0.977718 -0.0367705 0.0788163 0.996211 -0.176365 0.0788213 0.981164 0.0271055 0.0852711 0.995989 -0.14715 0.0822922 0.985685 -0.0333029 0.0814563 0.99612 0.0349952 0.0990377 0.994468 0.442162 0.0784379 0.893499 0.475687 0.0905405 0.874943 0.0836777 0.082445 0.993077 0.997287 0.0315694 -0.0665004 0.0264341 0.0820357 0.996279 0.974493 0.029514 0.222468 0.0171079 0.0812423 0.996548 -0.0620339 0.0897761 0.994028 -0.181856 0.0656875 0.981129 0.150635 0.0995477 0.983565 0.141323 0.0875594 0.986084 0.143246 0.0818616 0.986296 0.770117 0.0857013 0.63212 0.786397 0.0621775 0.614585 0.579427 0.078291 0.811255 0.134197 0.0829926 0.987473 -0.0395325 0.0825555 0.995802 -0.0773114 0.0777859 0.993968 -0.0391219 0.0735271 0.996526 0.101835 0.0841448 0.991236 0.992039 0.0200196 -0.124329 0.951807 0.0253008 0.305652 0.950409 0.276037 0.143272 0.030671 0.0980119 0.994713 -0.16424 0.108327 0.980454 0.761615 0.0728496 0.643922 0.985917 0.163766 -0.0338895 0.947322 0.303569 -0.102107 0.0677378 0.0873039 0.993876 -0.127098 0.0791479 0.988727 -0.0336932 0.0834608 0.995941 0.407318 0.105762 0.907142 0.392855 0.0606628 0.917597 -0.0345375 0.0822944 0.996009 -0.0399295 0.0592174 0.997446 0.0800359 0.0871636 0.992974 0.0169101 0.0886061 0.995923 -0.00816277 0.0992462 0.995029 0.942858 0.0244725 0.332295 0.723122 0.0832156 0.685689 0.0749509 0.111155 0.990973 0.114374 0.0960051 0.988788 0.97431 0.20945 -0.0827676 -0.111464 0.0931382 0.989394 0.999514 0.012771 -0.0284433 -0.0149172 0.0965297 0.995218 -0.174888 0.0945455 0.980038 -0.0207265 0.0851634 0.996151 -0.0847257 0.0940387 0.991957 -0.0415671 0.0914398 0.994943 0.663354 0.0399129 0.747241 0.343653 0.0801993 0.935666 0.0522242 0.0994969 0.993666 -0.0469942 0.0936474 0.994496 0.00632313 0.0987711 0.99509 -0.0481451 0.0947914 0.994332 0.0172779 0.0358806 0.999207 0.0294081 0.0778414 0.996532 -0.1029 0.0854176 0.991017 -0.146321 0.0902043 0.985116 -0.0685587 0.0875462 0.993798 -0.0192349 0.0854282 0.996159 -0.037109 0.101651 0.994128 -0.0125323 0.0976562 0.995141 0.0119054 0.0839537 0.996399 -0.0810333 0.0805392 0.993452 -0.0115705 0.0877138 0.996079 0.999836 0.0129983 -0.0126385 0.997713 0.0327721 0.0591241 0.728266 0.0803909 0.680563 -0.138518 0.116429 0.983492 0.0635341 0.107288 0.992196 -0.0144887 0.108657 0.993974 0.132244 0.109867 0.98511 -0.146492 0.113304 0.982702 0.972904 0.22842 -0.0358139 0.92447 0.343255 0.165926 -0.140299 0.0999209 0.985054 0.90067 0.0862098 0.425865 -0.00804865 0.0967988 0.995271 -0.00605169 0.101796 0.994787 0.981148 0.015828 0.192608 -0.1521 0.0979015 0.983504 -0.0132228 0.102582 0.994637 0.0359243 0.115838 0.992618 0.0107003 0.0979247 0.995136 -0.00918257 0.0942124 0.99551 -0.0166203 0.102621 0.994582 -0.00632113 0.0543517 0.998502 0.237834 0.105889 0.965517 -0.015901 0.0685293 0.997522 0.263414 0.153121 0.952453 -0.154796 0.101281 0.982741 0.1271 0.101524 0.986681 -0.0889337 0.0915355 0.991823 -0.118969 0.0912222 0.988699 -0.0994558 0.128753 0.986677 0.0684431 0.108274 0.991762 0.958353 0.0583585 0.27956 0.957059 0.028895 0.288448 0.8879 0.0411442 0.458193 0.822982 0.0805551 0.562327 0.112833 0.106905 0.987846 -0.035112 0.0968249 0.994682 -0.0311457 0.112371 0.993178 0.65601 0.0881586 0.749586 -0.0250105 0.137959 0.990122 0.0490869 0.101102 0.993664 0.362621 0.0876891 0.927802 -0.0566614 0.0981769 0.993555 -0.0552872 0.0984047 0.99361 0.00722087 0.101077 0.994852 -0.00665977 0.102964 0.994663 -0.0163395 0.101444 0.994707 0.0908697 0.131975 0.987079 0.0271256 0.0910291 0.995479 0.0711355 0.0932711 0.993096 0.79517 0.0588361 0.603525 0.531829 0.071282 0.843847 0.439073 0.0754728 0.895276 0.295869 0.108602 0.949035 -0.114474 0.0833674 0.989922 -0.0869594 0.108465 0.99029 -0.0178381 0.0839876 0.996307 -0.052022 0.0924713 0.994355 0.623314 0.209419 0.753408 0.0315746 0.0878409 0.995634 -0.0631109 0.0650141 0.995887 0.537355 0.092638 0.838253 0.0585712 0.0885727 0.994346 -0.0346719 0.0961184 0.994766 0.218127 0.0981099 0.970976 0.127043 0.116117 0.985077 0.117375 0.068398 0.990729 -0.0239728 0.0975241 0.994944 -0.0317395 0.0906509 0.995377 0.0253658 0.0838936 0.996152 0.0795632 0.0789813 0.993696 0.0373627 0.162978 0.985922 0.0783698 0.0911098 0.992752 -0.0444771 0.0910914 0.994849 -0.01996 0.0818288 0.996447 -0.022881 0.117809 0.992773 -0.0645369 0.1636 0.984414 0.00807282 0.117173 0.993079 0.0472639 0.0662734 0.996681 -0.0113748 0.144636 0.98942 -0.0642843 0.0706988 0.995424 -0.0442673 0.105614 0.993421 0.427829 0.213402 0.878306 0.0896787 0.115392 0.989264 -0.0408142 0.0977116 0.994378 -0.10444 0.0955013 0.989935 -0.0710876 0.168856 0.983074 -0.0739828 0.113045 0.990832 -0.00235318 0.0976895 0.995214 -0.0449964 0.150333 0.987611 0.0783383 0.118421 0.989869 0.0372426 0.0823518 0.995907 0.0246128 0.130989 0.991078 -0.000460458 0.225886 0.974154 -0.0254121 0.236698 0.971251 -0.118456 0.191013 0.974414 0.0566946 0.253881 0.965572 -0.0600924 0.179114 0.981991 0.0037408 0.256197 0.966617 -0.0388041 0.127323 0.991102 0.0034844 0.0810122 0.996707"/>
    <TextureCoordinate point="0.657143 0.159715 0.65628 0.152491 0.662971 0.159034 0.645307 0.134373 0.64977 0.128373 0.647746 0.133034 0.70831 0.2065 0.713322 0.209365 0.709069 0.212997 0.665601 0.165324 0.671619 0.172911 0.67219 0.166001 0.701281 0.201984 0.700154 0.20541 0.692677 0.200525 0.678167 0.178936 0.704914 0.21394 0.717125 0.222013 0.718644 0.22432 0.716869 0.224161 0.671817 0.177246 0.643071 0.132788 0.666838 0.17328 0.710895 0.219418 0.663078 0.16803 0.651129 0.147063 0.650024 0.15026 0.681624 0.18903 0.682402 0.18371 0.688144 0.189367 0.713983 0.223656 0.712809 0.217932 0.723302 0.21985 0.724956 0.221616 0.677113 0.153131 0.686244 0.160633 0.683802 0.167824 0.719075 0.214462 0.731145 0.215228 0.652545 0.121726 0.653766 0.122355 0.648321 0.126394 0.656841 0.121307 0.713424 0.20294 0.656967 0.130703 0.698772 0.183396 0.706098 0.195205 0.693114 0.195456 0.668537 0.145044 0.667785 0.154302 0.696096 0.17477 0.68817 0.177049 0.725162 0.20232 0.660172 0.153595 0.715026 0.215237 0.680313 0.174681 0.67288 0.120469 0.650001 0.141031 0.647409 0.141749 0.644219 0.135447 0.655562 0.148459 0.6573 0.13892 0.70792 0.184649 0.70826 0.164779 0.687202 0.142812 0.685656 0.193474 0.726164 0.223843 0.716561 0.226317 0.697528 0.208908 0.718201 0.229209 0.655751 0.163436 0.64395 0.140285 0.695801 0.147104 0.709223 0.154918 0.734517 0.215879 0.741199 0.208597 0.744178 0.210395 0.73473 0.21192 0.724205 0.167645 0.718992 0.191719 0.728446 0.180172 0.718449 0.181473 0.659709 0.11273 0.653945 0.116913 0.729403 0.220033 0.646687 0.125716 0.729862 0.187215 0.741056 0.197655 0.668573 0.103123 0.665255 0.110876 0.641868 0.135161 0.64105 0.127638 0.700156 0.213746 0.709391 0.222356 0.689672 0.203762 0.669477 0.183366 0.675676 0.18965 0.710997 0.227584 0.644807 0.146684 0.649974 0.156287 0.70643 0.137172 0.720778 0.153459 0.734699 0.218889 0.734383 0.22111 0.690385 0.112954 0.69501 0.119658 0.684444 0.114532 0.693878 0.133147 0.744533 0.212765 0.672459 0.113621 0.702743 0.126961 0.675911 0.0995537 0.647365 0.122056 0.65893 0.110542 0.669511 0.0992428 0.747896 0.20761 0.751089 0.203888 0.739354 0.188433 0.736777 0.177961 0.657339 0.171744 0.679706 0.198423 0.697284 0.215994 0.691585 0.213134 0.662575 0.176439 0.675273 0.0955718 0.707878 0.120207 0.728258 0.147337 0.720007 0.147191 0.753743 0.206293 0.743358 0.169203 0.729786 0.165152 0.737248 0.159757 0.656731 0.109326 0.663322 0.101383 0.743902 0.18549 0.751425 0.181482 0.681335 0.0930698 0.754101 0.200251 0.761026 0.197246 0.697535 0.109246 0.728046 0.227455 0.636533 0.130862 0.63926 0.145621 0.64382 0.151287 0.68581 0.20502 0.699905 0.220955 0.645841 0.155901 0.669747 0.095213 0.653294 0.165078 0.749715 0.211866 0.687242 0.0875378 0.693291 0.0934007 0.744025 0.216399 0.662112 0.183797 0.753839 0.175923 0.683395 0.0866751 0.675595 0.0923677 0.706099 0.107334 0.712297 0.114805 0.721126 0.126736 0.730229 0.138723 0.635488 0.134504 0.704822 0.226407 0.75306 0.167938 0.764505 0.184586 0.748647 0.113949 0.736917 0.109288 0.742356 0.1036 0.702667 0.0707449 0.709622 0.0683727 0.697559 0.0810402 0.704725 0.08283 0.693197 0.0779557 0.737749 0.130552 0.746741 0.123881 0.741711 0.136888 0.73362 0.0971098 0.734202 0.104617 0.727074 0.11149 0.746494 0.143382 0.734432 0.122016 0.68919 0.0834474 0.684285 0.082654 0.677595 0.0870807 0.635513 0.125285 0.73333 0.137734 0.73805 0.146781 0.733258 0.146075 0.749926 0.153331 0.743477 0.154526 0.740327 0.155765 0.747516 0.160297 0.745124 0.162409 0.717831 0.230898 0.679202 0.204113 0.636485 0.151424 0.639932 0.153308 0.709502 0.231416 0.723108 0.0570413 0.716531 0.0577772 0.719864 0.0656928 0.689883 0.0747752 0.6814 0.0804578 0.674608 0.0854726 0.698754 0.0684133 0.645392 0.160282 0.652377 0.168881 0.668502 0.192107 0.674765 0.197921 0.718801 0.0824159 0.732287 0.0759597 0.73021 0.0851718 0.764071 0.170058 0.740777 0.100198 0.727363 0.0685925 0.729983 0.0718608 0.741496 0.0792494 0.74707 0.0913875 0.702844 0.0863266 0.712423 0.0922023 0.708767 0.0938211 0.716628 0.103693 0.72897 0.120222 0.7235 0.124003 0.646058 0.107435 0.699236 0.0937968 0.739386 0.226254 0.707768 0.103668 0.717883 0.116495 0.73157 0.0547401 0.743275 0.0640011 0.694832 0.220725 0.655743 0.17641 0.73915 0.0441521 0.727399 0.0457599 0.690857 0.215249 0.756248 0.0377169 0.747676 0.036887 0.714737 0.0555319 0.707282 0.0604588 0.747622 0.0513581 0.759936 0.0502208 0.731284 0.0405156 0.649705 0.171609 0.655796 0.184293 0.739281 0.0381326 0.661099 0.19039 0.683251 0.216366 0.706953 0.0565031 0.688078 0.0716972 0.760854 0.0248973 0.632438 0.128626 0.640319 0.159867 0.434208 0.170116 0.424619 0.157917 0.434336 0.15953 0.66745 0.0851852 0.656352 0.0946359 0.410156 0.13901 0.422629 0.142802 0.440225 0.167674 0.444137 0.183958 0.444327 0.170441 0.450183 0.186222 0.45391 0.195603 0.459264 0.195804 0.462641 0.206271 0.751028 0.221354 0.631053 0.133233 0.634721 0.145595 0.666386 0.198325 0.690645 0.221322 0.422219 0.123318 0.431836 0.132401 0.425385 0.142499 0.416811 0.129885 0.650361 0.180414 0.753835 0.0235356 0.737427 0.0333606 0.438043 0.14317 0.438025 0.157519 0.44922 0.161133 0.450788 0.169403 0.46165 0.167742 0.459003 0.182487 0.471968 0.194221 0.467461 0.202802 0.477548 0.195558 0.716035 0.0486189 0.694631 0.0645615 0.471328 0.218352 0.485005 0.211745 0.476684 0.221725 0.49721 0.223502 0.489745 0.236364 0.495056 0.239539 0.508635 0.237275 0.506751 0.25068 0.629749 0.139406 0.632615 0.146908 0.490294 0.19479 0.492031 0.185701 0.497177 0.201684 0.484126 0.170885 0.477187 0.178359 0.469883 0.17442 0.483333 0.182807 0.748301 0.0241004 0.507225 0.21279 0.511825 0.200717 0.522178 0.211646 0.513989 0.224116 0.520816 0.231581 0.538392 0.225901 0.524212 0.233935 0.534351 0.236652 0.522654 0.242382 0.543389 0.2421 0.535912 0.247881 0.543298 0.26261 0.549601 0.249414 0.552239 0.255832 0.554516 0.263299 0.67568 0.211854 0.522211 0.251865 0.532631 0.265327 0.518559 0.261083 0.526775 0.269153 0.69761 0.231867 0.701104 0.23701 0.708008 0.0516821 0.557788 0.270442 0.542181 0.275348 0.676178 0.074094 0.438144 0.107351 0.442587 0.118898 0.43344 0.114028 0.635981 0.16687 0.439276 0.12664 0.455061 0.133484 0.446185 0.15096 0.466373 0.141773 0.463492 0.15773 0.455721 0.153937 0.475305 0.155975 0.474039 0.163844 0.454203 0.164086 0.494243 0.206235 0.503979 0.215663 0.50068 0.220326 0.510571 0.228297 0.646616 0.100429 0.636554 0.116938 0.519647 0.236368 0.513042 0.25026 0.630857 0.156785 0.690163 0.226204 0.548452 0.228776 0.554702 0.24084 0.531243 0.217487 0.566608 0.241943 0.560002 0.257008 0.575484 0.249926 0.569448 0.266581 0.43748 0.089591 0.444111 0.100818 0.449187 0.118187 0.460357 0.105636 0.463195 0.10905 0.736961 0.0269701 0.62204 0.125421 0.62933 0.112236 0.618254 0.130828 0.462303 0.122391 0.472988 0.127631 0.483731 0.145413 0.484284 0.134441 0.491973 0.149157 0.487108 0.163058 0.504854 0.161766 0.493881 0.174774 0.510051 0.169902 0.504953 0.186438 0.520256 0.180972 0.51469 0.194428 0.531321 0.205394 0.5534 0.217729 0.655026 0.188529 0.663034 0.196229 0.667822 0.206188 0.621618 0.137617 0.474387 0.103133 0.460194 0.0851207 0.476739 0.0939793 0.577137 0.238303 0.482674 0.0998479 0.488013 0.106035 0.483571 0.112485 0.472827 0.115823 0.510967 0.156181 0.502295 0.149963 0.515598 0.152565 0.53007 0.172139 0.51757 0.166183 0.52735 0.160258 0.526589 0.176736 0.566478 0.217496 0.573298 0.22293 0.560699 0.227453 0.685192 0.222185 0.724259 0.0296285 0.688082 0.0610284 0.640787 0.17399 0.649105 0.187863 0.451378 0.0783505 0.462596 0.0753382 0.479424 0.0817309 0.664444 0.081532 0.503398 0.135453 0.634876 0.107619 0.526028 0.194598 0.550626 0.19817 0.536985 0.199956 0.542797 0.181858 0.547067 0.210248 0.555904 0.207886 0.589173 0.251498 0.747194 0.0206138 0.454334 0.088851 0.478742 0.125205 0.490603 0.126187 0.492008 0.141022 0.623379 0.147966 0.528436 0.124855 0.538606 0.131624 0.530258 0.144378 0.708813 0.0409916 0.513266 0.127722 0.520156 0.142356 0.523331 0.152738 0.616896 0.254167 0.604736 0.245877 0.611799 0.244241 0.596099 0.238719 0.59815 0.256067 0.553225 0.190241 0.563485 0.186255 0.568959 0.192428 0.573739 0.208203 0.585037 0.224192 0.579261 0.227991 0.592287 0.231181 0.474869 0.0729858 0.488951 0.0946731 0.495389 0.11273 0.507351 0.115532 0.498611 0.11951 0.506294 0.122728 0.65624 0.195343 0.659048 0.199309 0.678666 0.218091 0.672284 0.212887 0.685119 0.226564 0.689585 0.230276 0.546004 0.130606 0.547325 0.143891 0.620805 0.219991 0.62098 0.231907 0.616358 0.228137 0.628054 0.226281 0.624852 0.239117 0.535103 0.152193 0.611117 0.232543 0.540845 0.160513 0.555787 0.148768 0.568504 0.143038 0.566365 0.153729 0.670169 0.0606531 0.623326 0.258079 0.638434 0.245442 0.644382 0.181452 0.557243 0.159882 0.571279 0.165726 0.580846 0.172072 0.567185 0.178883 0.560525 0.1762 0.586025 0.186853 0.585382 0.176484 0.595994 0.178479 0.576419 0.189861 0.574224 0.181067 0.576613 0.195123 0.600208 0.202169 0.588738 0.196743 0.605456 0.214388 0.610596 0.212418 0.605895 0.225679 0.598643 0.222468 0.602678 0.231419 0.490966 0.0740438 0.491119 0.059923 0.502299 0.0551261 0.481679 0.0577193 0.503577 0.06569 0.50417 0.0772104 0.495579 0.0858769 0.5017 0.0907559 0.516321 0.0759671 0.509281 0.0846846 0.519712 0.0899459 0.498777 0.0982268 0.512803 0.101241 0.528539 0.101555 0.532856 0.108524 0.520689 0.114658 0.538798 0.122546 0.548605 0.120311 0.555426 0.128674 0.550847 0.136093 0.740195 0.0170238 0.548033 0.172917 0.66601 0.0739823 0.652572 0.0884578 0.553953 0.181446 0.642244 0.0941197 0.580856 0.201371 0.58951 0.209732 0.617779 0.140963 0.625337 0.207567 0.631036 0.218982 0.666122 0.207436 0.676702 0.218226 0.496173 0.0473996 0.508047 0.0472689 0.51753 0.0593659 0.637783 0.224037 0.635471 0.22903 0.525408 0.0732591 0.695687 0.236004 0.53029 0.0832087 0.621212 0.117201 0.636788 0.238768 0.566258 0.119014 0.577473 0.122893 0.575746 0.129457 0.643649 0.230402 0.649319 0.233648 0.65631 0.236156 0.629054 0.159409 0.545197 0.106566 0.63361 0.167471 0.597306 0.151645 0.608263 0.162218 0.599909 0.16449 0.638112 0.175974 0.578133 0.153193 0.597838 0.180621 0.606164 0.18786 0.682357 0.0532064 0.657748 0.201053 0.578166 0.0915306 0.580924 0.0909095 0.580113 0.099746 0.643559 0.21356 0.632133 0.200668 0.636933 0.20043 0.63757 0.218625 0.552362 0.0346121 0.538566 0.0474355 0.532783 0.0422801 0.645601 0.224459 0.653484 0.219037 0.537187 0.0505157 0.55215 0.03755 0.65891 0.224711 0.670891 0.214693 0.558587 0.0406229 0.541663 0.0502891 0.665552 0.209282 0.679962 0.223901 0.685452 0.229083 0.546787 0.0586957 0.527752 0.0452738 0.648122 0.190207 0.534916 0.0593239 0.529398 0.0530905 0.673253 0.238967 0.665477 0.244058 0.559275 0.0910954 0.556343 0.102503 0.539541 0.0810286 0.564188 0.107346 0.693491 0.236038 0.700483 0.241192 0.578078 0.0885002 0.590576 0.0805834 0.587689 0.0785109 0.633292 0.102653 0.576571 0.109009 0.585907 0.12816 0.599803 0.137323 0.606426 0.155954 0.580216 0.129522 0.622103 0.153382 0.627308 0.162476 0.632893 0.171604 0.613101 0.172091 0.642701 0.183671 0.621661 0.182385 0.61821 0.189083 0.608888 0.184352 0.617942 0.199423 0.721175 0.0269541 0.570881 0.135463 0.583206 0.147209 0.61036 0.19629 0.604943 0.173823 0.500134 0.0441091 0.521908 0.0518381 0.529075 0.0710079 0.54024 0.0722238 0.656097 0.0800167 0.649922 0.085705 0.580807 0.0776597 0.593404 0.0766675 0.60431 0.0616242 0.58608 0.0968235 0.612398 0.123622 0.570937 0.0864319 0.56906 0.0942705 0.563449 0.0778543 0.558828 0.0837134 0.606652 0.0637846 0.592851 0.0855071 0.566923 0.020445 0.567378 0.025216 0.591751 0.106807 0.608765 0.135504 0.615348 0.143769 0.614994 0.154637 0.619711 0.164373 0.661733 0.218385 0.621143 0.113003 0.627564 0.103878 0.6865 0.233246 0.682286 0.229704 0.58865 0.122012 0.693255 0.238873 0.633235 0.18513 0.636539 0.179617 0.641917 0.186294 0.647253 0.192824 0.642226 0.193754 0.550732 0.0263967 0.656646 0.202401 0.654195 0.206354 0.664058 0.210427 0.54189 0.0670513 0.550398 0.0819212 0.643134 0.0875848 0.591322 0.0660498 0.66655 0.213614 0.671339 0.218208 0.584697 0.11068 0.567669 0.0353125 0.603997 0.0723618 0.661267 0.209559 0.660567 0.212253 0.668186 0.218915 0.615742 0.107642 0.678561 0.23009 0.575686 0.0156665 0.575556 0.0113129 0.56715 0.00968295 0.599993 0.0828231 0.686272 0.236464 0.679254 0.234294 0.60612 0.118797 0.611765 0.100293 0.598916 0.128434 0.544696 0.0131508 0.547518 0.017117 0.532043 0.026002 0.535359 0 0.613235 0.146158 0.528807 0.035238 0.620084 0.154813 0.622534 0.163662 0.628224 0.168561 0.633852 0.181203 0.552771 0.0636165 0.640335 0.18812 0.577132 0.0602535 0.579738 0.0369642 0.650616 0.199091 0.705213 0.0290914 0.579823 0.0646101 0.611291 0.0562951 0.614145 0.0568887 0.6382 0.0899996 0.631907 0.0983099 0.731902 0.0142941 0.695352 0.0434295 0.524252 0.0350016 0.51456 0.0233473 0.521 0.0440428 0.508897 0.0306678 0.531516 0.0622257 0.660602 0.0697791 0.65502 0.0759703 0.609457 0.0718519 0.607968 0.0491184 0.598489 0.0473047 0.617953 0.0629561 0.57609 0.00113629 0.587479 0.0010728 0.582072 0.009824 0.591117 0.0122456 0.579125 0.0212686 0.644864 0.0823733 0.559736 0.000952628 0.627406 0.098117 0.62164 0.065994 0.605166 0.0870996 0.621212 0.105407 0.679032 0.050236 0.654614 0.0712788 0.615822 0.048871 0.620974 0.0502094 0.714655 0.0201905 0.634061 0.0451665 0.651387 0.074066 0.639062 0.0837076 0.623266 0.0716184 0.630265 0.0779158 0.622123 0.0885297 0.633206 0.0869738 0.624121 0.0954448 0.635421 0.082152 0.587619 0.0295468 0.5988 0.0181225 0.619457 0.0334899 0.610256 0.0369553 0.599141 0.0262873 0.606944 0.0321167 0.592747 0.0442945 0.629907 0.0349715 0.634482 0.0358902 0.620885 0.048334 0.668926 0.0559718 0.688503 0.0412734 0.641429 0.0228097 0.634628 0.0205458 0.724542 0.0104726 0.649438 0.0197271 0.64744 0.0164482 0.679701 0.0451198 0.604667 0.00899015 0.610577 0.0188114 0.613087 0.0127304 0.613861 0.0293398 0.617869 0.0163232 0.639618 0.0412999 0.655274 0.0668096 0.648523 0.0715122 0.657584 0.0204493 0.633481 0.0093993 0.712891 0.0159817 0.659258 0.0318702 0.650782 0.0421753 0.638502 0.05085 0.652247 0.0534577 0.637912 0.0574487 0.657438 0.0483466 0.666406 0.0400226 0.692666 0.0347871 0.690578 0.0338496 0.662375 0.0550596 0.669654 0.0501919 0.656765 0.0594798 0.667803 0.0531316 0.644519 0.0633206 0.656491 0.0626709 0.647134 0.0680503 0.703723 0.0244425 0.701469 0.0272209 0.718877 0.00631558 0.694035 0.0297916 0.678431 0.0423937 0.667143 0.0241923 0.67645 0.0304014 0.66945 0.0343335 0.672031 0.0374991 0.675573 0.042108 0.706357 0.0165052 0.698578 0.0239721 0.683583 0.0190221 0.6858 0.0269375 0.687932 0.0306941 0.697034 0.0227208 0.693007 0.0227869 0.710501 0.00990803 0.709527 0.00635332 0.198294 0.719042 0.197259 0.72898 0.192507 0.722758 0.193312 0.714804 0.196448 0.713224 0.192058 0.738326 0.113652 0.574519 0.114102 0.570722 0.120887 0.572489 0.113256 0.568304 0.122618 0.568772 0.0930147 0.567747 0.106196 0.56977 0.101648 0.572622 0.0916313 0.5738 0.0906971 0.571317 0.0812306 0.576896 0.0827763 0.568437 0.154068 0.56963 0.153704 0.576437 0.144947 0.574376 0.287745 0.5961 0.296937 0.607899 0.287453 0.61185 0.297522 0.591627 0.0643688 0.5752 0.0575507 0.574247 0.0580222 0.567508 0.0484406 0.579152 0.050113 0.583777 0.0512075 0.57343 0.0454825 0.573941 0.274661 0.594558 0.27801 0.603283 0.0369203 0.580701 0.037364 0.572963 0.0425674 0.567681 0.0251466 0.576066 0.265086 0.593709 0.267452 0.587092 0.280793 0.583182 0.033631 0.567807 0.250611 0.584514 0.254083 0.594063 0.242804 0.588008 0.00761373 0.575235 0.0157088 0.573165 0.0175865 0.568092 0.0263202 0.567854 0.00974724 0.573518 0.246724 0.577613 0.237228 0.578556 0.23791 0.589193 0.221903 0.577108 0.183469 0.57374 0.196685 0.574753 0.18932 0.583403 0.191432 0.712763 0.323001 0.606204 0.305982 0.607102 0.303218 0.595673 0.31768 0.589005 0.331763 0.59808 0.317158 0.594593 0.169713 0.576822 0.170619 0.58282 0.169632 0.571113 0.150511 0.58574 0.13435 0.575768 0.12198 0.575462 0.131889 0.583451 0.127703 0.572589 0.100372 0.579789 0.0840134 0.582049 0.0684846 0.583376 0.0703468 0.574164 0.0726265 0.567998 0.0639885 0.567474 0.289423 0.584925 0.28425 0.584366 0.189347 0.750513 0.189048 0.737667 0.203948 0.575308 0.205037 0.585045 0.18201 0.585106 0.175871 0.573134 0.110666 0.570264 0.305769 0.587408 0.133457 0.568429 0.192416 0.709661 0.188756 0.715736 0.151343 0.598336 0.142358 0.597292 0.135291 0.595092 0.126896 0.599388 0.0356027 0.588277 0.282727 0.625557 0.271039 0.610163 0.108859 0.582679 0.118389 0.587798 0.0118183 0.587549 0.00270605 0.568336 0.261657 0.613117 0.249516 0.610846 0.31089 0.619876 0.297465 0.616274 0.230659 0.596264 0.239188 0.60171 0.236442 0.615225 0.300877 0.633735 0.265665 0.581599 0.0923623 0.592949 0.100387 0.591904 0.0559182 0.601522 0.215733 0.586132 0.0354371 0.595489 0.223335 0.606977 0.212 0.602266 0.192273 0.60139 0.198175 0.597071 0.201581 0.605016 0.206765 0.596294 0.197307 0.586586 0.0820015 0.593634 0.186849 0.5976 0.186083 0.615347 0.190119 0.588277 0.17725 0.593785 0.164096 0.597773 0.0517295 0.567383 0.0226993 0.587614 0.0272619 0.598838 0.0161612 0.600358 0.186865 0.718447 0.0657002 0.60768 0.0724013 0.601351 0.075454 0.611491 0.277 0.640346 0.25579 0.635146 0.276378 0.633336 0.054267 0.614286 0.0459234 0.601922 0.0439158 0.620344 0.0366966 0.611682 0.234025 0.616488 0.0339807 0.618182 0.15662 0.615909 0.159119 0.602818 0.16956 0.61314 0.147582 0.61328 0.0371922 0.602827 0.0276227 0.608292 0.0200513 0.611414 0.0187848 0.625548 0.287704 0.639733 0.275085 0.62556 0.266641 0.623264 0.186744 0.752222 0.250983 0.621344 0.18405 0.729644 0.242763 0.62169 0.233595 0.625381 0.223154 0.626012 0.22161 0.614657 0.211695 0.611233 0.212765 0.619004 0.193613 0.626809 0.202202 0.616721 0.196559 0.61221 0 0.59808 0.173391 0.605793 0.118341 0.608016 0.11073 0.614835 0.096696 0.605506 0.104049 0.595949 0.114431 0.597616 0.120149 0.600118 0.124382 0.611301 0.085898 0.60967 0.086105 0.617517 0.0869943 0.602303 0.0792423 0.601148 0.122602 0.621746 0.12992 0.617077 0.133277 0.626845 0.0297677 0.626568 0.11491 0.621504 0.123511 0.627776 0.187239 0.71149 0.0971563 0.630092 0.0774912 0.625488 0.0804986 0.620517 0.100189 0.618531 0.0687847 0.634966 0.0731491 0.622669 0.276582 0.653158 0.260197 0.652233 0.267755 0.644874 0.26215 0.644105 0.251778 0.652045 0.252659 0.64431 0.0645708 0.618726 0.0589874 0.625255 0.0477358 0.628035 0.139026 0.618449 0.24153 0.650101 0.233006 0.650717 0.242815 0.641355 0.237402 0.633336 0.227464 0.63086 0.230983 0.639837 0.217229 0.635632 0.210189 0.635091 0.182713 0.628838 0.166338 0.62598 0.152607 0.659902 0.144343 0.646156 0.157617 0.645299 0.191072 0.709469 0.145782 0.634831 0.135091 0.635128 0.131537 0.646539 0.238309 0.667062 0.24006 0.660794 0.244904 0.671613 0.230168 0.664632 0.12423 0.65061 0.11993 0.63556 0.115051 0.64542 0.104237 0.639606 0.103737 0.656716 0.0988941 0.6488 0.0939419 0.64568 0.222611 0.657731 0.225679 0.647281 0.0894303 0.662976 0.216953 0.64433 0.211498 0.660071 0.0868636 0.651683 0.0834212 0.638091 0.206326 0.650481 0.202058 0.661584 0.201506 0.643481 0.192785 0.657491 0.173919 0.651676 0.190742 0.642056 0.0775271 0.644502 0.185998 0.635744 0.052945 0.64412 0.166047 0.645657 0.15894 0.634197 0.0711892 0.655337 0.0547029 0.661684 0.051441 0.638941 0.04376 0.658732 0.0442814 0.647516 0.0375673 0.651908 0.040241 0.637852 0.180408 0.753702 0.183313 0.748123 0.197443 0.63524 0.152991 0.626996 0.0785342 0.65334 0.182554 0.719858 0.233045 0.690097 0.227958 0.680782 0.235103 0.674383 0.249802 0.676675 0.220723 0.676709 0.203749 0.670948 0.173999 0.667286 0.161598 0.65695 0.145734 0.66461 0.136091 0.663793 0.120708 0.661824 0.114197 0.658769 0.0989945 0.664152 0.0979259 0.671332 0.0851605 0.669126 0.06813 0.665871 0.18262 0.712736 0.219537 0.687777 0.215684 0.696682 0.209431 0.684256 0.182094 0.681041 0.190042 0.678475 0.184943 0.68809 0.114913 0.681332 0.131116 0.673366 0.13853 0.681727 0.199135 0.696175 0.201389 0.682754 0.113062 0.671142 0.104119 0.690509 0.104636 0.673673 0.0884406 0.677664 0.193154 0.682666 0.185115 0.695026 0.0867085 0.689272 0.0784215 0.678008 0.178532 0.681488 0.171228 0.694153 0.169187 0.68488 0.156517 0.688188 0.164941 0.678745 0.156741 0.677708 0.142 0.716654 0.143244 0.71106 0.144117 0.71483 0.144681 0.710618 0.149492 0.692792 0.139537 0.691549 0.148196 0.683173 0.145185 0.671966 0.127216 0.687134 0.0732327 0.688681 0.054248 0.693336 0.0682573 0.678843 0.18059 0.734769 0.214285 0.679975 0.214971 0.674273 0.20781 0.678914 0.200699 0.677444 0.192168 0.677258 0.191249 0.675176 0.194354 0.667235 0.184346 0.668844 0.183906 0.6618 0.180212 0.675949 0.174044 0.672147 0.15988 0.66856 0.151289 0.671996 0.139398 0.670547 0.105536 0.666042 0.0783248 0.674444 0.068681 0.674087 0.06244 0.67276 0.050275 0.670806 0.182029 0.707701 0.192066 0.707432 0.0924381 0.721806 0.0954768 0.723891 0.09272 0.729832 0.143944 0.725776 0.141752 0.734695 0.136785 0.725713 0.149622 0.711388 0.14905 0.739379 0.0958028 0.738313 0.180186 0.721186 0.177978 0.735104 0.198542 0.708309 0.117028 0.69477 0.101658 0.701722 0.089504 0.698784 0.0956891 0.691911 0.143878 0.739286 0.10091 0.713517 0.0943258 0.714861 0.0869503 0.722468 0.0874973 0.713362 0.0893915 0.709723 0.138317 0.711235 0.177689 0.712037 0.101213 0.731984 0.193774 0.70549 0.148094 0.699715 0.134728 0.701482 0.177255 0.724616 0.178425 0.717165 0.206191 0.706593 0.115849 0.702742 0.213448 0.704129 0.188301 0.702751 0.101321 0.707926 0.110459 0.70894 0.0932129 0.703462 0.0928541 0.701515 0.173307 0.703845 0.0943932 0.741598 0.0921328 0.741919 0.0873612 0.745035 0.0872891 0.732995 0.167904 0.699506 0.160574 0.704246 0.0843524 0.724329 0.141593 0.743935 0.082686 0.708674 0.0783623 0.719349 0.0771329 0.709704 0.158759 0.723232 0.158696 0.713539 0.155716 0.708457 0.0942824 0.710209 0.128513 0.707428 0.127724 0.712778 0.0753544 0.702753 0.0635635 0.700951 0.0764238 0.692251 0.108415 0.712391 0.144176 0.703045 0.0637954 0.704248 0.137658 0.705568 0.176587 0.75534 0.177491 0.745307 0.170514 0.71275 0.119646 0.711391 0.0691724 0.717459 0.0690045 0.711654 0.101682 0.744757 0.0955424 0.747685 0.175155 0.742048 0.175215 0.734322 0.173161 0.730081 0.174249 0.720025 0.16719 0.73324 0.15735 0.743163 0.157587 0.730305 0.135073 0.746227 0.127668 0.733616 0.144511 0.753937 0.141906 0.762811 0.141034 0.752014 0.150693 0.750979 0.110564 0.738228 0.118814 0.722887 0.0790837 0.736299 0.0921373 0.750871 0.0956657 0.752499 0.0935514 0.764928 0.174436 0.753161 0.172076 0.744043 0.0869693 0.759615 0.0794384 0.746949 0.165293 0.740536 0.0721484 0.748191 0.151516 0.761237 0.126556 0.745445 0.118546 0.742177 0.118491 0.734763 0.135892 0.770294 0.11179 0.730619 0.171224 0.753707 0.0964008 0.768959 0.102024 0.759845 0.159107 0.747942 0.109102 0.75495 0.0971396 0.788866 0.0940284 0.777572 0.102348 0.77425 0.112924 0.71445 0.0940049 0.787433 0.111284 0.77383 0.110713 0.762475 0.12742 0.762082 0.115274 0.755691 0.16984 0.761964 0.16009 0.75993 0.0873362 0.78537 0.127178 0.770772 0.119266 0.768632 0.121528 0.785244 0.156796 0.75731 0.248888 0.105907 0.247739 0.106511 0.244873 0.101184 0.242814 0.102242 0.249949 0.0940013 0.254171 0.0901781 0.250813 0.0963698 0.256416 0.0965805 0.249448 0.0928435 0.242534 0.101062 0.248282 0.10856 0.255973 0.116936 0.249201 0.114182 0.247216 0.109128 0.252273 0.0890509 0.247515 0.0916015 0.256447 0.104535 0.241342 0.100536 0.263861 0.0831396 0.261396 0.0927787 0.258367 0.0857453 0.262166 0.081387 0.256749 0.084701 0.260339 0.0805245 0.257359 0.0814966 0.240262 0.101101 0.244808 0.106254 0.241435 0.102875 0.24413 0.108116 0.257002 0.12154 0.288564 0.102034 0.27879 0.0936495 0.287681 0.0976544 0.278115 0.103403 0.250405 0.0875806 0.265955 0.0788652 0.263083 0.0792192 0.263971 0.0779854 0.265554 0.0813928 0.240053 0.0999899 0.262752 0.0777943 0.265761 0.126793 0.267135 0.117219 0.240502 0.104622 0.267138 0.107289 0.279474 0.0905858 0.271152 0.0936738 0.271965 0.0892029 0.271272 0.0854825 0.276523 0.0871158 0.274883 0.0846315 0.268409 0.0804364 0.24284 0.110224 0.272545 0.135891 0.265274 0.130671 0.253705 0.121848 0.281163 0.088445 0.287844 0.0937536 0.246808 0.114785 0.238487 0.102682 0.265811 0.0769719 0.26384 0.076433 0.281877 0.113175 0.260774 0.0766236 0.258309 0.0786727 0.280744 0.086068 0.280126 0.134404 0.278964 0.143648 0.252073 0.12442 0.271003 0.138836 0.311568 0.119984 0.295941 0.116475 0.301715 0.110165 0.264334 0.134174 0.292262 0.127087 0.308893 0.12595 0.240283 0.0898593 0.276275 0.143775 0.291415 0.143541 0.30846 0.11207 0.295708 0.103339 0.296931 0.100615 0.289044 0.0930733 0.285303 0.147001 0.283218 0.148178 0.284983 0.116372 0.28736 0.105898 0.290888 0.0954794 0.275109 0.125238 0.27472 0.0814922 0.267637 0.0769566 0.280743 0.151229 0.289439 0.155194 0.278864 0.148963 0.247714 0.121841 0.297158 0.158101 0.297235 0.164567 0.273234 0.144039 0.30317 0.138747 0.304685 0.154128 0.236738 0.09955 0.31276 0.113484 0.307183 0.107943 0.261986 0.135585 0.295731 0.09633 0.265805 0.0697859 0.26261 0.0704578 0.293949 0.165849 0.30647 0.17106 0.273638 0.147653 0.32104 0.139179 0.324197 0.127214 0.333617 0.137528 0.268586 0.142583 0.233121 0.103565 0.333022 0.132031 0.324291 0.122773 0.316809 0.150762 0.316124 0.158776 0.316 0.114337 0.314516 0.118183 0.310903 0.171721 0.310486 0.108008 0.292818 0.092103 0.2884 0.0886518 0.268365 0.0748573 0.253092 0.0745861 0.249131 0.0792731 0.282174 0.0837108 0.275933 0.0787215 0.322681 0.171492 0.320226 0.182065 0.330972 0.161131 0.341306 0.156931 0.330467 0.1635 0.335405 0.171512 0.310154 0.177131 0.301751 0.172308 0.345687 0.138119 0.33867 0.136509 0.339139 0.13164 0.332014 0.124444 0.32027 0.186577 0.284928 0.158547 0.32152 0.114714 0.302605 0.097446 0.311559 0.182004 0.355924 0.181511 0.354905 0.160112 0.369934 0.176362 0.230381 0.097095 0.366441 0.158367 0.356643 0.152414 0.359023 0.149959 0.298241 0.173648 0.287621 0.164362 0.274531 0.154588 0.336603 0.148531 0.268809 0.148332 0.345941 0.143689 0.35061 0.142946 0.259283 0.0696187 0.343396 0.190816 0.317425 0.109887 0.330816 0.191802 0.330843 0.194808 0.290107 0.081028 0.227083 0.11417 0.261213 0.14382 0.239329 0.134392 0.312285 0.105534 0.221749 0.0984316 0.323539 0.19294 0.38668 0.17542 0.373267 0.168413 0.378808 0.166716 0.307434 0.181789 0.239048 0.0839852 0.381177 0.165385 0.36982 0.157076 0.278061 0.065722 0.364003 0.150007 0.263739 0.067077 0.344127 0.206636 0.34447 0.202886 0.356609 0.144408 0.341338 0.207482 0.33122 0.199908 0.344813 0.134318 0.322687 0.19555 0.393484 0.176724 0.39307 0.183287 0.385929 0.187554 0.312657 0.190058 0.357371 0.190651 0.373605 0.2005 0.246191 0.0732012 0.257991 0.0650465 0.373026 0.155659 0.366273 0.20957 0.362488 0.214948 0.357256 0.213498 0.357623 0.141979 0.35521 0.218171 0.342055 0.128617 0.333832 0.204102 0.405507 0.206779 0.392334 0.208726 0.383402 0.213678 0.385184 0.227528 0.334 0.121409 0.370297 0.225367 0.230803 0.121801 0.363654 0.221125 0.222819 0.0930051 0.258716 0.0566356 0.400726 0.233809 0.388808 0.239224 0.379289 0.235196 0.38093 0.232431 0.231426 0.0836144 0.408398 0.186767 0.392316 0.171465 0.369994 0.229979 0.113228 0.0257993 0.116188 0.0368555 0.111553 0.0334818 0.108111 0.0207899 0.104281 0.0245909 0.347492 0.216783 0.33188 0.205757 0.292335 0.17971 0.385181 0.163001 0.368759 0.149414 0.303663 0.0827413 0.253885 0.0584036 0.263622 0.060412 0.224016 0.0402424 0.227709 0.034329 0.230066 0.0361015 0.22186 0.0388149 0.396202 0.239629 0.140041 0.0264099 0.128533 0.0391412 0.39571 0.169204 0.38919 0.24542 0.380096 0.239395 0.378456 0.155012 0.362438 0.141444 0.332254 0.104951 0.210721 0.0472363 0.218755 0.0442091 0.211538 0.0505507 0.366596 0.231929 0.365014 0.226881 0.342066 0.218714 0.316697 0.203901 0.108993 0.037469 0.345392 0.126368 0.408165 0.248992 0.401043 0.249077 0.353828 0.222498 0.240539 0.0712349 0.222115 0.0161075 0.217429 0.0273871 0.206979 0.0260513 0.230217 0.0296279 0.236952 0.02541 0.232863 0.0332019 0.230381 0.0262053 0.237354 0.0375131 0.133375 0.0435935 0.152548 0.0443579 0.142858 0.0507044 0.228259 0.0473248 0.185281 0.0251229 0.180089 0.0438538 0.171194 0.037415 0.223708 0.0428342 0.220249 0.103145 0.209437 0.0131555 0.220782 0.0348272 0.147129 0.0307534 0.131697 0.0402526 0.158713 0.0459052 0.214279 0.060303 0.209622 0.0431733 0.119301 0.0443265 0.3791 0.24376 0.131494 0.0626663 0.152146 0.0651378 0.329096 0.211233 0.127 0.056891 0.115715 0.0454113 0.227112 0.0268053 0.389412 0.160236 0.27398 0.177607 0.20519 0.0559328 0.202654 0.0530008 0.22672 0.0219068 0.245032 0.146193 0.104837 0.0358415 0.0955455 0.0187469 0.196588 0.0575518 0.28968 0.0722421 0.206338 0.0423834 0.191114 0.0548102 0.196888 0.0613457 0.187039 0.059776 0.203487 0.0378823 0.268354 0.0582282 0.189424 0.0478471 0.240598 0.0656735 0.156435 0.0301824 0.227273 0.0784987 0.122939 0.0481137 0.119034 0.050478 0.240265 0.0413119 0.124578 0.0598077 0.204232 0.0665729 0.239948 0.0291351 0.178006 0.0530127 0.229554 0.0205812 0.110358 0.0450732 0.195957 0.071516 0.0812889 0.0217779 0.218883 0.0334623 0.161087 0.0615085 0.364522 0.234969 0.262653 0.16541 0.251765 0.154992 0.138557 0.0694042 0.297323 0.0759337 0.133842 0.0712587 0.400224 0.251157 0.39601 0.251446 0.386145 0.249195 0.398889 0.256652 0.37825 0.135192 0.369476 0.136209 0.353323 0.227282 0.17017 0.067199 0.173812 0.0284607 0.16401 0.0767637 0.150419 0.0722999 0.299203 0.200132 0.144245 0.0825649 0.213592 0.0975558 0.218414 0.0891568 0.183198 0.0644395 0.19328 0.0790171 0.250589 0.0459901 0.261482 0.0470229 0.144316 0.0922582 0.140382 0.0841696 0.245709 0.0515027 0.207861 0.0739242 0.179421 0.0856064 0.169937 0.0866984 0.211636 0.0818724 0.156668 0.0830022 0.229094 0.0517108 0.221139 0.0647527 0.128225 0.0722082 0.12111 0.0609542 0.114861 0.0546162 0.161975 0.106238 0.15228 0.101178 0.253681 0.022965 0.269479 0.0266273 0.271398 0.0374164 0.256667 0.0166641 0.251264 0.0376757 0.226214 0.118605 0.246291 0.0104428 0.245736 0.018669 0.233291 0.0585807 0.172426 0.106357 0.23475 0.132002 0.206092 0.0876252 0.178928 0.0992971 0.269002 0.0536913 0.136303 0.0856768 0.111235 0.0577288 0.105083 0.0432646 0.230031 0.0649028 0.20364 0.0774286 0.19708 0.087597 0.190193 0.101136 0.289179 0.0696892 0.279522 0.0630862 0.21734 0.106954 0.315801 0.0904599 0.390597 0.257353 0.401211 0.262319 0.382173 0.252545 0.371459 0.244941 0.361828 0.238514 0.347341 0.229776 0.3339 0.233481 0.331193 0.226306 0.362271 0.123322 0.342501 0.108212 0.277121 0.0215558 0.275755 0.0155894 0.28418 0.0229664 0.279644 0.0324447 0.276647 0.0345454 0.158566 0.108993 0.096253 0.0402439 0.304677 0.0808365 0.215057 0.110377 0.223935 0.120128 0.238285 0.139018 0.29518 0.0266308 0.296624 0.0353916 0.286048 0.0219265 0.294596 0.0234622 0.285886 0.029759 0.206981 0.101845 0.285523 0.0170215 0.200794 0.114659 0.189455 0.113093 0.19769 0.123885 0.190519 0.120427 0.18418 0.12392 0.179667 0.118095 0.355711 0.118221 0.290433 0.0394143 0.286583 0.0399683 0.284291 0.0467418 0.174748 0.125944 0.16822 0.121128 0.267924 0.0486034 0.161077 0.116259 0.281946 0.0613024 0.151971 0.107777 0.284156 0.0585401 0.146158 0.10011 0.28222 0.183917 0.255919 0.159306 0.232788 0.13548 0.293513 0.0682429 0.304943 0.0780094 0.318182 0.0885066 0.207194 0.141323 0.211918 0.149894 0.197428 0.132669 0.203971 0.152685 0.310518 0.0324202 0.309461 0.03442 0.302604 0.0313516 0.211189 0.136155 0.303993 0.027672 0.294913 0.02071 0.283964 0.0135085 0.33014 0.0981192 0.320839 0.0409857 0.302033 0.0395207 0.314884 0.0470811 0.311044 0.0526201 0.29682 0.0501247 0.178146 0.135222 0.174705 0.134221 0.178499 0.141857 0.165166 0.125934 0.156907 0.116569 0.286057 0.0532377 0.302484 0.0635796 0.14087 0.100482 0.131093 0.0915467 0.101966 0.0530797 0.22225 0.122827 0.217705 0.11939 0.207567 0.124578 0.319467 0.21829 0.127299 0.0813249 0.122066 0.0726654 0.394439 0.146441 0.386024 0.139704 0.299738 0.0241008 0.392618 0.264023 0.40985 0.274936 0.375587 0.258968 0.361673 0.254679 0.351172 0.246984 0.346059 0.237415 0.193551 0.139992 0.238571 0.144464 0.187552 0.148528 0.187921 0.154278 0.224101 0.143518 0.181995 0.153063 0.224876 0.131265 0.314825 0.0817192 0.321888 0.0882025 0.224124 0.154287 0.300982 0.0683672 0.223693 0.162597 0.220576 0.164946 0.371117 0.12703 0.214577 0.170648 0.3196 0.0368047 0.315556 0.0323594 0.327744 0.0423509 0.307718 0.0254513 0.28611 0.0120174 0.297119 0.018294 0.327903 0.0463892 0.32967 0.054161 0.323414 0.0590087 0.310354 0.0599735 0.306317 0.0757022 0.290516 0.193644 0.234866 0.146593 0.193157 0.159313 0.197415 0.158555 0.171319 0.136647 0.14984 0.113264 0.251122 0.160638 0.259806 0.166568 0.276678 0.182926 0.24706 0.163215 0.356184 0.115495 0.188231 0.160337 0.333402 0.0975312 0.230061 0.174026 0.23332 0.182202 0.223513 0.182661 0.236551 0.169329 0.341988 0.0538075 0.333698 0.046842 0.336021 0.0459241 0.16019 0.126056 0.209904 0.180709 0.205882 0.17002 0.32823 0.0402572 0.108402 0.0649107 0.204712 0.177223 0.198228 0.166015 0.323643 0.0701321 0.329957 0.0778338 0.322299 0.0822199 0.308741 0.0730039 0.278936 0.185269 0.312223 0.211634 0.118471 0.0753008 0.0920436 0.042181 0.0799965 0.0263955 0.195186 0.168416 0.336041 0.0667643 0.344033 0.0645689 0.304844 0.0231459 0.339715 0.0723878 0.324417 0.0635299 0.409663 0.283505 0.399323 0.27654 0.364649 0.26201 0.192301 0.16494 0.167999 0.137796 0.262413 0.173495 0.2577 0.168769 0.347731 0.107482 0.274359 0.186207 0.316088 0.0291142 0.288405 0.194326 0.366388 0.121992 0.255331 0.170997 0.346373 0.053251 0.346157 0.0498584 0.247411 0.172625 0.351496 0.0603018 0.333381 0.0405468 0.339746 0.044391 0.326665 0.035078 0.241546 0.177967 0.238647 0.179767 0.340781 0.0798173 0.339947 0.0982503 0.334255 0.094317 0.326992 0.088533 0.330553 0.0865407 0.219005 0.191459 0.214065 0.190356 0.202749 0.179123 0.170832 0.146128 0.153746 0.123395 0.141746 0.115528 0.133678 0.103257 0.124374 0.0901927 0.349252 0.105065 0.358215 0.113931 0.288922 0.197962 0.282399 0.192956 0.262218 0.205443 0.256486 0.209427 0.246922 0.196952 0.36364 0.0663856 0.373254 0.0825538 0.360422 0.0753741 0.374698 0.0699285 0.362222 0.0610815 0.379727 0.131717 0.266751 0.185283 0.367049 0.0875493 0.355142 0.0806855 0.34936 0.0856921 0.340911 0.0950317 0.359364 0.0927109 0.252658 0.191389 0.354435 0.0580719 0.352897 0.0541507 0.236139 0.197773 0.227736 0.203308 0.227339 0.20634 0.222383 0.20194 0.215219 0.195527 0.20529 0.184801 0.19489 0.174478 0.188409 0.167416 0.161216 0.13944 0.115656 0.078422 0.325098 0.227541 0.314016 0.219395 0.307615 0.212806 0.298012 0.20451 0.30585 0.0197855 0.29499 0.00715535 0.287028 0.00643017 0.38317 0.275298 0.339832 0.238492 0.374908 0.125464 0.351791 0.102566 0.372421 0.121387 0.362947 0.114026 0.305491 0.214815 0.291644 0.202655 0.280758 0.195063 0.278089 0.197676 0.40001 0.145136 0.388094 0.137414 0.390286 0.083086 0.376012 0.0753308 0.381731 0.0748282 0.266392 0.198413 0.370668 0.0641592 0.263271 0.216425 0.25861 0.223447 0.244976 0.210429 0.246344 0.21721 0.236863 0.211411 0.368861 0.0982434 0.234371 0.214052 0.242038 0.228032 0.227071 0.210157 0.222683 0.20594 0.215166 0.201468 0.202674 0.185552 0.36371 0.111094 0.360948 0.0560037 0.338998 0.0413186 0.350907 0.0481902 0.178946 0.16633 0.169166 0.15572 0.0923588 0.0561891 0.376584 0.11989 0.321828 0.23071 0.30526 0.217024 0.191438 0.182177 0.293939 0.208637 0.393509 0.138671 0.146123 0.124792 0.386585 0.131688 0.282707 0.221916 0.285533 0.204519 0.293602 0.212518 0.28602 0.200269 0.389025 0.0778555 0.382507 0.0720012 0.378087 0.0690432 0.285035 0.238273 0.273186 0.22646 0.404803 0.103098 0.390261 0.102179 0.394362 0.0942739 0.385536 0.0889294 0.381389 0.0972272 0.263573 0.229855 0.262128 0.244689 0.252529 0.234799 0.383417 0.10834 0.384984 0.11664 0.370493 0.107925 0.378887 0.124332 0.246112 0.227053 0.228386 0.21594 0.224262 0.213248 0.203306 0.190569 0.104343 0.0774796 0.0824741 0.0446061 0.0741905 0.0344557 0.319484 0.0220227 0.271485 0.20608 0.270009 0.213682 0.357885 0.0532797 0.330225 0.0316993 0.396587 0.283738 0.37172 0.267815 0.357534 0.258687 0.349189 0.25108 0.340008 0.243868 0.330007 0.237589 0.335778 0.247332 0.321968 0.235631 0.309589 0.224544 0.304244 0.225946 0.400326 0.140438 0.394861 0.133718 0.294947 0.233778 0.293701 0.247957 0.389007 0.127552 0.289895 0.257261 0.276787 0.246139 0.395336 0.0797656 0.378182 0.0641243 0.270005 0.25427 0.398439 0.107497 0.396418 0.117387 0.382297 0.12159 0.163505 0.150312 0.157715 0.142587 0.345112 0.0369773 0.267867 0.255649 0.255607 0.24383 0.118014 0.0965275 0.243463 0.233411 0.274492 0.263032 0.372119 0.273478 0.35163 0.258866 0.324092 0.24386 0.30601 0.236206 0.317476 0.235724 0.308551 0.249337 0.315523 0.270494 0.307629 0.274669 0.282498 0.2638 0.2963 0.281358 0.281462 0.271523 0.266108 0.259455 0.255902 0.248853 0.239261 0.23208 0.397084 0.0770015 0.384153 0.0689892 0.1251 0.108211 0.400956 0.292399 0.391361 0.287797 0.382492 0.280298 0.36064 0.264498 0.343039 0.252252 0.0908527 0.061063 0.0808873 0.0520846 0.0713131 0.0402767 0.354753 0.0449191 0.286848 0 0.274376 0.269213 0.38335 0.286892 0.371975 0.276648 0.354553 0.264582 0.342771 0.260499 0.342806 0.255054 0.333783 0.252333 0.304272 0.29612 0.292028 0.282545 0.238889 0.235661 0.220951 0.219382 0.205138 0.202336 0.184375 0.179404 0.176574 0.168782 0.145405 0.139807 0.137094 0.128482 0.397569 0.296575 0.377752 0.285351 0.367265 0.278045 0.0474208 0.0906965 0.0489548 0.0870426 0.056764 0.0986072 0.354657 0.27139 0.039125 0.078272 0.0353361 0.0670989 0.0550595 0.0826814 0.342848 0.284005 0.324623 0.266186 0.341271 0.299303 0.329119 0.286151 0.333044 0.30656 0.319009 0.291045 0.310271 0.295025 0.0666384 0.0400793 0.0782431 0.0533653 0.31274 0.30438 0.297357 0.29344 0.282642 0.278265 0.260911 0.260148 0.24511 0.247425 0.229847 0.236663 0.193527 0.193298 0.0975657 0.0772599 0.0885248 0.0642991 0.119103 0.102473 0.105269 0.0856304 0.353332 0.296497 0.30653 0.280763 0.391219 0.0690541 0.371667 0.0511778 0.056243 0.102229 0.0563947 0.114109 0.0386333 0.0904057 0.280347 0.27954 0.106833 0.0927138 0.267147 0.26857 0.0911404 0.0739705 0.0832083 0.0637737 0.0734459 0.0527753 0.0633635 0.0437877 0.405593 0.307116 0.388642 0.295153 0.375263 0.287961 0.367141 0.282818 0.374156 0.291981 0.0636242 0.10704 0.0589963 0.0913079 0.0486358 0.0693113 0.0122818 0.136957 0.0193879 0.148161 0.00812706 0.137692 0.309966 0.307977 0.163938 0.167854 0.0159484 0.131621 0.00747347 0.11853 0.0612942 0.10971 0.293892 0.295855 0.280607 0.282643 0.0263223 0.14514 0.0978574 0.0853669 0.0673246 0.116426 0.0664189 0.119603 0.0249674 0.129209 0.0709114 0.116502 0.0162171 0.11184 0.0789009 0.11748 0.0200862 0.155263 0 0.14044 0.0851609 0.0746848 0.089246 0.0790251 0.0727251 0.0919193 0.0644921 0.0774413 0.0764123 0.0604877 0.391305 0.301136 0.0792217 0.0768897 0.0669667 0.0636277 0.0691742 0.0543364 0.402647 0.31304 0.056947 0.0608046 0.0511193 0.0607843 0.152989 0.150736 0.0394822 0.107798 0.0300879 0.0972933 0.304767 0.306521 0.404097 0.0696196 0.385127 0.0609327 0.252493 0.261048 0.219067 0.224915 0.205206 0.209003 0.12134 0.111726 0.114159 0.102657 0.0737979 0.0829047 0.0154893 0.16182 0.118385 0.111049 0.108478 0.100468 0.294085 0.300476 0.0911027 0.096333 0.0834303 0.105013 0.0825243 0.0872747 0.260271 0.273001 0.0768244 0.127906 0.0715477 0.13058 0.0938461 0.0858246 0.0526473 0.128742 0.0338615 0.167904 0.0271553 0.157992 0.0433138 0.167377 0.030015 0.169179 0.0347269 0.116099 0.0396211 0.142034 0.0291156 0.127077 0.173877 0.184455 0.151948 0.154425 0.136612 0.133736 0.129348 0.127354 0.117626 0.1148 0.115131 0.115664 0.105915 0.103644 0.100482 0.111217 0.275865 0.284028 0.21801 0.239424 0.184413 0.198496 0.0893469 0.142566 0.0918372 0.152094 0.0861247 0.143892 0.0939602 0.137108 0.139931 0.139534 0.0792564 0.146293 0.0393022 0.150395 0.0469654 0.137404 0.0414559 0.176212 0.0477376 0.190278 0.038899 0.179464 0.0268631 0.176609 0.386413 0.0574874 0.243786 0.253846 0.061631 0.14021 0.0406139 0.193764 0.191918 0.208065 0.0594688 0.170037 0.045337 0.15315 0.0621231 0.181984 0.0936764 0.120601 0.110002 0.125104 0.101497 0.132655 0.108837 0.10985 0.0523185 0.190972 0.056653 0.203289 0.0549516 0.184937 0.105664 0.165818 0.10317 0.16793 0.0960224 0.158674 0.0989591 0.156087 0.107103 0.155116 0.157917 0.166282 0.150876 0.157488 0.140147 0.143204 0.130204 0.13267 0.0744995 0.156936 0.118727 0.126035 0.115451 0.134221 0.0689195 0.199978 0.0618997 0.205258 0.240526 0.267993 0.164831 0.176752 0.197077 0.216912 0.145224 0.154678 0.134465 0.139914 0.131095 0.141137 0.127508 0.133538 0.124404 0.135622 0.109957 0.142218 0.098101 0.175098 0.0856578 0.168592 0.0796061 0.176453 0.0658174 0.180305 0.069963 0.170772 0.067557 0.162396 0.117664 0.169908 0.11354 0.17691 0.111359 0.18151 0.0806347 0.16725 0.280442 0.297081 0.268152 0.28238 0.0935632 0.181005 0.0895098 0.178531 0.0863379 0.186744 0.0796314 0.194586 0.0774059 0.209775 0.288298 0.307227 0.173403 0.188184 0.163671 0.17991 0.155012 0.16779 0.23301 0.25915 0.128801 0.159437 0.142739 0.157164 0.141806 0.16799 0.127025 0.168904 0.121021 0.157652 0.1362 0.148355 0.123785 0.146622 0.127898 0.203253 0.119839 0.188853 0.130742 0.200804 0.129332 0.18643 0.113489 0.191997 0.102317 0.195183 0.0840495 0.205165 0.152881 0.169658 0.145277 0.164942 0.251068 0.281496 0.140348 0.173465 0.141945 0.21446 0.136981 0.197462 0.181822 0.20025 0.173039 0.190262 0.137846 0.21721 0.125312 0.214472 0.149797 0.229627 0.109911 0.205483 0.131557 0.175924 0.0981363 0.199742 0.0914261 0.19993 0.149641 0.170213 0.254839 0.288094 0.144724 0.190667 0.158062 0.238184 0.156204 0.241857 0.153793 0.246344 0.140756 0.2289 0.115133 0.214818 0.0968434 0.229416 0.0914202 0.219728 0.211405 0.236955 0.197686 0.221082 0.095547 0.237733 0.0853567 0.223522 0.182855 0.204835 0.175536 0.197487 0.100192 0.211029 0.167708 0.188173 0.151619 0.219769 0.158099 0.212632 0.163669 0.185416 0.156693 0.178986 0.153307 0.188208 0.159274 0.196052 0.151127 0.201702 0.170543 0.196934 0.11044 0.240253 0.120084 0.234571 0.219839 0.24636 0.200288 0.226787 0.193316 0.218989 0.107147 0.249412 0.180932 0.207133 0.176046 0.206051 0.166741 0.207602 0.166144 0.24917 0.16792 0.256744 0.162278 0.232991 0.139161 0.245574 0.133069 0.231021 0.271258 0.305343 0.165764 0.221056 0.124029 0.227348 0.128496 0.233919 0.120489 0.242169 0.174711 0.2163 0.179381 0.249687 0.178922 0.2631 0.230056 0.262317 0.174696 0.261907 0.219546 0.251132 0.209 0.238215 0.176374 0.268157 0.19572 0.225795 0.183326 0.214631 0.178674 0.236314 0.186421 0.232362 0.164131 0.261017 0.152537 0.256221 0.12205 0.258437 0.135562 0.273519 0.117814 0.265761 0.238443 0.271026 0.209433 0.242927 0.196343 0.231532 0.203122 0.242829 0.185153 0.274184 0.190962 0.282899 0.183237 0.284582 0.1856 0.262352 0.192517 0.255718 0.174906 0.276269 0.155236 0.266353 0.154828 0.278339 0.144892 0.25761 0.131582 0.260966 0.196785 0.278272 0.205698 0.288857 0.195452 0.290365 0.260046 0.298083 0.243855 0.279096 0.171488 0.289992 0.23527 0.274306 0.229143 0.266134 0.202355 0.267567 0.21771 0.253954 0.206954 0.24363 0.21613 0.257882 0.206558 0.259525 0.165422 0.279856 0.159943 0.290708 0.14969 0.293368 0.147921 0.289536 0.201364 0.299251 0.207562 0.299537 0.206539 0.302769 0.193457 0.298969 0.181146 0.301002 0.198635 0.306443 0.243388 0.283011 0.231087 0.27364 0.218845 0.25863 0.226814 0.281676 0.213359 0.267521 0.211907 0.278964 0.217914 0.300235 0.211888 0.308704 0.169661 0.306201 0.250707 0.294065 0.241469 0.286162 0.22108 0.293686 0.261106 0.303467 0.252207 0.30132 0.230415 0.314029 0.228383 0.30168 0.2418 0.300194 0.248398 0.308121 0.235491 0.287049 0.233362 0.292095 0.729642 0.276418 0.741659 0.275707 0.739456 0.285536 0.727735 0.309386 0.736834 0.301386 0.736676 0.308941 0.727539 0.293624 0.733653 0.359854 0.731382 0.36441 0.728345 0.363872 0.728712 0.367999 0.737325 0.372687 0.729405 0.377172 0.738431 0.314181 0.728014 0.325763 0.734825 0.355094 0.740869 0.362559 0.728681 0.349463 0.736979 0.380455 0.729635 0.384637 0.738857 0.387172 0.729902 0.393594 0.767282 0.289949 0.754795 0.298553 0.759168 0.293956 0.740909 0.462589 0.731387 0.446853 0.737812 0.449833 0.755845 0.275793 0.750525 0.287466 0.728851 0.283193 0.741826 0.294178 0.745724 0.301502 0.747899 0.306082 0.734851 0.336275 0.731772 0.465629 0.762649 0.305865 0.776028 0.294909 0.749817 0.295193 0.751136 0.300545 0.747957 0.315443 0.750272 0.329885 0.737939 0.343158 0.739877 0.399962 0.736452 0.408597 0.730321 0.412354 0.741818 0.410646 0.73079 0.422775 0.763011 0.28427 0.757498 0.348375 0.759919 0.338585 0.751869 0.356722 0.750497 0.373486 0.759479 0.364121 0.748552 0.378407 0.756465 0.379237 0.741871 0.372317 0.741133 0.378782 0.750475 0.387141 0.755878 0.398801 0.749406 0.399628 0.787174 0.298481 0.782529 0.293664 0.770981 0.287804 0.751692 0.409011 0.781847 0.308707 0.74956 0.41866 0.771127 0.315212 0.753499 0.423998 0.747065 0.428769 0.766248 0.275515 0.770389 0.281052 0.757477 0.427913 0.751135 0.434665 0.744804 0.438547 0.775721 0.280394 0.739753 0.422166 0.73581 0.430977 0.750183 0.445981 0.74581 0.450032 0.747959 0.460763 0.767287 0.317162 0.775016 0.324103 0.757267 0.316403 0.762411 0.324747 0.765041 0.329836 0.767177 0.367438 0.767308 0.356643 0.777018 0.367417 0.762734 0.37424 0.775325 0.373005 0.76517 0.380933 0.779102 0.381383 0.763587 0.389253 0.770909 0.399805 0.780424 0.277384 0.784198 0.284882 0.776677 0.275391 0.791833 0.300403 0.804019 0.301274 0.799304 0.312275 0.75999 0.407081 0.789837 0.310572 0.770795 0.40992 0.760879 0.414501 0.768937 0.4175 0.7646 0.421417 0.783586 0.316518 0.779165 0.318969 0.766751 0.439568 0.767157 0.45768 0.756733 0.448311 0.760446 0.459982 0.771842 0.335204 0.779066 0.328114 0.775478 0.33584 0.790386 0.336037 0.768367 0.350209 0.767199 0.340704 0.758832 0.434622 0.75806 0.440239 0.754101 0.443549 0.786619 0.324392 0.807313 0.297171 0.809262 0.298481 0.778333 0.403301 0.809249 0.321037 0.81607 0.331211 0.804608 0.329611 0.798687 0.328202 0.798836 0.278204 0.778391 0.413565 0.792883 0.291176 0.806692 0.283964 0.782356 0.420672 0.778887 0.429943 0.775834 0.44482 0.791184 0.32389 0.79614 0.33391 0.78647 0.333132 0.787393 0.354623 0.776889 0.360743 0.786536 0.358795 0.785938 0.36474 0.785796 0.377858 0.78589 0.406372 0.814647 0.313824 0.816478 0.292383 0.816006 0.30054 0.827942 0.336316 0.822743 0.330648 0.835515 0.329139 0.826407 0.323157 0.806976 0.337706 0.812541 0.343442 0.798079 0.341413 0.799131 0.358212 0.814847 0.359122 0.796985 0.365716 0.810277 0.368515 0.807614 0.379219 0.800201 0.371979 0.798563 0.38956 0.805085 0.402099 0.809701 0.389406 0.798727 0.411667 0.810531 0.414958 0.800717 0.436442 0.799215 0.426818 0.805259 0.427945 0.811056 0.278386 0.787514 0.370422 0.794182 0.377422 0.79607 0.398015 0.788202 0.394235 0.794156 0.406027 0.791163 0.424782 0.824854 0.276211 0.820271 0.284047 0.795814 0.435122 0.791138 0.435154 0.801322 0.447632 0.791663 0.443873 0.784617 0.436136 0.784308 0.445312 0.788223 0.45298 0.774713 0.456157 0.823717 0.342565 0.819819 0.37048 0.814798 0.379823 0.817795 0.387345 0.818098 0.401495 0.813335 0.396534 0.835146 0.27928 0.826745 0.28916 0.818878 0.419647 0.837598 0.290751 0.833404 0.299662 0.8084 0.435905 0.811397 0.452501 0.836681 0.31701 0.83617 0.338557 0.824909 0.30861 0.840252 0.347271 0.846915 0.360441 0.836787 0.357012 0.829874 0.345012 0.832907 0.364663 0.836051 0.371515 0.832147 0.401814 0.832937 0.386745 0.841626 0.384878 0.842765 0.402912 0.834895 0.377983 0.824838 0.382182 0.826225 0.393485 0.837343 0.4159 0.826391 0.411071 0.833486 0.424222 0.825087 0.418597 0.816653 0.426037 0.833191 0.43151 0.842824 0.425128 0.824364 0.430544 0.824832 0.445202 0.83049 0.452058 0.845723 0.279937 0.838531 0.275988 0.845716 0.275567 0.848201 0.29035 0.844728 0.298398 0.815363 0.435891 0.846452 0.317316 0.843222 0.32552 0.848152 0.340101 0.824146 0.402988 0.880334 0.34764 0.885064 0.339131 0.888761 0.346236 0.884118 0.353169 0.840568 0.434107 0.89439 0.329904 0.879651 0.329972 0.879836 0.338413 0.862739 0.275711 0.853786 0.28104 0.851478 0.275495 0.841321 0.445743 0.853243 0.284857 0.852219 0.317799 0.892269 0.337468 0.882464 0.368586 0.889988 0.354345 0.869846 0.338199 0.872858 0.34474 0.872128 0.351551 0.870138 0.33022 0.867683 0.344697 0.872475 0.356743 0.867775 0.35975 0.854663 0.345978 0.85055 0.42789 0.84603 0.43051 0.868617 0.296783 0.859091 0.291263 0.868769 0.286009 0.857694 0.300773 0.869087 0.307575 0.869523 0.315889 0.862396 0.32177 0.870021 0.326203 0.864883 0.277623 0.854429 0.308246 0.85844 0.314797 0.896705 0.347378 0.902673 0.358178 0.897007 0.362248 0.89396 0.3692 0.866347 0.335064 0.869926 0.373358 0.885505 0.378254 0.866754 0.378977 0.862422 0.352122 0.858868 0.343982 0.857481 0.355658 0.860442 0.36698 0.856312 0.366004 0.866469 0.370434 0.858278 0.375981 0.8491 0.381637 0.859011 0.399417 0.849455 0.404059 0.881835 0.416265 0.885715 0.422577 0.87035 0.41742 0.856233 0.414767 0.866902 0.39924 0.860993 0.413332 0.860785 0.421902 0.857374 0.437409 0.850505 0.436829 0.850149 0.452439 0.846126 0.445563 0.86669 0.328163 0.854183 0.295746 0.862301 0.326522 0.858378 0.326992 0.862225 0.332098 0.854798 0.328199 0.871697 0.364708 0.903391 0.409886 0.895892 0.417278 0.893448 0.425559 0.906165 0.329247 0.903929 0.33347 0.921625 0.334025 0.914954 0.34354 0.915438 0.330537 0.911063 0.336646 0.884878 0.409344 0.904894 0.345503 0.904876 0.365448 0.872133 0.4313 0.867691 0.433123 0.868446 0.276978 0.87264 0.384288 0.866753 0.387863 0.933965 0.329831 0.941226 0.326641 0.938861 0.334715 0.954236 0.330364 0.930301 0.335762 0.924504 0.329028 0.89216 0.39979 0.922029 0.351488 0.882082 0.435879 0.881163 0.451835 0.900646 0.435532 0.912879 0.365876 0.917468 0.369136 0.928354 0.365575 0.906186 0.373052 0.89685 0.380591 0.908609 0.398203 0.871534 0.396851 0.873249 0.399607 0.870317 0.438673 0.861592 0.440429 0.857705 0.463932 0.926351 0.371088 0.917784 0.381249 0.917801 0.408173 0.691385 0.614959 0.694254 0.621876 0.690542 0.628803 0.691362 0.636369 0.688083 0.635458 0.684876 0.630193 0.689921 0.652063 0.698637 0.64102 0.683627 0.641483 0.693398 0.661375 0.694947 0.695778 0.693653 0.676883 0.700846 0.692236 0.688033 0.681773 0.682739 0.688117 0.683394 0.677222 0.688985 0.691714 0.682784 0.709857 0.691996 0.709645 0.691007 0.720637 0.700808 0.727815 0.692914 0.727158 0.690752 0.735912 0.686683 0.733851 0.68392 0.728568 0.682922 0.654607 0.708937 0.634309 0.709919 0.646508 0.699085 0.631849 0.714808 0.66125 0.701294 0.661973 0.702535 0.611635 0.685027 0.619039 0.717146 0.66766 0.704348 0.670112 0.715911 0.673537 0.716559 0.683363 0.684886 0.664144 0.685545 0.673097 0.707728 0.702731 0.707878 0.710173 0.712832 0.727633 0.711457 0.622515 0.709313 0.736115 0.682617 0.731168 0.718801 0.71218 0.728047 0.697396 0.728157 0.711185 0.716824 0.693392 0.726999 0.726809 0.71855 0.735897 0.72961 0.631993 0.73243 0.631175 0.732172 0.641092 0.72475 0.640332 0.721624 0.616594 0.724163 0.605451 0.73215 0.613181 0.725428 0.621466 0.718043 0.615968 0.714024 0.608304 0.719703 0.628556 0.730871 0.624384 0.723981 0.634768 0.717604 0.637481 0.730581 0.653451 0.717096 0.652005 0.724341 0.665561 0.730687 0.682363 0.721358 0.691675 0.720323 0.702146 0.716619 0.70239 0.738565 0.597414 0.748626 0.606312 0.737019 0.607389 0.746672 0.615572 0.738726 0.620245 0.739052 0.632147 0.739656 0.655329 0.73428 0.662491 0.736459 0.707678 0.752653 0.722996 0.740002 0.671737 0.737144 0.722677 0.739174 0.727485 0.730023 0.736187 0.767152 0.622972 0.761136 0.633228 0.762206 0.619781 0.776964 0.649623 0.761494 0.649972 0.758892 0.642588 0.759654 0.611043 0.758622 0.594147 0.76297 0.591829 0.766057 0.610621 0.749697 0.588337 0.751074 0.623 0.748979 0.639951 0.749684 0.651363 0.76164 0.659962 0.769174 0.661586 0.748301 0.663898 0.751082 0.67466 0.762884 0.672495 0.757433 0.68192 0.751704 0.684756 0.745942 0.69018 0.758477 0.702013 0.765334 0.693882 0.752111 0.695948 0.748373 0.70638 0.754812 0.712487 0.766891 0.70897 0.742392 0.699201 0.751032 0.726182 0.760568 0.731034 0.759156 0.585074 0.747674 0.736239 0.769872 0.600317 0.770331 0.614764 0.743878 0.629145 0.769955 0.586238 0.775915 0.592906 0.784828 0.599627 0.788601 0.610593 0.777107 0.605488 0.78087 0.617833 0.777887 0.629844 0.787569 0.63343 0.790744 0.625384 0.775122 0.654784 0.781153 0.665311 0.776132 0.669838 0.771451 0.678312 0.763841 0.680834 0.772203 0.72423 0.76605 0.72469 0.753653 0.736023 0.79119 0.590828 0.797505 0.600856 0.791534 0.599137 0.782295 0.593218 0.791683 0.60434 0.794177 0.681948 0.795586 0.662742 0.805584 0.658802 0.788542 0.67233 0.798014 0.60847 0.797708 0.628357 0.794119 0.634084 0.789509 0.640709 0.800434 0.704037 0.791391 0.722235 0.786779 0.714585 0.7916 0.727445 0.804239 0.722882 0.805117 0.726854 0.781361 0.695966 0.785238 0.681488 0.780864 0.72843 0.784708 0.738013 0.771904 0.734287 0.772448 0.738149 0.76364 0.738038 0.792636 0.582081 0.791138 0.563354 0.805345 0.578533 0.799328 0.593629 0.806191 0.602476 0.798489 0.62079 0.797732 0.635379 0.803899 0.641817 0.789315 0.653303 0.779621 0.706654 0.778139 0.72175 0.784665 0.568768 0.782117 0.580616 0.77338 0.575785 0.759436 0.738039 0.827298 0.590325 0.831049 0.588077 0.828734 0.594248 0.856408 0.589102 0.857221 0.591878 0.841323 0.589423 0.824583 0.581836 0.817642 0.635818 0.825829 0.636174 0.825279 0.655451 0.813418 0.631175 0.828498 0.668235 0.828622 0.63958 0.842307 0.649616 0.827468 0.680861 0.824429 0.672279 0.824554 0.682874 0.817394 0.66677 0.806262 0.676531 0.818364 0.679415 0.820978 0.686623 0.818351 0.681884 0.824594 0.691272 0.839308 0.582702 0.814544 0.678068 0.814174 0.687135 0.823342 0.597564 0.818936 0.695503 0.82437 0.701315 0.811003 0.708059 0.814076 0.569401 0.815151 0.588527 0.818192 0.58921 0.806277 0.715402 0.816903 0.720658 0.809312 0.724275 0.815015 0.730867 0.838218 0.636637 0.831869 0.628175 0.794843 0.73814 0.857097 0.583049 0.851386 0.598639 0.818772 0.626739 0.824847 0.627831 0.817678 0.652993 0.813334 0.638387 0.861554 0.650604 0.865505 0.665528 0.838266 0.681085 0.858856 0.681208 0.868588 0.588062 0.864471 0.590951 0.832518 0.574229 0.826481 0.575424 0.824114 0.572307 0.819291 0.707999 0.82424 0.71379 0.817538 0.569257 0.805287 0.555628 0.818465 0.727307 0.813358 0.738271 0.824106 0.734063 0.803986 0.7353 0.828027 0.603334 0.823098 0.607446 0.836446 0.618148 0.82881 0.61758 0.837112 0.609055 0.857367 0.635539 0.852461 0.638858 0.84072 0.628149 0.840199 0.624593 0.852576 0.631825 0.81618 0.598524 0.814223 0.617908 0.831557 0.563826 0.825393 0.563952 0.877161 0.6384 0.872704 0.634708 0.859988 0.639805 0.878921 0.58976 0.886368 0.592442 0.874889 0.592914 0.88852 0.587699 0.869069 0.597494 0.859117 0.60475 0.841478 0.604592 0.847255 0.574461 0.85482 0.608509 0.865422 0.609319 0.875956 0.580682 0.851813 0.618374 0.854794 0.627349 0.871886 0.623494 0.865995 0.581387 0.889606 0.635709 0.8868 0.6391 0.866721 0.57282 0.882728 0.663312 0.895872 0.653544 0.870895 0.628298 0.889197 0.683096 0.898094 0.67744 0.898399 0.682906 0.891216 0.666562 0.852476 0.553682 0.865439 0.561741 0.853884 0.570214 0.843687 0.56988 0.8416 0.563232 0.877783 0.681251 0.897963 0.591856 0.899553 0.596966 0.884812 0.600965 0.89895 0.587325 0.899591 0.589534 0.896271 0.647468 0.843367 0.617215 0.833862 0.554127 0.824178 0.738118 0.913886 0.591985 0.91571 0.589263 0.91482 0.58302 0.894262 0.582306 0.923679 0.591918 0.896923 0.602225 0.897757 0.63706 0.909888 0.636788 0.904856 0.658063 0.89691 0.627174 0.886892 0.627709 0.915663 0.678956 0.899042 0.538086 0.907659 0.545758 0.895368 0.545837 0.884829 0.538414 0.878688 0.545648 0.885397 0.552769 0.871106 0.557052 0.892056 0.561782 0.864324 0.553628 0.877411 0.572303 0.893638 0.572547 0.917714 0.597926 0.926104 0.588422 0.91934 0.652496 0.919447 0.580999 0.903085 0.609998 0.885773 0.607963 0.899849 0.619324 0.891654 0.616048 0.893551 0.553222 0.90449 0.556208 0.901523 0.562059 0.907193 0.626935 0.921502 0.638289 0.905288 0.573386 0.900325 0.568054 0.91201 0.616184 0.915613 0.605683 0.926801 0.649726 0.926485 0.553557 0.917842 0.565612 0.911528 0.561967 0.937106 0.595141 0.916081 0.626828 0.921613 0.613285 0.926833 0.633807 0.914528 0.553003 0.931798 0.546197 0.911082 0.564535 0.927517 0.573061 0.574096 0.530792 0.58516 0.532334 0.570077 0.537251 0.552158 0.530049 0.565607 0.529932 0.42211 0.362202 0.427946 0.365906 0.412717 0.364341 0.420559 0.356915 0.443587 0.36472 0.442609 0.360698 0.432466 0.375181 0.410156 0.372812 0.417496 0.383081 0.415382 0.398944 0.433066 0.384787 0.459222 0.319159 0.454488 0.313931 0.47046 0.316025 0.459306 0.365487 0.458638 0.361801 0.469468 0.282514 0.472458 0.275391 0.479249 0.281633 0.480639 0.420799 0.467413 0.421411 0.466783 0.417946 0.454726 0.41923 0.457635 0.28099 0.460474 0.412321 0.475194 0.296137 0.456937 0.298726 0.446363 0.411571 0.444958 0.421999 0.44989 0.429888 0.479628 0.318386 0.467957 0.326362 0.461571 0.32693 0.447574 0.3269 0.451985 0.345526 0.4358 0.328054 0.437227 0.345997 0.426164 0.345112 0.479221 0.365221 0.471102 0.361967 0.460494 0.354092 0.473009 0.372491 0.458565 0.377191 0.449024 0.357106 0.450736 0.375481 0.435331 0.355444 0.434598 0.400326 0.450267 0.387542 0.61917 0.534413 0.601293 0.536734 0.602359 0.53033 0.499277 0.275425 0.499654 0.278904 0.485173 0.313162 0.481166 0.28423 0.449107 0.282178 0.440573 0.297916 0.446735 0.312267 0.444628 0.317834 0.435651 0.315744 0.585304 0.527699 0.573841 0.527079 0.54043 0.526685 0.546676 0.522283 0.538563 0.519949 0.472258 0.428112 0.621841 0.530125 0.479969 0.417958 0.495339 0.41775 0.483255 0.412318 0.495716 0.420706 0.556117 0.520585 0.451064 0.400695 0.460265 0.402926 0.461939 0.436957 0.476487 0.347314 0.481895 0.355723 0.461007 0.348764 0.494088 0.32011 0.493671 0.316698 0.472138 0.3275 0.476671 0.335342 0.470691 0.336091 0.462812 0.344146 0.461129 0.382206 0.470576 0.39012 0.464071 0.392328 0.469921 0.401088 0.484295 0.361856 0.496491 0.365671 0.504932 0.37165 0.493003 0.378545 0.483063 0.435171 0.47753 0.446628 0.505049 0.420152 0.501901 0.426964 0.465389 0.445519 0.490984 0.426326 0.466286 0.451469 0.491957 0.410238 0.487259 0.403089 0.493767 0.434975 0.516289 0.277476 0.510328 0.283831 0.496519 0.283977 0.568674 0.518275 0.496905 0.472644 0.504873 0.471979 0.498146 0.474697 0.486952 0.472269 0.497093 0.464462 0.496223 0.30911 0.509526 0.296476 0.520265 0.312557 0.506489 0.316973 0.486047 0.475882 0.475259 0.466153 0.514894 0.318826 0.490734 0.32554 0.510585 0.324499 0.492981 0.33005 0.483299 0.328184 0.484688 0.336083 0.493866 0.338582 0.490068 0.344596 0.48185 0.383803 0.481447 0.392446 0.512029 0.363095 0.504609 0.359013 0.491824 0.349634 0.652972 0.534304 0.633036 0.537092 0.637838 0.532018 0.487278 0.390745 0.485826 0.397671 0.482839 0.446694 0.482107 0.45757 0.515772 0.367048 0.518505 0.363353 0.530501 0.364519 0.513326 0.471798 0.528007 0.470729 0.511453 0.474872 0.521309 0.356546 0.505773 0.346887 0.506248 0.464459 0.504386 0.480929 0.502482 0.33816 0.513183 0.337869 0.491114 0.481979 0.52244 0.376465 0.523249 0.296362 0.523417 0.284404 0.535519 0.285573 0.52296 0.411078 0.523772 0.418756 0.511678 0.420277 0.50624 0.413218 0.545431 0.306278 0.528427 0.318083 0.524173 0.423078 0.498203 0.400351 0.514282 0.402991 0.51132 0.328214 0.502906 0.327847 0.495174 0.452917 0.495036 0.443579 0.50871 0.455997 0.602136 0.518782 0.592295 0.519055 0.575802 0.519454 0.547087 0.515031 0.537956 0.513983 0.524541 0.464983 0.527081 0.474452 0.523082 0.480733 0.53459 0.354195 0.541794 0.363665 0.540717 0.36719 0.530193 0.371542 0.519172 0.348973 0.536673 0.318204 0.549899 0.317619 0.538348 0.32559 0.509223 0.384833 0.493786 0.383341 0.506701 0.395385 0.495202 0.390709 0.544684 0.277716 0.545756 0.286979 0.526404 0.277631 0.535333 0.410924 0.534856 0.417668 0.5366 0.421674 0.532384 0.429543 0.519247 0.430204 0.523177 0.326886 0.516456 0.443138 0.525638 0.435797 0.553124 0.51508 0.538399 0.474481 0.542573 0.470642 0.671295 0.53659 0.656081 0.53074 0.670727 0.532584 0.6383 0.528438 0.616006 0.520514 0.494954 0.491049 0.517608 0.489187 0.521928 0.341103 0.530401 0.341461 0.53146 0.348745 0.523465 0.390065 0.516241 0.390301 0.521563 0.383287 0.547252 0.279702 0.5155 0.394912 0.522899 0.400634 0.524001 0.279553 0.520142 0.279532 0.522586 0.458395 0.532245 0.329683 0.558999 0.514754 0.539115 0.337438 0.547047 0.339965 0.536238 0.345061 0.543981 0.348577 0.554366 0.355964 0.563852 0.363098 0.548927 0.362903 0.557566 0.471862 0.557123 0.47493 0.544026 0.47359 0.550703 0.366023 0.546903 0.464672 0.549478 0.480911 0.56522 0.277908 0.566205 0.282609 0.554387 0.277786 0.539378 0.372963 0.55744 0.374422 0.56149 0.304421 0.575182 0.295199 0.555099 0.285347 0.56095 0.419217 0.56072 0.42172 0.551268 0.410999 0.543569 0.488849 0.531447 0.48854 0.571899 0.307232 0.563573 0.31877 0.524367 0.497663 0.55513 0.322034 0.550899 0.428642 0.509104 0.498646 0.512666 0.507187 0.543451 0.328389 0.537887 0.439747 0.532336 0.382901 0.530686 0.37828 0.563345 0.367314 0.533715 0.40152 0.533206 0.507047 0.543332 0.510412 0.571352 0.513338 0.581528 0.472732 0.566971 0.473738 0.57104 0.470678 0.576073 0.475165 0.568574 0.482066 0.574567 0.515698 0.560092 0.46681 0.551634 0.458073 0.565118 0.464039 0.571927 0.277971 0.551832 0.380121 0.576824 0.318837 0.575246 0.417917 0.576243 0.4217 0.569567 0.41924 0.552855 0.491106 0.572702 0.327326 0.566144 0.428342 0.576614 0.412853 0.560148 0.41276 0.558092 0.40279 0.546717 0.513062 0.565269 0.436422 0.561023 0.325022 0.556458 0.435577 0.533877 0.499284 0.556533 0.327557 0.56313 0.327574 0.560687 0.331799 0.565941 0.337955 0.553906 0.338522 0.558644 0.348209 0.554474 0.442975 0.537188 0.456281 0.560842 0.447123 0.588353 0.36387 0.585947 0.367386 0.577248 0.365665 0.576452 0.357731 0.573867 0.373947 0.659027 0.523145 0.647314 0.525015 0.574219 0.279912 0.629845 0.523114 0.570347 0.348562 0.589448 0.279882 0.58672 0.311142 0.559453 0.382806 0.563929 0.510079 0.556145 0.512097 0.598964 0.412411 0.595338 0.418943 0.591675 0.421562 0.606945 0.422777 0.548066 0.49967 0.556463 0.500355 0.566462 0.404375 0.583695 0.402241 0.58942 0.406422 0.578314 0.428531 0.615952 0.278832 0.597487 0.297126 0.580524 0.439228 0.577113 0.447212 0.620949 0.309238 0.565802 0.45622 0.606747 0.319072 0.588185 0.317099 0.599545 0.472725 0.592894 0.465866 0.605397 0.322178 0.588219 0.321524 0.596526 0.476128 0.589957 0.326425 0.586355 0.329668 0.588151 0.515629 0.602618 0.516092 0.56878 0.33108 0.575855 0.338679 0.563447 0.489987 0.560516 0.50612 0.56619 0.502767 0.605859 0.364463 0.599515 0.367592 0.596451 0.358832 0.591682 0.373724 0.579389 0.348475 0.58511 0.383585 0.571666 0.391806 0.552972 0.511618 0.617582 0.517718 0.629114 0.364662 0.6313 0.368241 0.615004 0.365303 0.54763 0.5104 0.608509 0.368906 0.594409 0.428736 0.604416 0.374285 0.600941 0.355886 0.583867 0.457578 0.593385 0.350777 0.617112 0.419791 0.622613 0.423437 0.596941 0.377541 0.607539 0.483518 0.587204 0.482478 0.605874 0.430322 0.591035 0.488015 0.604686 0.513138 0.587682 0.512431 0.678125 0.522507 0.577613 0.509812 0.615693 0.476333 0.619016 0.473562 0.632686 0.321819 0.612315 0.319006 0.630965 0.31803 0.617717 0.328876 0.609172 0.326494 0.602963 0.330391 0.593467 0.33987 0.581697 0.492254 0.602288 0.343153 0.575446 0.501621 0.600187 0.349567 0.643524 0.521259 0.630688 0.519339 0.62757 0.292196 0.594495 0.38395 0.593965 0.394116 0.584925 0.392759 0.589499 0.435151 0.596022 0.44743 0.586608 0.448817 0.593455 0.46124 0.636853 0.307146 0.603549 0.404079 0.61011 0.393428 0.61645 0.399699 0.644109 0.319227 0.642129 0.517347 0.631478 0.517539 0.599446 0.395599 0.602343 0.385881 0.647635 0.421102 0.631724 0.420119 0.639031 0.4138 0.631053 0.474156 0.631509 0.476895 0.646595 0.423812 0.622329 0.481084 0.623925 0.484334 0.620593 0.467776 0.620883 0.413379 0.626747 0.328936 0.605323 0.492124 0.588095 0.493511 0.608735 0.34154 0.61429 0.343254 0.62497 0.430284 0.642355 0.430444 0.595916 0.499597 0.599523 0.460558 0.591806 0.508506 0.587207 0.5006 0.625836 0.405794 0.646382 0.364817 0.643839 0.368037 0.616854 0.51492 0.630781 0.358746 0.640443 0.359529 0.610856 0.501104 0.624796 0.349144 0.607994 0.352323 0.616019 0.357993 0.611844 0.438289 0.619532 0.448224 0.63618 0.280796 0.618472 0.457325 0.62533 0.374026 0.607666 0.34903 0.65576 0.302098 0.610476 0.382655 0.622583 0.383013 0.646325 0.322797 0.619263 0.387672 0.636785 0.475442 0.606547 0.509513 0.618872 0.491629 0.61472 0.51141 0.617385 0.49993 0.625045 0.502623 0.642518 0.32744 0.632745 0.329983 0.636088 0.341653 0.665491 0.42456 0.666241 0.421613 0.63683 0.515504 0.623657 0.51348 0.663403 0.360045 0.65796 0.367621 0.650543 0.374821 0.632689 0.350159 0.627509 0.494194 0.623164 0.440249 0.635393 0.441115 0.624495 0.510274 0.642107 0.379592 0.63441 0.458282 0.637541 0.468202 0.666321 0.519391 0.653972 0.518725 0.654917 0.476428 0.649054 0.476303 0.654497 0.468691 0.648881 0.479476 0.628525 0.400684 0.63902 0.485393 0.635306 0.386275 0.636754 0.399419 0.644721 0.39313 0.670673 0.281037 0.655003 0.280864 0.670599 0.321113 0.658202 0.318708 0.659547 0.323171 0.6467 0.332117 0.662502 0.349704 0.647776 0.349308 0.651854 0.340751 0.660877 0.340217 0.678992 0.478467 0.66753 0.486376 0.667529 0.479044 0.666886 0.473503 0.665306 0.476794 0.676845 0.519634 0.657472 0.516121 0.654454 0.484407 0.660865 0.379225 0.678329 0.361637 0.672695 0.366631 0.657093 0.386829 0.673851 0.370152 0.658362 0.401631 0.664262 0.415397 0.678686 0.413907 0.642883 0.405892 0.675279 0.420002 0.687815 0.301546 0.684836 0.319175 0.662525 0.40825 0.633257 0.504246 0.641282 0.511316 0.632107 0.512811 0.66354 0.429928 0.673652 0.293768 0.655084 0.439418 0.68016 0.328802 0.662993 0.330007 0.641094 0.449407 0.64795 0.458551 0.696452 0.520166 0.659209 0.461374 0.65944 0.454013 0.671223 0.460076 0.692747 0.476886 0.678319 0.474792 0.687716 0.470466 0.667351 0.46793 0.684916 0.48232 0.700024 0.36769 0.702011 0.370365 0.686635 0.37003 0.695326 0.376218 0.684158 0.366106 0.689873 0.359678 0.672034 0.516894 0.673429 0.356372 0.664555 0.511898 0.652033 0.511711 0.656708 0.503479 0.676465 0.377611 0.69422 0.419397 0.698162 0.424088 0.689443 0.424411 0.677387 0.331205 0.69179 0.414573 0.680492 0.431061 0.676581 0.423966 0.660733 0.43799 0.674096 0.432226 0.669213 0.441811 0.678816 0.405066 0.684127 0.340886 0.676103 0.350203 0.672432 0.383241 0.66945 0.39445 0.659381 0.446148 0.670881 0.452148 0.656895 0.457721 0.652243 0.44834 0.654025 0.454063 0.684594 0.32384 0.673097 0.336011 0.657034 0.49425 0.643866 0.501516 0.644076 0.51561 0.654636 0.513703 0.677529 0.515875 0.703647 0.413189 0.713863 0.422048 0.695798 0.484922 0.700859 0.47768 0.702191 0.471472 0.691591 0.460421 0.703279 0.405328 0.688393 0.401417 0.69611 0.395981 0.685697 0.485792 0.695368 0.332692 0.69185 0.34355 0.693431 0.351413 0.691986 0.385114 0.67981 0.460529 0.676148 0.496391 0.714089 0.425496 0.690463 0.506766 0.696192 0.497471 0.672953 0.504683 0.66839 0.514068 0.676715 0.51185 0.698769 0.432694 0.690709 0.442527 0.692022 0.45146 0.683532 0.448053 0.704787 0.386032 0.70994 0.397618 0.720231 0.433566 0.706565 0.440437 0.698864 0.509749 0.691501 0.514211 0.716728 0.444619 0.706552 0.450711 0.706363 0.460031 0.715367 0.461825 0.713098 0.477604 0.712767 0.482677 0.727015 0.452181 0.706122 0.507183 0.705821 0.515548 0.699069 0.887109 0.705971 0.89772 0.685329 0.899899 0.702646 0.901589 0.697451 0.90387 0.688586 0.8733 0.694446 0.809005 0.704111 0.811854 0.692 0.812494 0.696025 0.870396 0.703733 0.905747 0.716254 0.812567 0.705303 0.815988 0.713776 0.808607 0.706547 0.802847 0.687688 0.801664 0.695772 0.85439 0.705768 0.856905 0.690524 0.859005 0.684825 0.847622 0.693938 0.847352 0.725956 0.889703 0.721585 0.901918 0.733893 0.905195 0.715868 0.905575 0.721563 0.869444 0.734452 0.812598 0.722389 0.819049 0.694657 0.774041 0.682617 0.773477 0.700015 0.766636 0.695122 0.784595 0.685989 0.786194 0.722957 0.793777 0.695758 0.793659 0.703562 0.824326 0.705247 0.833021 0.708017 0.839913 0.70305 0.844981 0.696813 0.837863 0.686008 0.818596 0.684014 0.826407 0.690155 0.833937 0.723179 0.855419 0.723149 0.860159 0.70975 0.850448 0.703916 0.848557 0.729286 0.802743 0.729455 0.809327 0.742623 0.900728 0.736107 0.890765 0.733171 0.883754 0.747745 0.905079 0.752428 0.891812 0.748459 0.90094 0.720226 0.833641 0.726047 0.843202 0.717755 0.846776 0.735503 0.8565 0.727347 0.848624 0.744801 0.846914 0.737246 0.867185 0.757095 0.871112 0.738602 0.809623 0.752629 0.810434 0.727868 0.826412 0.714673 0.773166 0.717229 0.76614 0.712526 0.786892 0.753894 0.880901 0.763535 0.855379 0.76797 0.858548 0.757136 0.859662 0.747103 0.856675 0.75531 0.846959 0.738706 0.758022 0.758173 0.765171 0.73745 0.765215 0.732551 0.774389 0.742829 0.784912 0.730128 0.78117 0.741536 0.824063 0.734451 0.835347 0.735612 0.843588 0.753275 0.758322 0.757603 0.755484 0.766545 0.756828 0.735489 0.790562 0.739085 0.794729 0.754643 0.801422 0.759515 0.807384 0.757507 0.810761 0.754909 0.818478 0.76788 0.874147 0.768916 0.893989 0.765718 0.904799 0.761697 0.901137 0.738685 0.828907 0.745396 0.836913 0.749283 0.790689 0.769387 0.811369 0.785803 0.812451 0.780534 0.81926 0.768155 0.818105 0.750957 0.827989 0.763491 0.827465 0.762265 0.833853 0.753177 0.837136 0.782969 0.754319 0.784158 0.748099 0.782591 0.75784 0.781981 0.853594 0.778262 0.857643 0.769457 0.74644 0.783026 0.764254 0.7776 0.874811 0.768532 0.849338 0.765101 0.772678 0.750959 0.773936 0.782774 0.90651 0.784435 0.892164 0.755914 0.782315 0.774734 0.80793 0.763264 0.800398 0.77011 0.905202 0.802516 0.812185 0.804643 0.823203 0.788894 0.85909 0.792288 0.856154 0.808215 0.857903 0.810078 0.75438 0.79986 0.757732 0.801247 0.754788 0.791019 0.870515 0.768007 0.843173 0.782932 0.847369 0.788262 0.904603 0.783585 0.802498 0.788054 0.808661 0.764466 0.789617 0.760399 0.793943 0.770526 0.826722 0.788565 0.827267 0.811285 0.873492 0.78478 0.837757 0.811478 0.897769 0.787279 0.771133 0.792725 0.899987 0.804376 0.808049 0.792399 0.904504 0.797791 0.906329 0.769933 0.782131 0.778763 0.794328 0.832972 0.759904 0.815961 0.757809 0.825508 0.755638 0.820757 0.750053 0.800494 0.748187 0.823567 0.764175 0.807406 0.764452 0.816897 0.810618 0.816101 0.802749 0.803471 0.803006 0.829158 0.857266 0.818343 0.868531 0.819089 0.855829 0.813155 0.85425 0.794326 0.771997 0.797592 0.777304 0.82807 0.891774 0.819569 0.904718 0.811113 0.906401 0.801627 0.794439 0.792239 0.789213 0.817932 0.81895 0.798691 0.834655 0.797707 0.842003 0.79059 0.845671 0.798496 0.85032 0.808929 0.846639 0.826371 0.808845 0.827442 0.812404 0.845412 0.758336 0.845776 0.75561 0.834099 0.747103 0.815805 0.745984 0.810408 0.773275 0.811573 0.783407 0.836374 0.807789 0.839879 0.811069 0.830342 0.801153 0.837427 0.817851 0.821174 0.826332 0.838134 0.853833 0.838055 0.857769 0.828378 0.855253 0.834467 0.849729 0.851244 0.754646 0.863964 0.755044 0.857708 0.758266 0.820076 0.847673 0.847357 0.747769 0.829385 0.870107 0.81266 0.837077 0.810775 0.828689 0.850105 0.870108 0.808411 0.792582 0.800279 0.789697 0.810027 0.796834 0.841543 0.899331 0.826765 0.901534 0.826491 0.905914 0.865576 0.807958 0.859266 0.811734 0.854698 0.80746 0.850731 0.801433 0.867916 0.758829 0.876933 0.754803 0.845173 0.764715 0.84629 0.76928 0.824172 0.770221 0.847532 0.776187 0.834187 0.775315 0.845475 0.846773 0.856869 0.853712 0.859217 0.858001 0.820945 0.777847 0.830635 0.783229 0.832695 0.790973 0.834077 0.827455 0.833184 0.836742 0.822401 0.837164 0.816705 0.791662 0.835886 0.843425 0.865107 0.762043 0.856847 0.746775 0.849466 0.900315 0.863994 0.887063 0.859175 0.765337 0.850573 0.907537 0.840385 0.906811 0.864482 0.818303 0.85247 0.820221 0.877629 0.802742 0.862476 0.800414 0.87625 0.798601 0.845436 0.829096 0.853762 0.828655 0.8817 0.748976 0.890866 0.755377 0.88621 0.75827 0.858722 0.848058 0.876887 0.76375 0.88017 0.811389 0.859643 0.907619 0.864331 0.900733 0.871247 0.907258 0.871721 0.764176 0.858831 0.899711 0.876421 0.855352 0.875808 0.84693 0.896861 0.809242 0.881272 0.808054 0.88792 0.855831 0.887284 0.871874 0.918191 0.909318 0.913066 0.908142 0.919393 0.901641 0.904585 0.911646 0.902623 0.907621 0.897294 0.909142 0.896159 0.906428 0.87061 0.868574 0.849931 0.738281 0.865016 0.895961 0.85794 0.773092 0.857715 0.782327 0.846872 0.786296 0.840348 0.783305 0.853269 0.796726 0.852272 0.79246 0.83986 0.79681 0.877824 0.894859 0.875915 0.900121 0.857461 0.836042 0.848336 0.843607 0.894464 0.89998 0.888593 0.903918 0.903505 0.812375 0.888196 0.815912 0.876151 0.765314 0.886017 0.763207 0.886404 0.883129 0.906182 0.901304 0.898762 0.883983 0.912708 0.870768 0.909575 0.887714 0.870822 0.781392 0.873604 0.772684 0.881212 0.779163 0.889016 0.801347 0.883991 0.787746 0.86859 0.790672 0.89011 0.899049 0.896477 0.89579 0.882422 0.90195 0.889878 0.908819 0.882442 0.908819 0.908164 0.802657 0.888505 0.771419 0.912537 0.85859 0.907024 0.816547 0.879548 0.821132 0.874237 0.818691 0.876553 0.907208 0.893921 0.846452 0.865454 0.825948 0.868344 0.833324 0.863056 0.843207 0.926116 0.904592 0.932293 0.907367 0.919523 0.885538 0.933115 0.857784 0.914293 0.89775 0.923032 0.898884 0.888853 0.792609 0.905699 0.898584 0.917445 0.810701 0.911986 0.82185 0.897629 0.81913 0.894927 0.834595 0.917692 0.829941 0.915523 0.846909 0.917941 0.85553 0.901807 0.853334 0.916703 0.807931 0.92986 0.809453 0.919301 0.801315 0.894162 0.781163 0.906067 0.792283 0.911406 0.796152 0.898316 0.773533 0.886954 0.831972 0.878842 0.827227 0.901569 0.842674 0.886435 0.842185 0.877668 0.833772 0.871855 0.841847 0.942979 0.881329 0.938596 0.896185 0.931581 0.897273 0.932382 0.852946 0.917326 0.7877 0.951797 0.854707 0.943383 0.845123 0.930399 0.845955 0.929778 0.842332 0.942496 0.842924 0.963739 0.880578 0.955684 0.890503 0.948584 0.896437 0.96249 0.895946 0.954367 0.899102 0.939884 0.900428 0.943687 0.907581 0.935086 0.908131 0.94542 0.8614 0.924143 0.825941 0.927519 0.835715 0.920685 0.842236 0.968342 0.896264 0.976476 0.878919 0.974746 0.902616 0.974105 0.909037 0.966196 0.903044 0.978211 0.909438 0.982625 0.897745 0.966929 0.909701 0.958041 0.909802 0.948859 0.910003 0.351341 0.775124 0.363981 0.781575 0.364644 0.795553 0.373272 0.809282 0.360516 0.808223 0.365241 0.812053 0.348997 0.790352 0.346037 0.807809 0.357842 0.812379 0.345791 0.812418 0.363765 0.770482 0.332031 0.770029 0.334967 0.782645 0.37238 0.819807 0.382683 0.812941 0.358988 0.818483 0.356415 0.821243 0.341396 0.817305 0.338646 0.819674 0.378729 0.858663 0.361085 0.855833 0.380098 0.855308 0.363056 0.858472 0.367479 0.864827 0.368672 0.849539 0.354542 0.839751 0.370464 0.839601 0.351043 0.847926 0.381445 0.797894 0.397914 0.8097 0.356477 0.864254 0.369311 0.770599 0.372832 0.789273 0.385166 0.909042 0.364922 0.900611 0.394456 0.903358 0.375011 0.909332 0.390921 0.850055 0.399558 0.857654 0.384283 0.912631 0.375246 0.912714 0.381389 0.920264 0.398652 0.910749 0.35959 0.911511 0.403027 0.916229 0.405738 0.775274 0.395189 0.770949 0.418647 0.771327 0.385833 0.840407 0.373681 0.824356 0.411588 0.799621 0.41165 0.810352 0.377249 0.864453 0.397813 0.812944 0.37575 0.873525 0.398977 0.866905 0.365916 0.873819 0.382221 0.82089 0.373795 0.895754 0.379385 0.884827 0.389315 0.886274 0.366284 0.825723 0.35297 0.831979 0.37107 0.885213 0.364524 0.892852 0.391649 0.774897 0.39654 0.784587 0.382153 0.770756 0.377487 0.77678 0.373926 0.77065 0.408155 0.867612 0.407802 0.858721 0.395496 0.846078 0.395436 0.876508 0.413859 0.778015 0.398859 0.820752 0.448432 0.858399 0.461841 0.862089 0.427041 0.861497 0.434433 0.858372 0.452987 0.852466 0.435785 0.866544 0.425329 0.855471 0.432689 0.850666 0.400945 0.93916 0.400596 0.927227 0.423644 0.931162 0.41804 0.847798 0.423686 0.829526 0.431779 0.8337 0.429896 0.842193 0.411337 0.840654 0.418661 0.858911 0.41926 0.867243 0.430381 0.87791 0.411462 0.878185 0.452992 0.77182 0.44524 0.777049 0.432143 0.771545 0.430132 0.781165 0.44623 0.789123 0.409758 0.886898 0.441043 0.813554 0.429786 0.793608 0.421106 0.91395 0.413362 0.912055 0.432999 0.912193 0.433308 0.920911 0.435101 0.904888 0.413903 0.908588 0.416163 0.903874 0.438769 0.822956 0.423641 0.8202 0.426721 0.894434 0.401147 0.894453 0.434007 0.830999 0.420263 0.823737 0.423366 0.813077 0.422501 0.920353 0.396178 0.898874 0.407344 0.824899 0.410173 0.854734 0.400008 0.83944 0.427956 0.809217 0.403506 0.874837 0.401866 0.884717 0.411827 0.820927 0.39205 0.929012 0.388369 0.938326 0.378162 0.931164 0.437153 0.841452 0.451866 0.820145 0.448844 0.831716 0.445321 0.838656 0.442332 0.876929 0.462071 0.858778 0.437883 0.89723 0.461069 0.77771 0.45575 0.871152 0.449626 0.810756 0.453446 0.814193 0.451615 0.915848 0.443348 0.913855 0.452648 0.911103 0.452177 0.921593 0.434376 0.929569 0.485546 0.859633 0.482242 0.863167 0.483886 0.85193 0.46743 0.852621 0.477983 0.846235 0.482403 0.856256 0.464169 0.841929 0.483768 0.868749 0.47597 0.868986 0.465431 0.875736 0.489272 0.772293 0.495847 0.779453 0.488041 0.778497 0.478 0.772158 0.473204 0.776637 0.467117 0.887038 0.458722 0.885953 0.457344 0.897027 0.490191 0.796959 0.470834 0.79086 0.474277 0.810471 0.448888 0.885049 0.44892 0.89579 0.474688 0.912542 0.462947 0.913298 0.459225 0.906088 0.474388 0.904401 0.463758 0.822092 0.47689 0.814875 0.462897 0.826391 0.475431 0.835276 0.451765 0.824231 0.496174 0.810439 0.499523 0.862743 0.472538 0.896783 0.493217 0.906633 0.495946 0.895793 0.513818 0.822167 0.493939 0.81533 0.506716 0.814489 0.488208 0.824163 0.502381 0.824975 0.493926 0.830997 0.491038 0.843955 0.48209 0.821619 0.479097 0.825416 0.515942 0.860149 0.51515 0.86388 0.563857 0.776684 0.559246 0.779187 0.560826 0.769531 0.505803 0.876589 0.488389 0.882628 0.485844 0.873592 0.50354 0.831065 0.515059 0.848957 0.497492 0.839883 0.549284 0.78067 0.547631 0.77151 0.549658 0.772445 0.543031 0.779733 0.536148 0.772951 0.535994 0.7801 0.525996 0.779517 0.521473 0.772783 0.51063 0.77937 0.503557 0.853628 0.523548 0.784243 0.532935 0.794079 0.515526 0.789088 0.531864 0.805756 0.511187 0.802122 0.496173 0.860182 0.506014 0.870353 0.521005 0.817735 0.538751 0.814664 0.474757 0.89038 0.513228 0.772652 0.505008 0.780663 0.500747 0.772506 0.504745 0.896387 0.529827 0.853842 0.531481 0.860273 0.529826 0.86405 0.511721 0.828745 0.52068 0.836809 0.554415 0.78629 0.521643 0.870787 0.553595 0.817045 0.559685 0.822191 0.540781 0.818699 0.503252 0.885246 0.51202 0.88765 0.533396 0.824615 0.533 0.829102 0.526184 0.879133 0.520223 0.898681 0.523696 0.829042 0.547565 0.848531 0.556399 0.863091 0.54427 0.862351 0.555711 0.872045 0.549275 0.869969 0.561109 0.7826 0.528064 0.847134 0.567443 0.78384 0.567235 0.793194 0.563728 0.795538 0.565449 0.800013 0.562144 0.805131 0.554293 0.796356 0.540883 0.882836 0.537521 0.897311 0.565012 0.817728 0.55861 0.830517 0.549102 0.827561 0.54778 0.83134 0.542248 0.784961 0.545722 0.800907 0.546546 0.80932 0.56318 0.827766 0.554412 0.847088 0.562575 0.836252 0.563029 0.846907 0.562775 0.858787 0.560759 0.86018 0.561255 0.868539 0.560779 0.878683 0.28547 0.449941 0.28748 0.432084 0.294659 0.45258 0.28361 0.439608 0.306447 0.468918 0.312772 0.458071 0.3127 0.473912 0.304667 0.484841 0.30327 0.463438 0.295944 0.469788 0.285331 0.46909 0.303948 0.452878 0.282605 0.46254 0.282022 0.450939 0.279736 0.440309 0.324702 0.484136 0.327109 0.466415 0.328382 0.491973 0.328747 0.457999 0.313921 0.495001 0.305599 0.495069 0.30169 0.489728 0.285262 0.491603 0.282593 0.48128 0.285871 0.480112 0.294218 0.492705 0.279589 0.467149 0.279471 0.451449 0.279855 0.482116 0.277501 0.480429 0.275528 0.460542 0.275426 0.446486 0.277306 0.436295 0.332007 0.518235 0.33345 0.507122 0.335148 0.516475 0.33018 0.506547 0.327784 0.508828 0.287432 0.509354 0.283258 0.506281 0.281368 0.495461 0.269515 0.438296 0.273946 0.42616 0.327582 0.52135 0.330583 0.530327 0.327558 0.536092 0.310891 0.528188 0.305503 0.529497 0.301974 0.549845 0.301736 0.529589 0.294091 0.544562 0.304761 0.51039 0.312428 0.510535 0.293544 0.525408 0.295252 0.514176 0.28713 0.525406 0.281859 0.520905 0.280198 0.505043 0.322407 0.499071 0.27805 0.494182 0.284371 0.538098 0.282473 0.525154 0.292902 0.563665 0.303578 0.559344 0.307172 0.563637 0.28156 0.563293 0.280481 0.555218 0.284929 0.55404 0.312241 0.546728 0.326143 0.54537 0.293731 0.559099 0.284755 0.563426 0.315418 0.5598 0.281792 0.54861 0.280195 0.539099 0.278776 0.528996 0.27712 0.512906 0.277218 0.523093 0.276578 0.504007 0.274518 0.479752 0.275843 0.494354 0.277448 0.563027 0.274924 0.553903 0.326211 0.562634 0.329084 0.553026 0.329206 0.563483 0.269023 0.469402 0.266223 0.427223 0.275155 0.532445 0.270373 0.560955 0.272103 0.516721 0.270996 0.502251 0.269925 0.486581 0.265768 0.452391 0.266757 0.552242 0.266415 0.534831 0.257118 0.439813 0.265439 0.512201 0.267199 0.498272 0.266195 0.483642 0.263919 0.466877 0.263002 0.558574 0.254724 0.453241 0.256094 0.415951 0.26323 0.503935 0.262594 0.487253 0.169838 0.350079 0.160722 0.364921 0.16161 0.35501 0.152568 0.363307 0.158751 0.350373 0.257481 0.46906 0.178142 0.337045 0.179065 0.352252 0.168118 0.345976 0.170624 0.32122 0.179054 0.333242 0.179178 0.314453 0.163702 0.374303 0.15991 0.378448 0.153851 0.35016 0.260621 0.537939 0.260952 0.516276 0.253561 0.435911 0.252784 0.425958 0.172333 0.381765 0.162212 0.384788 0.252911 0.40448 0.176333 0.36489 0.185064 0.357835 0.191441 0.373893 0.196335 0.360732 0.175946 0.376006 0.21531 0.393405 0.210905 0.384377 0.213719 0.383913 0.213441 0.37664 0.204746 0.389105 0.205698 0.374776 0.187096 0.341057 0.211789 0.371179 0.158555 0.397824 0.153702 0.374224 0.143219 0.371588 0.143594 0.362361 0.145693 0.352618 0.256253 0.507317 0.256809 0.489131 0.255968 0.480029 0.0982172 0.396527 0.106409 0.381043 0.107535 0.393453 0.161902 0.398391 0.171123 0.402147 0.150518 0.403324 0.152359 0.389605 0.198211 0.377399 0.252423 0.545581 0.254444 0.499356 0.10069 0.370568 0.095345 0.375481 0.253525 0.463393 0.252704 0.44495 0.14722 0.388721 0.250414 0.408726 0.141373 0.37986 0.211551 0.399277 0.220271 0.397833 0.09241 0.413949 0.0846301 0.401929 0.197938 0.39566 0.204806 0.417826 0.195212 0.408949 0.0736616 0.40569 0.0763331 0.409881 0.0746154 0.393003 0.0355789 0.426346 0.0555365 0.419983 0.0538156 0.435309 0.254715 0.530796 0.252898 0.49585 0.17949 0.401298 0.171595 0.421722 0.0617634 0.414826 0.0614935 0.432597 0.0551771 0.40834 0.251009 0.459039 0.192655 0.399787 0.107012 0.415558 0.0996119 0.418369 0.105038 0.404487 0.250482 0.435925 0.2491 0.422235 0.247313 0.412604 0.17887 0.385996 0.167895 0.435693 0.160383 0.428808 0.152704 0.42981 0.158448 0.408864 0.10798 0.435463 0.104444 0.435718 0.249031 0.396207 0.245778 0.402025 0.162599 0.407906 0.220837 0.4172 0.216618 0.439258 0.214116 0.422727 0.212204 0.433413 0.211352 0.421266 0.140122 0.412669 0.146447 0.401916 0.129791 0.410684 0.136085 0.396415 0.214337 0.410637 0.229626 0.424394 0.223635 0.398253 0.114796 0.416062 0.109194 0.404914 0.228061 0.399242 0.126013 0.39399 0.205144 0.432234 0.117538 0.397906 0.120899 0.393474 0.222856 0.381424 0.0911031 0.387587 0.0812688 0.390823 0.191219 0.381262 0.253761 0.473704 0.239215 0.404342 0.239389 0.39513 0.229307 0.388446 0.143366 0.389721 0.134203 0.388886 0.12491 0.370029 0.126254 0.385135 0.129427 0.381265 0.121074 0.375267 0.115791 0.383043 0.247936 0.432915 0.245499 0.431186 0.163403 0.449733 0.159799 0.437776 0.158048 0.447389 0.0976942 0.448539 0.104733 0.445296 0.151907 0.445382 0.214676 0.468172 0.211496 0.445422 0.252447 0.482738 0.249746 0.471168 0.0621829 0.446964 0.0707084 0.42804 0.104064 0.451787 0.108699 0.446796 0.108698 0.467382 0.11566 0.444512 0.116611 0.426286 0.22328 0.432052 0.240949 0.417506 0.238247 0.429321 0.193047 0.433608 0.144539 0.4309 0.182142 0.420596 0.124384 0.421745 0.131957 0.437477 0.0714495 0.406536 0.17619 0.437974 0.24723 0.457361 0.24533 0.444607 0.0911182 0.446989 0.0903434 0.46543 0.146243 0.462639 0.14447 0.443475 0.162122 0.473373 0.158625 0.465747 0.252628 0.50706 0.250133 0.494246 0.152458 0.473359 0.250348 0.481379 0.136647 0.432446 0.134887 0.451542 0.243048 0.462067 0.0781995 0.430833 0.0827836 0.447913 0.125428 0.453682 0.123791 0.441179 0.0744773 0.442172 0.237627 0.445257 0.120182 0.453956 0.237394 0.458742 0.227529 0.44463 0.116159 0.470898 0.0676572 0.457942 0.0706998 0.441061 0.0710569 0.452626 0.104927 0.470318 0.227562 0.454507 0.203142 0.451255 0.225116 0.468493 0.098429 0.463513 0.19453 0.448298 0.210734 0.465396 0.211569 0.471479 0.0596874 0.473415 0.0476354 0.479062 0.0590095 0.462931 0.00601678 0.448304 0.0179147 0.444821 0.00965989 0.452371 0.0636296 0.465486 0.203791 0.469235 0.177149 0.451693 0.185095 0.462031 0.168485 0.469992 0.0363733 0.462903 0.042998 0.455497 0.0265263 0.475334 0.0277004 0.461157 0.0138417 0.469986 0.0169392 0.461746 0.0873937 0.459505 0.0745166 0.454508 0.0746451 0.426212 0.2527 0.516866 0.0369494 0.439257 0.028566 0.443498 0.0130248 0.436813 0.252085 0.552858 0.220104 0.500729 0.211685 0.491868 0.108391 0.487043 0.105189 0.489068 0.250749 0.530818 0.0680159 0.486552 0.0626535 0.488158 0.250598 0.505559 0.24765 0.480212 0.244951 0.480404 0.0109578 0.491669 0.0151848 0.488954 0.0167427 0.499713 0.245489 0.470657 0.0589574 0.5003 0.0982292 0.47614 0.00620887 0.439943 0.159514 0.487701 0.157785 0.477984 0.148895 0.477461 0.151985 0.494694 0.105821 0.503197 0.247291 0.500398 0.161136 0.496925 0.157818 0.504163 0.113635 0.490134 0.11329 0.503663 0.21203 0.507395 0.243959 0.500509 0.204732 0.492322 0.0973891 0.497777 0.0708577 0.482708 0.0912968 0.477683 0.0798414 0.489548 0.074335 0.471083 0.0798477 0.470263 0.0405903 0.501446 0.0431292 0.512775 0.0331013 0.520305 0.0317233 0.508736 0.227181 0.490051 0.249984 0.519994 0.119268 0.472412 0.0333453 0.499594 0.0371205 0.485295 0.0568301 0.523089 0.0570747 0.510199 0.0612623 0.51869 0.0425629 0.525153 0.196129 0.500265 0.197308 0.480819 0.0170848 0.50941 0.0176101 0.518904 0.0138161 0.514484 0.00606015 0.508111 0.240356 0.490642 0.0898791 0.490005 0.175382 0.485113 0.185728 0.473954 0.166222 0.486857 0.168073 0.505869 0.234005 0.482947 0.00196108 0.494563 0.0034301 0.488522 0.0038134 0.481073 0.196675 0.468944 0.062014 0.507588 0.231586 0.46789 0.0693336 0.50459 0.175509 0.470676 0.211937 0.520488 0.206892 0.520659 0.0725024 0.498719 0.134435 0.503167 0.13659 0.481154 0.143249 0.495768 0.146935 0.502275 0.12119 0.49911 0.122623 0.479706 0.12653 0.498493 0.141804 0.463753 0.248225 0.510983 0.0057146 0.453785 0.0273179 0.486773 0.0134812 0.478498 0.00178581 0.508015 0.00587413 0.479048 0.00585048 0.469954 0.00587496 0.463051 0.133812 0.466275 0.125078 0.461616 0.248049 0.551567 0.156891 0.546401 0.147898 0.52645 0.158336 0.523544 0.169499 0.528088 0.247796 0.534377 0.247245 0.521875 0.154665 0.519061 0.116736 0.518507 0.24549 0.507173 0.14094 0.512871 0.108317 0.5149 0.12436 0.509782 0.10515 0.536775 0.116652 0.532526 0.228801 0.500419 0.104825 0.52613 0.223439 0.51876 0.0610246 0.534357 0.06987 0.53722 0.19858 0.529801 0.0697216 0.514772 0.0955879 0.513206 0.196101 0.513646 0.0899793 0.508641 0.0823587 0.502634 0.184597 0.497057 0.0769434 0.5066 0.165628 0.550543 0.0119431 0.550099 0.00584131 0.539308 0.0142904 0.535648 0.245288 0.55091 0.245117 0.534302 0.244422 0.524465 0.241624 0.535637 0.242319 0.512483 0.233827 0.525753 0.220358 0.531634 0.137529 0.526934 0.233118 0.511172 0.108191 0.554241 0.218134 0.553757 0.210855 0.538722 0.0614499 0.556997 0.0577741 0.55647 0.060006 0.562502 0.0510068 0.557137 0.0553701 0.534299 0.0981072 0.53581 0.103252 0.558395 0.191027 0.53463 0.189015 0.521518 0.0874771 0.525341 0.177608 0.505395 0.0504169 0.547048 0.074486 0.533071 0.0265275 0.546012 0.0242116 0.532927 0.0295568 0.528044 0.0424718 0.537409 0.000971362 0.551948 0 0.53294 0.0292118 0.556103 0.00183333 0.518033 0.229256 0.53964 0.086226 0.535532 0.211322 0.552322 0.202298 0.551705 0.190875 0.544371 0.0341381 0.560705 0.0159994 0.556703 0.0116906 0.556957 0.178645 0.532973 0.012204 0.5266 0.136667 0.537059 0.0066521 0.531309 0.00189899 0.531515 0.00888863 0.524211 0.122214 0.535483 0.187975 0.505521 0.131829 0.562579 0.139419 0.55705 0.145684 0.562684 0.241347 0.547849 0.243728 0.561324 0.236337 0.561369 0.0368792 0.56313 0.224937 0.554732 0.164791 0.561492 0.157727 0.5627 0.157254 0.558505 0.164135 0.558907 0.229168 0.561455 0.0940943 0.561218 0.0863261 0.54775 0.156605 0.555971 0.0271291 0.561144 0.0131599 0.561172 0.0850012 0.558643 0.000102356 0.558304 0.0703065 0.556903 0.141289 0.552017 0.197142 0.559819 0.209657 0.560738 0.202892 0.563753 0.125608 0.559426 0.218853 0.562404 0.117139 0.56519 0.115616 0.558227 0.17396 0.560064 0.173163 0.561657 0.178726 0.558421 0.174543 0.549099 0.149457 0.567027 0.238734 0.565707 0.184278 0.565464 0.176889 0.565654 0.164365 0.565072 0.170542 0.564095 0.099072 0.565199 0.0844183 0.563368 0.18488 0.563527 0.0704261 0.561445 0.067261 0.562193 0.414169 0.657688 0.412239 0.641056 0.417171 0.644092 0.401211 0.642691 0.416646 0.633817 0.410482 0.620918 0.420898 0.653614 0.412887 0.664772 0.394252 0.660057 0.413571 0.672001 0.419138 0.670766 0.38048 0.654633 0.419703 0.632258 0.420736 0.642444 0.418298 0.613228 0.421962 0.614395 0.404309 0.674418 0.384825 0.666561 0.374712 0.667516 0.418208 0.690221 0.416011 0.681397 0.419482 0.687558 0.41559 0.689621 0.407658 0.694785 0.401519 0.683179 0.395027 0.693732 0.382837 0.69111 0.412874 0.68208 0.383325 0.676982 0.376214 0.687461 0.372255 0.675926 0.370307 0.679383 0.369049 0.663497 0.366669 0.6609 0.370832 0.66297 0.422637 0.632827 0.42362 0.629708 0.418559 0.70375 0.414499 0.710551 0.415794 0.699439 0.42178 0.696292 0.406567 0.708847 0.373301 0.697098 0.376028 0.714618 0.370985 0.709288 0.369804 0.694744 0.422217 0.669513 0.422923 0.690365 0.372662 0.687979 0.367363 0.676565 0.368626 0.686407 0.424563 0.652607 0.423938 0.643869 0.364973 0.665211 0.417353 0.713055 0.394904 0.709672 0.384679 0.704567 0.37739 0.700849 0.41958 0.732415 0.417473 0.725493 0.420722 0.719465 0.377412 0.73905 0.382813 0.724361 0.41177 0.738137 0.407827 0.723148 0.415911 0.720478 0.393666 0.735427 0.42271 0.722525 0.42179 0.706419 0.372785 0.721393 0.425205 0.668461 0.364511 0.683429 0.362789 0.669319 0.374495 0.739354 0.372131 0.730997 0.418589 0.753033 0.417399 0.74843 0.421158 0.753018 0.367571 0.710202 0.366397 0.699111 0.42061 0.742608 0.423261 0.736335 0.42491 0.70526 0.426828 0.692512 0.425465 0.692044 0.431382 0.654846 0.399547 0.75081 0.402532 0.754972 0.385384 0.754936 0.392725 0.759039 0.378843 0.760136 0.37847 0.75524 0.3911 0.742741 0.430562 0.636176 0.431109 0.627792 0.424976 0.604501 0.372558 0.758789 0.370091 0.746837 0.367897 0.737873 0.368821 0.727033 0.423796 0.75067 0.42577 0.745255 0.42569 0.730149 0.42837 0.706419 0.405995 0.7574 0.424818 0.754453 0.422207 0.759822 0.366023 0.726208 0.428692 0.727449 0.364404 0.708772 0.429339 0.685285 0.430645 0.66219 0.438125 0.645644 0.362777 0.699654 0.359941 0.680586 0.427506 0.750411 0.364208 0.74839 0.365638 0.757305 0.429739 0.750941 0.356493 0.726156 0.361906 0.720678 0.429684 0.741664 0.43364 0.684887 0.438339 0.694218 0.440717 0.665358 0.437837 0.619612 0.439549 0.629011 0.438689 0.599807 0.359979 0.705384 0.355631 0.69976 0.354827 0.684555 0.430086 0.760062 0.442664 0.721207 0.425686 0.76517 0.350571 0.738271 0.435862 0.730023 0.440823 0.705642 0.441772 0.65381 0.354438 0.707918 0.430805 0.765965 0.440809 0.754429 0.443143 0.603361 0.442811 0.622835 0.354392 0.75441 0.440661 0.75011 0.494101 0.566379 0.490556 0.571141 0.490697 0.557806 0.494659 0.553381 0.483159 0.568414 0.491847 0.581483 0.357992 0.756902 0.440187 0.682012 0.44264 0.644192 0.347514 0.695136 0.444453 0.76339 0.491866 0.609122 0.490506 0.591141 0.494945 0.590871 0.445009 0.654276 0.443688 0.664516 0.44577 0.632869 0.481836 0.583091 0.483936 0.608495 0.464258 0.584337 0.465693 0.609908 0.458562 0.598149 0.445287 0.621872 0.447023 0.600772 0.496865 0.560378 0.495449 0.575357 0.451094 0.584053 0.443712 0.758499 0.444321 0.737622 0.445583 0.664414 0.49261 0.624655 0.495045 0.62181 0.494295 0.605603 0.496339 0.606653 0.498912 0.592573 0.497029 0.58582 0.487106 0.627121 0.474412 0.618269 0.482323 0.625639 0.446954 0.64837 0.447894 0.62488 0.473986 0.602184 0.450047 0.610706 0.449242 0.592435 0.454338 0.610036 0.498568 0.574237 0.500496 0.560251 0.348751 0.707641 0.34562 0.683666 0.44339 0.693955 0.44436 0.675931 0.474106 0.580154 0.348658 0.71641 0.354544 0.756334 0.445593 0.709663 0.446138 0.677932 0.448072 0.661597 0.493596 0.650334 0.492921 0.63714 0.495916 0.636305 0.497488 0.622687 0.497988 0.616242 0.499822 0.605455 0.501286 0.581262 0.48455 0.643553 0.454059 0.638602 0.46903 0.63105 0.465795 0.642435 0.449521 0.637604 0.451204 0.62886 0.350705 0.754591 0.445957 0.722885 0.497305 0.654697 0.498776 0.636041 0.446462 0.694335 0.448543 0.679648 0.486344 0.671194 0.480255 0.662228 0.477152 0.651129 0.475943 0.661918 0.472312 0.646358 0.467791 0.658398 0.453919 0.650181 0.448617 0.67182 0.450077 0.655498 0.500881 0.620663 0.502841 0.585728 0.34319 0.699129 0.341787 0.683643 0.475287 0.632335 0.455877 0.630093 0.502396 0.572738 0.346661 0.723787 0.494021 0.671562 0.446089 0.75155 0.348158 0.753587 0.346176 0.733889 0.44885 0.717413 0.343629 0.716958 0.341989 0.70793 0.494579 0.684408 0.498054 0.681173 0.339973 0.692809 0.501785 0.645842 0.500094 0.652362 0.482421 0.680877 0.449495 0.695616 0.447824 0.709206 0.450945 0.68035 0.451081 0.670963 0.468802 0.674635 0.453708 0.659063 0.453825 0.672031 0.502196 0.633737 0.504074 0.618425 0.504498 0.599248 0.448136 0.73826 0.450492 0.727117 0.450739 0.71047 0.496722 0.7009 0.501523 0.669416 0.501166 0.678171 0.488121 0.697835 0.485398 0.702856 0.4777 0.699795 0.492617 0.702034 0.476932 0.682725 0.469703 0.689905 0.468602 0.70445 0.454772 0.682283 0.451983 0.696059 0.453446 0.691952 0.456971 0.693821 0.510806 0.572392 0.476795 0.670579 0.472822 0.670142 0.506649 0.647438 0.50926 0.619923 0.495887 0.722815 0.493187 0.732164 0.493517 0.713174 0.497749 0.711572 0.500858 0.708128 0.34516 0.752006 0.343234 0.734449 0.450584 0.740004 0.449597 0.746525 0.340641 0.71877 0.489153 0.715977 0.485391 0.721989 0.338824 0.707573 0.336373 0.682405 0.335938 0.693761 0.477174 0.719781 0.456672 0.72575 0.458043 0.713536 0.452725 0.73309 0.453225 0.716493 0.454965 0.704659 0.501262 0.694925 0.5043 0.68605 0.503944 0.658531 0.448815 0.762386 0.450311 0.75598 0.512719 0.581944 0.498248 0.732257 0.495975 0.738854 0.49882 0.722137 0.342504 0.75236 0.478571 0.75455 0.478132 0.750481 0.493534 0.752134 0.340032 0.73057 0.475142 0.738577 0.465773 0.753333 0.479733 0.737691 0.452442 0.747895 0.467865 0.73208 0.455314 0.737703 0.504108 0.67746 0.511691 0.562018 0.512028 0.60626 0.494519 0.755238 0.497906 0.753312 0.455462 0.759938 0.466032 0.757979 0.481024 0.758162 0.499631 0.744295 0.459906 0.753584 0.501647 0.721508 0.504429 0.700116 0.340455 0.752717 0.337573 0.73641 0.508154 0.671046 0.495783 0.759677 0.499055 0.755788 0.47273 0.759601 0.503256 0.737018 0.504297 0.726148 0.505579 0.713656 0.462906 0.760563 0.512679 0.642017 0.480726 0.763307 0.503116 0.752625 0.516068 0.686477 0.501589 0.763876 0.507648 0.740756 0.525408 0.572913 0.522282 0.560516 0.522548 0.544431 0.511573 0.538086 0.515813 0.70061 0.517275 0.617876 0.524392 0.608504 0.523415 0.597035 0.516294 0.65736 0.516302 0.671279 0.519589 0.644301 0.508999 0.757961 0.524336 0.627523 0.524088 0.586065 0.512387 0.728435 0.512119 0.753868 0.517616 0.713804 0.504257 0.769304 0.527052 0.562359 0.524098 0.674592 0.514809 0.746227 0.529331 0.560988 0.529823 0.543155 0.528214 0.583078 0.52466 0.657343 0.525977 0.640358 0.526013 0.5964 0.552571 0.575054 0.562319 0.558371 0.561591 0.581849 0.530269 0.572891 0.525807 0.696252 0.525735 0.673619 0.527295 0.613371 0.570448 0.593543 0.571217 0.575076 0.574527 0.594488 0.578077 0.583267 0.532633 0.557033 0.528663 0.597873 0.576264 0.563499 0.566091 0.575203 0.518202 0.7279 0.521242 0.725037 0.512234 0.765604 0.528311 0.637087 0.52887 0.650682 0.529516 0.611523 0.56696 0.602969 0.571447 0.60881 0.569023 0.621163 0.587172 0.575753 0.587921 0.590796 0.549697 0.559985 0.562861 0.60565 0.540856 0.570952 0.54754 0.585933 0.53441 0.575027 0.531868 0.586128 0.532389 0.571494 0.532604 0.604725 0.53753 0.563917 0.535024 0.5905 0.522802 0.753454 0.597857 0.599447 0.587378 0.60381 0.528416 0.67795 0.572929 0.627567 0.571379 0.63939 0.56415 0.636519 0.578038 0.644352 0.580795 0.618418 0.574414 0.611524 0.531239 0.646339 0.530595 0.63309 0.5318 0.616958 0.580838 0.600891 0.55017 0.607561 0.557043 0.59432 0.544987 0.596615 0.535416 0.606956 0.524301 0.707321 0.597851 0.586506 0.529043 0.666731 0.524755 0.758173 0.573794 0.655102 0.567447 0.648038 0.531508 0.653744 0.515782 0.76664 0.518502 0.763912 0.5878 0.64193 0.560802 0.630819 0.553482 0.627369 0.533657 0.638016 0.533542 0.628005 0.545169 0.614749 0.543512 0.630553 0.53628 0.623273 0.607619 0.622221 0.609993 0.633171 0.591368 0.628474 0.597584 0.615595 0.529656 0.697632 0.531737 0.676296 0.574379 0.675138 0.583254 0.664973 0.518279 0.765226 0.571461 0.672889 0.523835 0.741307 0.597603 0.645083 0.566073 0.65925 0.554205 0.660495 0.56059 0.671828 0.554301 0.646334 0.532344 0.667746 0.534263 0.653191 0.536809 0.646448 0.544397 0.648435 0.553748 0.639288 0.544498 0.640154 0.546571 0.634631 0.536973 0.634888 0.630404 0.67426 0.6263 0.674954 0.628786 0.661961 0.617181 0.674663 0.619406 0.651165 0.613377 0.667558 0.608504 0.666274 0.610808 0.645142 0.618925 0.631454 0.6035 0.639572 0.59154 0.664442 0.542283 0.661686 0.546369 0.659048 0.525347 0.728521 0.527274 0.713159 0.532392 0.69057 0.570182 0.682382 0.574204 0.686407 0.573594 0.699131 0.582228 0.680835 0.56553 0.695227 0.520124 0.765671 0.52473 0.763348 0.56377 0.678821 0.530149 0.707499 0.629463 0.691744 0.637915 0.693636 0.629916 0.707653 0.527999 0.724787 0.620939 0.692742 0.639063 0.67344 0.596426 0.673704 0.589441 0.68461 0.589055 0.67323 0.554067 0.668928 0.54126 0.676021 0.537906 0.66908 0.535231 0.676295 0.538004 0.656062 0.53549 0.683495 0.621059 0.7144 0.581248 0.699615 0.571275 0.72164 0.564006 0.716152 0.628464 0.717031 0.576182 0.715983 0.526187 0.753035 0.528012 0.739243 0.529876 0.727522 0.531161 0.712588 0.638614 0.722548 0.555852 0.706395 0.554905 0.680288 0.533242 0.703354 0.546239 0.687503 0.538868 0.696608 0.535501 0.696693 0.613051 0.691636 0.612947 0.699616 0.592927 0.696553 0.609381 0.675847 0.604395 0.690203 0.632283 0.720843 0.592318 0.706956 0.584065 0.727169 0.530398 0.737024 0.533014 0.723412 0.534282 0.716367 0.535651 0.707517 0.622877 0.742825 0.628009 0.728727 0.630087 0.743046 0.649587 0.705471 0.611325 0.71665 0.531127 0.757032 0.574683 0.731828 0.570298 0.747539 0.532572 0.739603 0.588725 0.739991 0.55661 0.722378 0.535973 0.738308 0.537314 0.726016 0.53641 0.717451 0.54553 0.719071 0.547269 0.70335 0.539272 0.705938 0.639685 0.7414 0.632643 0.760581 0.631335 0.73436 0.647966 0.722277 0.609377 0.74142 0.609452 0.726674 0.604097 0.704974 0.628113 0.760369 0.650417 0.741179 0.596069 0.73355 0.575173 0.749444 0.571497 0.759179 0.551523 0.741013 0.551088 0.732739 0.532034 0.761993 0.536141 0.755711 0.607979 0.765264 0.620756 0.758287 0.617981 0.76495 0.552436 0.755972 0.539509 0.737251 0.679518 0.760633 0.672204 0.766558 0.672235 0.759431 0.585526 0.763111 0.59243 0.752745 0.651903 0.762646 0.666817 0.744355 0.656056 0.766772 0.571094 0.762675 0.558869 0.764003 0.641076 0.766179 0.552032 0.763974 0.631483 0.764872 0.541592 0.763025 0.681682 0.753315 0.599939 0.762596"/>
   </IndexedFaceSet>
  </Shape>
 </Scene>
</X3D>
